index		ROC		HalfROC		seq		layer		chiring(u)		chiphi(v)		itype		Trig.-Out		TC		modiring		modiphi		t		
69		0		1		33		34		18		0		J8		4		3		0		1
71		0		1		35		34		18		1		J8		4		3		0		1
65		0		1		29		34		18		2		J8		4		2		0		1
67		0		1		31		34		18		3		J8		4		2		0		1
60		0		1		24		34		18		4		J8		4		1		0		1
62		0		1		26		34		18		5		J8		4		1		0		1
56		0		1		20		34		18		6		J8		4		0		0		1
58		0		1		22		34		18		7		J8		4		0		0		1
68		0		1		32		34		19		0		J8		4		3		0		1
70		0		1		34		34		19		1		J8		4		3		0		1
63		0		1		27		34		-1		-1		J8		-1		-1		0		-1
64		0		1		28		34		19		2		J8		4		2		0		1
66		0		1		30		34		19		3		J8		4		2		0		1
59		0		1		23		34		19		4		J8		4		1		0		1
61		0		1		25		34		19		5		J8		4		1		0		1
53		0		1		17		34		-1		-1		J8		-1		-1		0		-1
54		0		1		18		34		-1		-1		J8		-1		-1		0		-1
55		0		1		19		34		19		6		J8		4		0		0		1
57		0		1		21		34		19		7		J8		4		0		0		1
41		0		1		5		34		20		0		J8		3		1		0		1
43		0		1		7		34		20		1		J8		3		1		0		1
37		0		1		1		34		20		2		J8		3		0		0		1
39		0		1		3		34		20		3		J8		3		0		0		1
50		0		1		14		34		20		4		J8		3		3		0		1
52		0		1		16		34		20		5		J8		3		3		0		1
46		0		1		10		34		20		6		J8		3		2		0		1
48		0		1		12		34		20		7		J8		3		2		0		1
40		0		1		4		34		21		0		J8		3		1		0		1
42		0		1		6		34		21		1		J8		3		1		0		1
36		0		1		0		34		21		2		J8		3		0		0		1
38		0		1		2		34		21		3		J8		3		0		0		1
49		0		1		13		34		21		4		J8		3		3		0		1
51		0		1		15		34		21		5		J8		3		3		0		1
44		0		1		8		34		-1		-1		J8		-1		-1		0		-1
45		0		1		9		34		21		6		J8		3		2		0		1
47		0		1		11		34		21		7		J8		3		2		0		1
20		0		0		20		34		22		0		J8		2		0		0		1
22		0		0		22		34		22		1		J8		2		0		0		1
33		0		0		33		34		22		2		J8		2		3		0		1
35		0		0		35		34		22		3		J8		2		3		0		1
29		0		0		29		34		22		4		J8		2		2		0		1
31		0		0		31		34		22		5		J8		2		2		0		1
24		0		0		24		34		22		6		J8		2		1		0		1
26		0		0		26		34		22		7		J8		2		1		0		1
17		0		0		17		34		-1		-1		J8		-1		-1		0		-1
18		0		0		18		34		-1		-1		J8		-1		-1		0		-1
19		0		0		19		34		23		0		J8		2		0		0		1
21		0		0		21		34		23		1		J8		2		0		0		1
32		0		0		32		34		23		2		J8		2		3		0		1
34		0		0		34		34		23		3		J8		2		3		0		1
27		0		0		27		34		-1		-1		J8		-1		-1		0		-1
28		0		0		28		34		23		4		J8		2		2		0		1
30		0		0		30		34		23		5		J8		2		2		0		1
23		0		0		23		34		23		6		J8		2		1		0		1
25		0		0		25		34		23		7		J8		2		1		0		1
14		0		0		14		34		24		0		J8		1		3		0		1
16		0		0		16		34		24		1		J8		1		3		0		1
10		0		0		10		34		24		2		J8		1		2		0		1
12		0		0		12		34		24		3		J8		1		2		0		1
1		0		0		1		34		24		4		J8		1		0		0		1
3		0		0		3		34		24		5		J8		1		0		0		1
5		0		0		5		34		24		6		J8		1		1		0		1
7		0		0		7		34		24		7		J8		1		1		0		1
8		0		0		8		34		-1		-1		J8		-1		-1		0		-1
13		0		0		13		34		25		0		J8		1		3		0		1
15		0		0		15		34		25		1		J8		1		3		0		1
9		0		0		9		34		25		2		J8		1		2		0		1
11		0		0		11		34		25		3		J8		1		2		0		1
0		0		0		0		34		25		4		J8		1		0		0		1
2		0		0		2		34		25		5		J8		1		0		0		1
4		0		0		4		34		25		6		J8		1		1		0		1
6		0		0		6		34		25		7		J8		1		1		0		1
20		0		0		20		34		26		0		K4		2		0		1		1
22		0		0		22		34		26		1		K4		2		0		1		1
33		0		0		33		34		26		2		K4		2		3		1		1
35		0		0		35		34		26		3		K4		2		3		1		1
29		0		0		29		34		26		4		K4		2		2		1		1
31		0		0		31		34		26		5		K4		2		2		1		1
24		0		0		24		34		26		6		K4		2		1		1		1
26		0		0		26		34		26		7		K4		2		1		1		1
17		0		0		17		34		-1		-1		K4		-1		-1		1		-1
18		0		0		18		34		-1		-1		K4		-1		-1		1		-1
19		0		0		19		34		27		0		K4		2		0		1		1
21		0		0		21		34		27		1		K4		2		0		1		1
32		0		0		32		34		27		2		K4		2		3		1		1
34		0		0		34		34		27		3		K4		2		3		1		1
27		0		0		27		34		-1		-1		K4		-1		-1		1		-1
28		0		0		28		34		27		4		K4		2		2		1		1
30		0		0		30		34		27		5		K4		2		2		1		1
23		0		0		23		34		27		6		K4		2		1		1		1
25		0		0		25		34		27		7		K4		2		1		1		1
14		0		0		14		34		28		0		K4		1		3		1		1
16		0		0		16		34		28		1		K4		1		3		1		1
10		0		0		10		34		28		2		K4		1		2		1		1
12		0		0		12		34		28		3		K4		1		2		1		1
1		0		0		1		34		28		4		K4		1		0		1		1
3		0		0		3		34		28		5		K4		1		0		1		1
5		0		0		5		34		28		6		K4		1		1		1		1
7		0		0		7		34		28		7		K4		1		1		1		1
8		0		0		8		34		-1		-1		K4		-1		-1		1		-1
13		0		0		13		34		29		0		K4		1		3		1		1
15		0		0		15		34		29		1		K4		1		3		1		1
9		0		0		9		34		29		2		K4		1		2		1		1
11		0		0		11		34		29		3		K4		1		2		1		1
0		0		0		0		34		29		4		K4		1		0		1		1
2		0		0		2		34		29		5		K4		1		0		1		1
4		0		0		4		34		29		6		K4		1		1		1		1
6		0		0		6		34		29		7		K4		1		1		1		1
69		0		1		33		35		18		0		J8		4		3		0		1
71		0		1		35		35		18		1		J8		4		3		0		1
65		0		1		29		35		18		2		J8		4		2		0		1
67		0		1		31		35		18		3		J8		4		2		0		1
60		0		1		24		35		18		4		J8		4		1		0		1
62		0		1		26		35		18		5		J8		4		1		0		1
56		0		1		20		35		18		6		J8		4		0		0		1
58		0		1		22		35		18		7		J8		4		0		0		1
68		0		1		32		35		19		0		J8		4		3		0		1
70		0		1		34		35		19		1		J8		4		3		0		1
63		0		1		27		35		-1		-1		J8		-1		-1		0		-1
64		0		1		28		35		19		2		J8		4		2		0		1
66		0		1		30		35		19		3		J8		4		2		0		1
59		0		1		23		35		19		4		J8		4		1		0		1
61		0		1		25		35		19		5		J8		4		1		0		1
53		0		1		17		35		-1		-1		J8		-1		-1		0		-1
54		0		1		18		35		-1		-1		J8		-1		-1		0		-1
55		0		1		19		35		19		6		J8		4		0		0		1
57		0		1		21		35		19		7		J8		4		0		0		1
41		0		1		5		35		20		0		J8		3		1		0		1
43		0		1		7		35		20		1		J8		3		1		0		1
37		0		1		1		35		20		2		J8		3		0		0		1
39		0		1		3		35		20		3		J8		3		0		0		1
50		0		1		14		35		20		4		J8		3		3		0		1
52		0		1		16		35		20		5		J8		3		3		0		1
46		0		1		10		35		20		6		J8		3		2		0		1
48		0		1		12		35		20		7		J8		3		2		0		1
40		0		1		4		35		21		0		J8		3		1		0		1
42		0		1		6		35		21		1		J8		3		1		0		1
36		0		1		0		35		21		2		J8		3		0		0		1
38		0		1		2		35		21		3		J8		3		0		0		1
49		0		1		13		35		21		4		J8		3		3		0		1
51		0		1		15		35		21		5		J8		3		3		0		1
44		0		1		8		35		-1		-1		J8		-1		-1		0		-1
45		0		1		9		35		21		6		J8		3		2		0		1
47		0		1		11		35		21		7		J8		3		2		0		1
20		0		0		20		35		22		0		J8		2		0		0		1
22		0		0		22		35		22		1		J8		2		0		0		1
33		0		0		33		35		22		2		J8		2		3		0		1
35		0		0		35		35		22		3		J8		2		3		0		1
29		0		0		29		35		22		4		J8		2		2		0		1
31		0		0		31		35		22		5		J8		2		2		0		1
24		0		0		24		35		22		6		J8		2		1		0		1
26		0		0		26		35		22		7		J8		2		1		0		1
17		0		0		17		35		-1		-1		J8		-1		-1		0		-1
18		0		0		18		35		-1		-1		J8		-1		-1		0		-1
19		0		0		19		35		23		0		J8		2		0		0		1
21		0		0		21		35		23		1		J8		2		0		0		1
32		0		0		32		35		23		2		J8		2		3		0		1
34		0		0		34		35		23		3		J8		2		3		0		1
27		0		0		27		35		-1		-1		J8		-1		-1		0		-1
28		0		0		28		35		23		4		J8		2		2		0		1
30		0		0		30		35		23		5		J8		2		2		0		1
23		0		0		23		35		23		6		J8		2		1		0		1
25		0		0		25		35		23		7		J8		2		1		0		1
14		0		0		14		35		24		0		J8		1		3		0		1
16		0		0		16		35		24		1		J8		1		3		0		1
10		0		0		10		35		24		2		J8		1		2		0		1
12		0		0		12		35		24		3		J8		1		2		0		1
1		0		0		1		35		24		4		J8		1		0		0		1
3		0		0		3		35		24		5		J8		1		0		0		1
5		0		0		5		35		24		6		J8		1		1		0		1
7		0		0		7		35		24		7		J8		1		1		0		1
8		0		0		8		35		-1		-1		J8		-1		-1		0		-1
13		0		0		13		35		25		0		J8		1		3		0		1
15		0		0		15		35		25		1		J8		1		3		0		1
9		0		0		9		35		25		2		J8		1		2		0		1
11		0		0		11		35		25		3		J8		1		2		0		1
0		0		0		0		35		25		4		J8		1		0		0		1
2		0		0		2		35		25		5		J8		1		0		0		1
4		0		0		4		35		25		6		J8		1		1		0		1
6		0		0		6		35		25		7		J8		1		1		0		1
41		0		1		5		35		26		0		K6		3		1		1		1
43		0		1		7		35		26		1		K6		3		1		1		1
37		0		1		1		35		26		2		K6		3		0		1		1
39		0		1		3		35		26		3		K6		3		0		1		1
50		0		1		14		35		26		4		K6		3		3		1		1
52		0		1		16		35		26		5		K6		3		3		1		1
46		0		1		10		35		26		6		K6		3		2		1		1
48		0		1		12		35		26		7		K6		3		2		1		1
40		0		1		4		35		27		0		K6		3		1		1		1
42		0		1		6		35		27		1		K6		3		1		1		1
36		0		1		0		35		27		2		K6		3		0		1		1
38		0		1		2		35		27		3		K6		3		0		1		1
49		0		1		13		35		27		4		K6		3		3		1		1
51		0		1		15		35		27		5		K6		3		3		1		1
44		0		1		8		35		-1		-1		K6		-1		-1		1		-1
45		0		1		9		35		27		6		K6		3		2		1		1
47		0		1		11		35		27		7		K6		3		2		1		1
20		0		0		20		35		28		0		K6		2		0		1		1
22		0		0		22		35		28		1		K6		2		0		1		1
33		0		0		33		35		28		2		K6		2		3		1		1
35		0		0		35		35		28		3		K6		2		3		1		1
29		0		0		29		35		28		4		K6		2		2		1		1
31		0		0		31		35		28		5		K6		2		2		1		1
24		0		0		24		35		28		6		K6		2		1		1		1
26		0		0		26		35		28		7		K6		2		1		1		1
17		0		0		17		35		-1		-1		K6		-1		-1		1		-1
18		0		0		18		35		-1		-1		K6		-1		-1		1		-1
19		0		0		19		35		29		0		K6		2		0		1		1
21		0		0		21		35		29		1		K6		2		0		1		1
32		0		0		32		35		29		2		K6		2		3		1		1
34		0		0		34		35		29		3		K6		2		3		1		1
27		0		0		27		35		-1		-1		K6		-1		-1		1		-1
28		0		0		28		35		29		4		K6		2		2		1		1
30		0		0		30		35		29		5		K6		2		2		1		1
23		0		0		23		35		29		6		K6		2		1		1		1
25		0		0		25		35		29		7		K6		2		1		1		1
14		0		0		14		35		30		0		K6		1		3		1		1
16		0		0		16		35		30		1		K6		1		3		1		1
10		0		0		10		35		30		2		K6		1		2		1		1
12		0		0		12		35		30		3		K6		1		2		1		1
1		0		0		1		35		30		4		K6		1		0		1		1
3		0		0		3		35		30		5		K6		1		0		1		1
5		0		0		5		35		30		6		K6		1		1		1		1
7		0		0		7		35		30		7		K6		1		1		1		1
8		0		0		8		35		-1		-1		K6		-1		-1		1		-1
13		0		0		13		35		31		0		K6		1		3		1		1
15		0		0		15		35		31		1		K6		1		3		1		1
9		0		0		9		35		31		2		K6		1		2		1		1
11		0		0		11		35		31		3		K6		1		2		1		1
0		0		0		0		35		31		4		K6		1		0		1		1
2		0		0		2		35		31		5		K6		1		0		1		1
4		0		0		4		35		31		6		K6		1		1		1		1
6		0		0		6		35		31		7		K6		1		1		1		1
69		0		1		33		36		18		0		J8		4		3		0		1
71		0		1		35		36		18		1		J8		4		3		0		1
65		0		1		29		36		18		2		J8		4		2		0		1
67		0		1		31		36		18		3		J8		4		2		0		1
60		0		1		24		36		18		4		J8		4		1		0		1
62		0		1		26		36		18		5		J8		4		1		0		1
56		0		1		20		36		18		6		J8		4		0		0		1
58		0		1		22		36		18		7		J8		4		0		0		1
68		0		1		32		36		19		0		J8		4		3		0		1
70		0		1		34		36		19		1		J8		4		3		0		1
63		0		1		27		36		-1		-1		J8		-1		-1		0		-1
64		0		1		28		36		19		2		J8		4		2		0		1
66		0		1		30		36		19		3		J8		4		2		0		1
59		0		1		23		36		19		4		J8		4		1		0		1
61		0		1		25		36		19		5		J8		4		1		0		1
53		0		1		17		36		-1		-1		J8		-1		-1		0		-1
54		0		1		18		36		-1		-1		J8		-1		-1		0		-1
55		0		1		19		36		19		6		J8		4		0		0		1
57		0		1		21		36		19		7		J8		4		0		0		1
41		0		1		5		36		20		0		J8		3		1		0		1
43		0		1		7		36		20		1		J8		3		1		0		1
37		0		1		1		36		20		2		J8		3		0		0		1
39		0		1		3		36		20		3		J8		3		0		0		1
50		0		1		14		36		20		4		J8		3		3		0		1
52		0		1		16		36		20		5		J8		3		3		0		1
46		0		1		10		36		20		6		J8		3		2		0		1
48		0		1		12		36		20		7		J8		3		2		0		1
40		0		1		4		36		21		0		J8		3		1		0		1
42		0		1		6		36		21		1		J8		3		1		0		1
36		0		1		0		36		21		2		J8		3		0		0		1
38		0		1		2		36		21		3		J8		3		0		0		1
49		0		1		13		36		21		4		J8		3		3		0		1
51		0		1		15		36		21		5		J8		3		3		0		1
44		0		1		8		36		-1		-1		J8		-1		-1		0		-1
45		0		1		9		36		21		6		J8		3		2		0		1
47		0		1		11		36		21		7		J8		3		2		0		1
20		0		0		20		36		22		0		J8		2		0		0		1
22		0		0		22		36		22		1		J8		2		0		0		1
33		0		0		33		36		22		2		J8		2		3		0		1
35		0		0		35		36		22		3		J8		2		3		0		1
29		0		0		29		36		22		4		J8		2		2		0		1
31		0		0		31		36		22		5		J8		2		2		0		1
24		0		0		24		36		22		6		J8		2		1		0		1
26		0		0		26		36		22		7		J8		2		1		0		1
17		0		0		17		36		-1		-1		J8		-1		-1		0		-1
18		0		0		18		36		-1		-1		J8		-1		-1		0		-1
19		0		0		19		36		23		0		J8		2		0		0		1
21		0		0		21		36		23		1		J8		2		0		0		1
32		0		0		32		36		23		2		J8		2		3		0		1
34		0		0		34		36		23		3		J8		2		3		0		1
27		0		0		27		36		-1		-1		J8		-1		-1		0		-1
28		0		0		28		36		23		4		J8		2		2		0		1
30		0		0		30		36		23		5		J8		2		2		0		1
23		0		0		23		36		23		6		J8		2		1		0		1
25		0		0		25		36		23		7		J8		2		1		0		1
14		0		0		14		36		24		0		J8		1		3		0		1
16		0		0		16		36		24		1		J8		1		3		0		1
10		0		0		10		36		24		2		J8		1		2		0		1
12		0		0		12		36		24		3		J8		1		2		0		1
1		0		0		1		36		24		4		J8		1		0		0		1
3		0		0		3		36		24		5		J8		1		0		0		1
5		0		0		5		36		24		6		J8		1		1		0		1
7		0		0		7		36		24		7		J8		1		1		0		1
8		0		0		8		36		-1		-1		J8		-1		-1		0		-1
13		0		0		13		36		25		0		J8		1		3		0		1
15		0		0		15		36		25		1		J8		1		3		0		1
9		0		0		9		36		25		2		J8		1		2		0		1
11		0		0		11		36		25		3		J8		1		2		0		1
0		0		0		0		36		25		4		J8		1		0		0		1
2		0		0		2		36		25		5		J8		1		0		0		1
4		0		0		4		36		25		6		J8		1		1		0		1
6		0		0		6		36		25		7		J8		1		1		0		1
68		0		1		32		36		26		0		K7		4		3		1		1
70		0		1		34		36		26		1		K7		4		3		1		1
63		0		1		27		36		-1		-1		K7		-1		-1		1		-1
64		0		1		28		36		26		2		K7		4		2		1		1
66		0		1		30		36		26		3		K7		4		2		1		1
59		0		1		23		36		26		4		K7		4		1		1		1
61		0		1		25		36		26		5		K7		4		1		1		1
53		0		1		17		36		-1		-1		K7		-1		-1		1		-1
54		0		1		18		36		-1		-1		K7		-1		-1		1		-1
55		0		1		19		36		26		6		K7		4		0		1		1
57		0		1		21		36		26		7		K7		4		0		1		1
41		0		1		5		36		27		0		K7		3		1		1		1
43		0		1		7		36		27		1		K7		3		1		1		1
37		0		1		1		36		27		2		K7		3		0		1		1
39		0		1		3		36		27		3		K7		3		0		1		1
50		0		1		14		36		27		4		K7		3		3		1		1
52		0		1		16		36		27		5		K7		3		3		1		1
46		0		1		10		36		27		6		K7		3		2		1		1
48		0		1		12		36		27		7		K7		3		2		1		1
40		0		1		4		36		28		0		K7		3		1		1		1
42		0		1		6		36		28		1		K7		3		1		1		1
36		0		1		0		36		28		2		K7		3		0		1		1
38		0		1		2		36		28		3		K7		3		0		1		1
49		0		1		13		36		28		4		K7		3		3		1		1
51		0		1		15		36		28		5		K7		3		3		1		1
44		0		1		8		36		-1		-1		K7		-1		-1		1		-1
45		0		1		9		36		28		6		K7		3		2		1		1
47		0		1		11		36		28		7		K7		3		2		1		1
20		0		0		20		36		29		0		K7		2		0		1		1
22		0		0		22		36		29		1		K7		2		0		1		1
33		0		0		33		36		29		2		K7		2		3		1		1
35		0		0		35		36		29		3		K7		2		3		1		1
29		0		0		29		36		29		4		K7		2		2		1		1
31		0		0		31		36		29		5		K7		2		2		1		1
24		0		0		24		36		29		6		K7		2		1		1		1
26		0		0		26		36		29		7		K7		2		1		1		1
17		0		0		17		36		-1		-1		K7		-1		-1		1		-1
18		0		0		18		36		-1		-1		K7		-1		-1		1		-1
19		0		0		19		36		30		0		K7		2		0		1		1
21		0		0		21		36		30		1		K7		2		0		1		1
32		0		0		32		36		30		2		K7		2		3		1		1
34		0		0		34		36		30		3		K7		2		3		1		1
27		0		0		27		36		-1		-1		K7		-1		-1		1		-1
28		0		0		28		36		30		4		K7		2		2		1		1
30		0		0		30		36		30		5		K7		2		2		1		1
23		0		0		23		36		30		6		K7		2		1		1		1
25		0		0		25		36		30		7		K7		2		1		1		1
14		0		0		14		36		31		0		K7		1		3		1		1
16		0		0		16		36		31		1		K7		1		3		1		1
10		0		0		10		36		31		2		K7		1		2		1		1
12		0		0		12		36		31		3		K7		1		2		1		1
1		0		0		1		36		31		4		K7		1		0		1		1
3		0		0		3		36		31		5		K7		1		0		1		1
5		0		0		5		36		31		6		K7		1		1		1		1
7		0		0		7		36		31		7		K7		1		1		1		1
8		0		0		8		36		-1		-1		K7		-1		-1		1		-1
13		0		0		13		36		32		0		K7		1		3		1		1
15		0		0		15		36		32		1		K7		1		3		1		1
9		0		0		9		36		32		2		K7		1		2		1		1
11		0		0		11		36		32		3		K7		1		2		1		1
0		0		0		0		36		32		4		K7		1		0		1		1
2		0		0		2		36		32		5		K7		1		0		1		1
4		0		0		4		36		32		6		K7		1		1		1		1
6		0		0		6		36		32		7		K7		1		1		1		1
69		0		1		33		37		18		0		J8		4		3		0		1
71		0		1		35		37		18		1		J8		4		3		0		1
65		0		1		29		37		18		2		J8		4		2		0		1
67		0		1		31		37		18		3		J8		4		2		0		1
60		0		1		24		37		18		4		J8		4		1		0		1
62		0		1		26		37		18		5		J8		4		1		0		1
56		0		1		20		37		18		6		J8		4		0		0		1
58		0		1		22		37		18		7		J8		4		0		0		1
68		0		1		32		37		19		0		J8		4		3		0		1
70		0		1		34		37		19		1		J8		4		3		0		1
63		0		1		27		37		-1		-1		J8		-1		-1		0		-1
64		0		1		28		37		19		2		J8		4		2		0		1
66		0		1		30		37		19		3		J8		4		2		0		1
59		0		1		23		37		19		4		J8		4		1		0		1
61		0		1		25		37		19		5		J8		4		1		0		1
53		0		1		17		37		-1		-1		J8		-1		-1		0		-1
54		0		1		18		37		-1		-1		J8		-1		-1		0		-1
55		0		1		19		37		19		6		J8		4		0		0		1
57		0		1		21		37		19		7		J8		4		0		0		1
41		0		1		5		37		20		0		J8		3		1		0		1
43		0		1		7		37		20		1		J8		3		1		0		1
37		0		1		1		37		20		2		J8		3		0		0		1
39		0		1		3		37		20		3		J8		3		0		0		1
50		0		1		14		37		20		4		J8		3		3		0		1
52		0		1		16		37		20		5		J8		3		3		0		1
46		0		1		10		37		20		6		J8		3		2		0		1
48		0		1		12		37		20		7		J8		3		2		0		1
40		0		1		4		37		21		0		J8		3		1		0		1
42		0		1		6		37		21		1		J8		3		1		0		1
36		0		1		0		37		21		2		J8		3		0		0		1
38		0		1		2		37		21		3		J8		3		0		0		1
49		0		1		13		37		21		4		J8		3		3		0		1
51		0		1		15		37		21		5		J8		3		3		0		1
44		0		1		8		37		-1		-1		J8		-1		-1		0		-1
45		0		1		9		37		21		6		J8		3		2		0		1
47		0		1		11		37		21		7		J8		3		2		0		1
20		0		0		20		37		22		0		J8		2		0		0		1
22		0		0		22		37		22		1		J8		2		0		0		1
33		0		0		33		37		22		2		J8		2		3		0		1
35		0		0		35		37		22		3		J8		2		3		0		1
29		0		0		29		37		22		4		J8		2		2		0		1
31		0		0		31		37		22		5		J8		2		2		0		1
24		0		0		24		37		22		6		J8		2		1		0		1
26		0		0		26		37		22		7		J8		2		1		0		1
17		0		0		17		37		-1		-1		J8		-1		-1		0		-1
18		0		0		18		37		-1		-1		J8		-1		-1		0		-1
19		0		0		19		37		23		0		J8		2		0		0		1
21		0		0		21		37		23		1		J8		2		0		0		1
32		0		0		32		37		23		2		J8		2		3		0		1
34		0		0		34		37		23		3		J8		2		3		0		1
27		0		0		27		37		-1		-1		J8		-1		-1		0		-1
28		0		0		28		37		23		4		J8		2		2		0		1
30		0		0		30		37		23		5		J8		2		2		0		1
23		0		0		23		37		23		6		J8		2		1		0		1
25		0		0		25		37		23		7		J8		2		1		0		1
14		0		0		14		37		24		0		J8		1		3		0		1
16		0		0		16		37		24		1		J8		1		3		0		1
10		0		0		10		37		24		2		J8		1		2		0		1
12		0		0		12		37		24		3		J8		1		2		0		1
1		0		0		1		37		24		4		J8		1		0		0		1
3		0		0		3		37		24		5		J8		1		0		0		1
5		0		0		5		37		24		6		J8		1		1		0		1
7		0		0		7		37		24		7		J8		1		1		0		1
8		0		0		8		37		-1		-1		J8		-1		-1		0		-1
13		0		0		13		37		25		0		J8		1		3		0		1
15		0		0		15		37		25		1		J8		1		3		0		1
9		0		0		9		37		25		2		J8		1		2		0		1
11		0		0		11		37		25		3		J8		1		2		0		1
0		0		0		0		37		25		4		J8		1		0		0		1
2		0		0		2		37		25		5		J8		1		0		0		1
4		0		0		4		37		25		6		J8		1		1		0		1
6		0		0		6		37		25		7		J8		1		1		0		1
69		0		1		33		37		26		0		K8		4		3		1		1
71		0		1		35		37		26		1		K8		4		3		1		1
65		0		1		29		37		26		2		K8		4		2		1		1
67		0		1		31		37		26		3		K8		4		2		1		1
60		0		1		24		37		26		4		K8		4		1		1		1
62		0		1		26		37		26		5		K8		4		1		1		1
56		0		1		20		37		26		6		K8		4		0		1		1
58		0		1		22		37		26		7		K8		4		0		1		1
68		0		1		32		37		27		0		K8		4		3		1		1
70		0		1		34		37		27		1		K8		4		3		1		1
63		0		1		27		37		-1		-1		K8		-1		-1		1		-1
64		0		1		28		37		27		2		K8		4		2		1		1
66		0		1		30		37		27		3		K8		4		2		1		1
59		0		1		23		37		27		4		K8		4		1		1		1
61		0		1		25		37		27		5		K8		4		1		1		1
53		0		1		17		37		-1		-1		K8		-1		-1		1		-1
54		0		1		18		37		-1		-1		K8		-1		-1		1		-1
55		0		1		19		37		27		6		K8		4		0		1		1
57		0		1		21		37		27		7		K8		4		0		1		1
41		0		1		5		37		28		0		K8		3		1		1		1
43		0		1		7		37		28		1		K8		3		1		1		1
37		0		1		1		37		28		2		K8		3		0		1		1
39		0		1		3		37		28		3		K8		3		0		1		1
50		0		1		14		37		28		4		K8		3		3		1		1
52		0		1		16		37		28		5		K8		3		3		1		1
46		0		1		10		37		28		6		K8		3		2		1		1
48		0		1		12		37		28		7		K8		3		2		1		1
40		0		1		4		37		29		0		K8		3		1		1		1
42		0		1		6		37		29		1		K8		3		1		1		1
36		0		1		0		37		29		2		K8		3		0		1		1
38		0		1		2		37		29		3		K8		3		0		1		1
49		0		1		13		37		29		4		K8		3		3		1		1
51		0		1		15		37		29		5		K8		3		3		1		1
44		0		1		8		37		-1		-1		K8		-1		-1		1		-1
45		0		1		9		37		29		6		K8		3		2		1		1
47		0		1		11		37		29		7		K8		3		2		1		1
20		0		0		20		37		30		0		K8		2		0		1		1
22		0		0		22		37		30		1		K8		2		0		1		1
33		0		0		33		37		30		2		K8		2		3		1		1
35		0		0		35		37		30		3		K8		2		3		1		1
29		0		0		29		37		30		4		K8		2		2		1		1
31		0		0		31		37		30		5		K8		2		2		1		1
24		0		0		24		37		30		6		K8		2		1		1		1
26		0		0		26		37		30		7		K8		2		1		1		1
17		0		0		17		37		-1		-1		K8		-1		-1		1		-1
18		0		0		18		37		-1		-1		K8		-1		-1		1		-1
19		0		0		19		37		31		0		K8		2		0		1		1
21		0		0		21		37		31		1		K8		2		0		1		1
32		0		0		32		37		31		2		K8		2		3		1		1
34		0		0		34		37		31		3		K8		2		3		1		1
27		0		0		27		37		-1		-1		K8		-1		-1		1		-1
28		0		0		28		37		31		4		K8		2		2		1		1
30		0		0		30		37		31		5		K8		2		2		1		1
23		0		0		23		37		31		6		K8		2		1		1		1
25		0		0		25		37		31		7		K8		2		1		1		1
14		0		0		14		37		32		0		K8		1		3		1		1
16		0		0		16		37		32		1		K8		1		3		1		1
10		0		0		10		37		32		2		K8		1		2		1		1
12		0		0		12		37		32		3		K8		1		2		1		1
1		0		0		1		37		32		4		K8		1		0		1		1
3		0		0		3		37		32		5		K8		1		0		1		1
5		0		0		5		37		32		6		K8		1		1		1		1
7		0		0		7		37		32		7		K8		1		1		1		1
8		0		0		8		37		-1		-1		K8		-1		-1		1		-1
13		0		0		13		37		33		0		K8		1		3		1		1
15		0		0		15		37		33		1		K8		1		3		1		1
9		0		0		9		37		33		2		K8		1		2		1		1
11		0		0		11		37		33		3		K8		1		2		1		1
0		0		0		0		37		33		4		K8		1		0		1		1
2		0		0		2		37		33		5		K8		1		0		1		1
4		0		0		4		37		33		6		K8		1		1		1		1
6		0		0		6		37		33		7		K8		1		1		1		1
40		0		1		4		38		13		0		C5		3		1		0		1
42		0		1		6		38		13		1		C5		3		1		0		1
36		0		1		0		38		13		2		C5		3		0		0		1
38		0		1		2		38		13		3		C5		3		0		0		1
49		0		1		13		38		13		4		C5		3		3		0		1
51		0		1		15		38		13		5		C5		3		3		0		1
44		0		1		8		38		-1		-1		C5		-1		-1		0		-1
45		0		1		9		38		13		6		C5		3		2		0		1
47		0		1		11		38		13		7		C5		3		2		0		1
20		0		0		20		38		14		0		C5		2		0		0		1
22		0		0		22		38		14		1		C5		2		0		0		1
33		0		0		33		38		14		2		C5		2		3		0		1
35		0		0		35		38		14		3		C5		2		3		0		1
29		0		0		29		38		14		4		C5		2		2		0		1
31		0		0		31		38		14		5		C5		2		2		0		1
24		0		0		24		38		14		6		C5		2		1		0		1
26		0		0		26		38		14		7		C5		2		1		0		1
17		0		0		17		38		-1		-1		C5		-1		-1		0		-1
18		0		0		18		38		-1		-1		C5		-1		-1		0		-1
19		0		0		19		38		15		0		C5		2		0		0		1
21		0		0		21		38		15		1		C5		2		0		0		1
32		0		0		32		38		15		2		C5		2		3		0		1
34		0		0		34		38		15		3		C5		2		3		0		1
27		0		0		27		38		-1		-1		C5		-1		-1		0		-1
28		0		0		28		38		15		4		C5		2		2		0		1
30		0		0		30		38		15		5		C5		2		2		0		1
23		0		0		23		38		15		6		C5		2		1		0		1
25		0		0		25		38		15		7		C5		2		1		0		1
14		0		0		14		38		16		0		C5		1		3		0		1
16		0		0		16		38		16		1		C5		1		3		0		1
10		0		0		10		38		16		2		C5		1		2		0		1
12		0		0		12		38		16		3		C5		1		2		0		1
1		0		0		1		38		16		4		C5		1		0		0		1
3		0		0		3		38		16		5		C5		1		0		0		1
5		0		0		5		38		16		6		C5		1		1		0		1
7		0		0		7		38		16		7		C5		1		1		0		1
8		0		0		8		38		-1		-1		C5		-1		-1		0		-1
13		0		0		13		38		17		0		C5		1		3		0		1
15		0		0		15		38		17		1		C5		1		3		0		1
9		0		0		9		38		17		2		C5		1		2		0		1
11		0		0		11		38		17		3		C5		1		2		0		1
0		0		0		0		38		17		4		C5		1		0		0		1
2		0		0		2		38		17		5		C5		1		0		0		1
4		0		0		4		38		17		6		C5		1		1		0		1
6		0		0		6		38		17		7		C5		1		1		0		1
69		0		1		33		38		18		0		D8		4		3		1		1
71		0		1		35		38		18		1		D8		4		3		1		1
65		0		1		29		38		18		2		D8		4		2		1		1
67		0		1		31		38		18		3		D8		4		2		1		1
60		0		1		24		38		18		4		D8		4		1		1		1
62		0		1		26		38		18		5		D8		4		1		1		1
56		0		1		20		38		18		6		D8		4		0		1		1
58		0		1		22		38		18		7		D8		4		0		1		1
68		0		1		32		38		19		0		D8		4		3		1		1
70		0		1		34		38		19		1		D8		4		3		1		1
63		0		1		27		38		-1		-1		D8		-1		-1		1		-1
64		0		1		28		38		19		2		D8		4		2		1		1
66		0		1		30		38		19		3		D8		4		2		1		1
59		0		1		23		38		19		4		D8		4		1		1		1
61		0		1		25		38		19		5		D8		4		1		1		1
53		0		1		17		38		-1		-1		D8		-1		-1		1		-1
54		0		1		18		38		-1		-1		D8		-1		-1		1		-1
55		0		1		19		38		19		6		D8		4		0		1		1
57		0		1		21		38		19		7		D8		4		0		1		1
41		0		1		5		38		20		0		D8		3		1		1		1
43		0		1		7		38		20		1		D8		3		1		1		1
37		0		1		1		38		20		2		D8		3		0		1		1
39		0		1		3		38		20		3		D8		3		0		1		1
50		0		1		14		38		20		4		D8		3		3		1		1
52		0		1		16		38		20		5		D8		3		3		1		1
46		0		1		10		38		20		6		D8		3		2		1		1
48		0		1		12		38		20		7		D8		3		2		1		1
40		0		1		4		38		21		0		D8		3		1		1		1
42		0		1		6		38		21		1		D8		3		1		1		1
36		0		1		0		38		21		2		D8		3		0		1		1
38		0		1		2		38		21		3		D8		3		0		1		1
49		0		1		13		38		21		4		D8		3		3		1		1
51		0		1		15		38		21		5		D8		3		3		1		1
44		0		1		8		38		-1		-1		D8		-1		-1		1		-1
45		0		1		9		38		21		6		D8		3		2		1		1
47		0		1		11		38		21		7		D8		3		2		1		1
20		0		0		20		38		22		0		D8		2		0		1		1
22		0		0		22		38		22		1		D8		2		0		1		1
33		0		0		33		38		22		2		D8		2		3		1		1
35		0		0		35		38		22		3		D8		2		3		1		1
29		0		0		29		38		22		4		D8		2		2		1		1
31		0		0		31		38		22		5		D8		2		2		1		1
24		0		0		24		38		22		6		D8		2		1		1		1
26		0		0		26		38		22		7		D8		2		1		1		1
17		0		0		17		38		-1		-1		D8		-1		-1		1		-1
18		0		0		18		38		-1		-1		D8		-1		-1		1		-1
19		0		0		19		38		23		0		D8		2		0		1		1
21		0		0		21		38		23		1		D8		2		0		1		1
32		0		0		32		38		23		2		D8		2		3		1		1
34		0		0		34		38		23		3		D8		2		3		1		1
27		0		0		27		38		-1		-1		D8		-1		-1		1		-1
28		0		0		28		38		23		4		D8		2		2		1		1
30		0		0		30		38		23		5		D8		2		2		1		1
23		0		0		23		38		23		6		D8		2		1		1		1
25		0		0		25		38		23		7		D8		2		1		1		1
14		0		0		14		38		24		0		D8		1		3		1		1
16		0		0		16		38		24		1		D8		1		3		1		1
10		0		0		10		38		24		2		D8		1		2		1		1
12		0		0		12		38		24		3		D8		1		2		1		1
1		0		0		1		38		24		4		D8		1		0		1		1
3		0		0		3		38		24		5		D8		1		0		1		1
5		0		0		5		38		24		6		D8		1		1		1		1
7		0		0		7		38		24		7		D8		1		1		1		1
8		0		0		8		38		-1		-1		D8		-1		-1		1		-1
13		0		0		13		38		25		0		D8		1		3		1		1
15		0		0		15		38		25		1		D8		1		3		1		1
9		0		0		9		38		25		2		D8		1		2		1		1
11		0		0		11		38		25		3		D8		1		2		1		1
0		0		0		0		38		25		4		D8		1		0		1		1
2		0		0		2		38		25		5		D8		1		0		1		1
4		0		0		4		38		25		6		D8		1		1		1		1
6		0		0		6		38		25		7		D8		1		1		1		1
69		0		1		33		38		26		0		E8		4		3		2		1
71		0		1		35		38		26		1		E8		4		3		2		1
65		0		1		29		38		26		2		E8		4		2		2		1
67		0		1		31		38		26		3		E8		4		2		2		1
60		0		1		24		38		26		4		E8		4		1		2		1
62		0		1		26		38		26		5		E8		4		1		2		1
56		0		1		20		38		26		6		E8		4		0		2		1
58		0		1		22		38		26		7		E8		4		0		2		1
68		0		1		32		38		27		0		E8		4		3		2		1
70		0		1		34		38		27		1		E8		4		3		2		1
63		0		1		27		38		-1		-1		E8		-1		-1		2		-1
64		0		1		28		38		27		2		E8		4		2		2		1
66		0		1		30		38		27		3		E8		4		2		2		1
59		0		1		23		38		27		4		E8		4		1		2		1
61		0		1		25		38		27		5		E8		4		1		2		1
53		0		1		17		38		-1		-1		E8		-1		-1		2		-1
54		0		1		18		38		-1		-1		E8		-1		-1		2		-1
55		0		1		19		38		27		6		E8		4		0		2		1
57		0		1		21		38		27		7		E8		4		0		2		1
41		0		1		5		38		28		0		E8		3		1		2		1
43		0		1		7		38		28		1		E8		3		1		2		1
37		0		1		1		38		28		2		E8		3		0		2		1
39		0		1		3		38		28		3		E8		3		0		2		1
50		0		1		14		38		28		4		E8		3		3		2		1
52		0		1		16		38		28		5		E8		3		3		2		1
46		0		1		10		38		28		6		E8		3		2		2		1
48		0		1		12		38		28		7		E8		3		2		2		1
40		0		1		4		38		29		0		E8		3		1		2		1
42		0		1		6		38		29		1		E8		3		1		2		1
36		0		1		0		38		29		2		E8		3		0		2		1
38		0		1		2		38		29		3		E8		3		0		2		1
49		0		1		13		38		29		4		E8		3		3		2		1
51		0		1		15		38		29		5		E8		3		3		2		1
44		0		1		8		38		-1		-1		E8		-1		-1		2		-1
45		0		1		9		38		29		6		E8		3		2		2		1
47		0		1		11		38		29		7		E8		3		2		2		1
20		0		0		20		38		30		0		E8		2		0		2		1
22		0		0		22		38		30		1		E8		2		0		2		1
33		0		0		33		38		30		2		E8		2		3		2		1
35		0		0		35		38		30		3		E8		2		3		2		1
29		0		0		29		38		30		4		E8		2		2		2		1
31		0		0		31		38		30		5		E8		2		2		2		1
24		0		0		24		38		30		6		E8		2		1		2		1
26		0		0		26		38		30		7		E8		2		1		2		1
17		0		0		17		38		-1		-1		E8		-1		-1		2		-1
18		0		0		18		38		-1		-1		E8		-1		-1		2		-1
19		0		0		19		38		31		0		E8		2		0		2		1
21		0		0		21		38		31		1		E8		2		0		2		1
32		0		0		32		38		31		2		E8		2		3		2		1
34		0		0		34		38		31		3		E8		2		3		2		1
27		0		0		27		38		-1		-1		E8		-1		-1		2		-1
28		0		0		28		38		31		4		E8		2		2		2		1
30		0		0		30		38		31		5		E8		2		2		2		1
23		0		0		23		38		31		6		E8		2		1		2		1
25		0		0		25		38		31		7		E8		2		1		2		1
14		0		0		14		38		32		0		E8		1		3		2		1
16		0		0		16		38		32		1		E8		1		3		2		1
10		0		0		10		38		32		2		E8		1		2		2		1
12		0		0		12		38		32		3		E8		1		2		2		1
1		0		0		1		38		32		4		E8		1		0		2		1
3		0		0		3		38		32		5		E8		1		0		2		1
5		0		0		5		38		32		6		E8		1		1		2		1
7		0		0		7		38		32		7		E8		1		1		2		1
8		0		0		8		38		-1		-1		E8		-1		-1		2		-1
13		0		0		13		38		33		0		E8		1		3		2		1
15		0		0		15		38		33		1		E8		1		3		2		1
9		0		0		9		38		33		2		E8		1		2		2		1
11		0		0		11		38		33		3		E8		1		2		2		1
0		0		0		0		38		33		4		E8		1		0		2		1
2		0		0		2		38		33		5		E8		1		0		2		1
4		0		0		4		38		33		6		E8		1		1		2		1
6		0		0		6		38		33		7		E8		1		1		2		1
17		0		0		17		38		-1		-1		G3		-1		-1		3		-1
18		0		0		18		38		-1		-1		G3		-1		-1		3		-1
19		0		0		19		38		34		0		G3		2		0		3		1
21		0		0		21		38		34		1		G3		2		0		3		1
32		0		0		32		38		34		2		G3		2		3		3		1
34		0		0		34		38		34		3		G3		2		3		3		1
27		0		0		27		38		-1		-1		G3		-1		-1		3		-1
28		0		0		28		38		34		4		G3		2		2		3		1
30		0		0		30		38		34		5		G3		2		2		3		1
23		0		0		23		38		34		6		G3		2		1		3		1
25		0		0		25		38		34		7		G3		2		1		3		1
14		0		0		14		38		35		0		G3		1		3		3		1
16		0		0		16		38		35		1		G3		1		3		3		1
10		0		0		10		38		35		2		G3		1		2		3		1
12		0		0		12		38		35		3		G3		1		2		3		1
1		0		0		1		38		35		4		G3		1		0		3		1
3		0		0		3		38		35		5		G3		1		0		3		1
5		0		0		5		38		35		6		G3		1		1		3		1
7		0		0		7		38		35		7		G3		1		1		3		1
8		0		0		8		38		-1		-1		G3		-1		-1		3		-1
13		0		0		13		38		36		0		G3		1		3		3		1
15		0		0		15		38		36		1		G3		1		3		3		1
9		0		0		9		38		36		2		G3		1		2		3		1
11		0		0		11		38		36		3		G3		1		2		3		1
0		0		0		0		38		36		4		G3		1		0		3		1
2		0		0		2		38		36		5		G3		1		0		3		1
4		0		0		4		38		36		6		G3		1		1		3		1
6		0		0		6		38		36		7		G3		1		1		3		1
40		0		1		4		39		13		0		C5		3		1		0		1
42		0		1		6		39		13		1		C5		3		1		0		1
36		0		1		0		39		13		2		C5		3		0		0		1
38		0		1		2		39		13		3		C5		3		0		0		1
49		0		1		13		39		13		4		C5		3		3		0		1
51		0		1		15		39		13		5		C5		3		3		0		1
44		0		1		8		39		-1		-1		C5		-1		-1		0		-1
45		0		1		9		39		13		6		C5		3		2		0		1
47		0		1		11		39		13		7		C5		3		2		0		1
20		0		0		20		39		14		0		C5		2		0		0		1
22		0		0		22		39		14		1		C5		2		0		0		1
33		0		0		33		39		14		2		C5		2		3		0		1
35		0		0		35		39		14		3		C5		2		3		0		1
29		0		0		29		39		14		4		C5		2		2		0		1
31		0		0		31		39		14		5		C5		2		2		0		1
24		0		0		24		39		14		6		C5		2		1		0		1
26		0		0		26		39		14		7		C5		2		1		0		1
17		0		0		17		39		-1		-1		C5		-1		-1		0		-1
18		0		0		18		39		-1		-1		C5		-1		-1		0		-1
19		0		0		19		39		15		0		C5		2		0		0		1
21		0		0		21		39		15		1		C5		2		0		0		1
32		0		0		32		39		15		2		C5		2		3		0		1
34		0		0		34		39		15		3		C5		2		3		0		1
27		0		0		27		39		-1		-1		C5		-1		-1		0		-1
28		0		0		28		39		15		4		C5		2		2		0		1
30		0		0		30		39		15		5		C5		2		2		0		1
23		0		0		23		39		15		6		C5		2		1		0		1
25		0		0		25		39		15		7		C5		2		1		0		1
14		0		0		14		39		16		0		C5		1		3		0		1
16		0		0		16		39		16		1		C5		1		3		0		1
10		0		0		10		39		16		2		C5		1		2		0		1
12		0		0		12		39		16		3		C5		1		2		0		1
1		0		0		1		39		16		4		C5		1		0		0		1
3		0		0		3		39		16		5		C5		1		0		0		1
5		0		0		5		39		16		6		C5		1		1		0		1
7		0		0		7		39		16		7		C5		1		1		0		1
8		0		0		8		39		-1		-1		C5		-1		-1		0		-1
13		0		0		13		39		17		0		C5		1		3		0		1
15		0		0		15		39		17		1		C5		1		3		0		1
9		0		0		9		39		17		2		C5		1		2		0		1
11		0		0		11		39		17		3		C5		1		2		0		1
0		0		0		0		39		17		4		C5		1		0		0		1
2		0		0		2		39		17		5		C5		1		0		0		1
4		0		0		4		39		17		6		C5		1		1		0		1
6		0		0		6		39		17		7		C5		1		1		0		1
69		0		1		33		39		18		0		D8		4		3		1		1
71		0		1		35		39		18		1		D8		4		3		1		1
65		0		1		29		39		18		2		D8		4		2		1		1
67		0		1		31		39		18		3		D8		4		2		1		1
60		0		1		24		39		18		4		D8		4		1		1		1
62		0		1		26		39		18		5		D8		4		1		1		1
56		0		1		20		39		18		6		D8		4		0		1		1
58		0		1		22		39		18		7		D8		4		0		1		1
68		0		1		32		39		19		0		D8		4		3		1		1
70		0		1		34		39		19		1		D8		4		3		1		1
63		0		1		27		39		-1		-1		D8		-1		-1		1		-1
64		0		1		28		39		19		2		D8		4		2		1		1
66		0		1		30		39		19		3		D8		4		2		1		1
59		0		1		23		39		19		4		D8		4		1		1		1
61		0		1		25		39		19		5		D8		4		1		1		1
53		0		1		17		39		-1		-1		D8		-1		-1		1		-1
54		0		1		18		39		-1		-1		D8		-1		-1		1		-1
55		0		1		19		39		19		6		D8		4		0		1		1
57		0		1		21		39		19		7		D8		4		0		1		1
41		0		1		5		39		20		0		D8		3		1		1		1
43		0		1		7		39		20		1		D8		3		1		1		1
37		0		1		1		39		20		2		D8		3		0		1		1
39		0		1		3		39		20		3		D8		3		0		1		1
50		0		1		14		39		20		4		D8		3		3		1		1
52		0		1		16		39		20		5		D8		3		3		1		1
46		0		1		10		39		20		6		D8		3		2		1		1
48		0		1		12		39		20		7		D8		3		2		1		1
40		0		1		4		39		21		0		D8		3		1		1		1
42		0		1		6		39		21		1		D8		3		1		1		1
36		0		1		0		39		21		2		D8		3		0		1		1
38		0		1		2		39		21		3		D8		3		0		1		1
49		0		1		13		39		21		4		D8		3		3		1		1
51		0		1		15		39		21		5		D8		3		3		1		1
44		0		1		8		39		-1		-1		D8		-1		-1		1		-1
45		0		1		9		39		21		6		D8		3		2		1		1
47		0		1		11		39		21		7		D8		3		2		1		1
20		0		0		20		39		22		0		D8		2		0		1		1
22		0		0		22		39		22		1		D8		2		0		1		1
33		0		0		33		39		22		2		D8		2		3		1		1
35		0		0		35		39		22		3		D8		2		3		1		1
29		0		0		29		39		22		4		D8		2		2		1		1
31		0		0		31		39		22		5		D8		2		2		1		1
24		0		0		24		39		22		6		D8		2		1		1		1
26		0		0		26		39		22		7		D8		2		1		1		1
17		0		0		17		39		-1		-1		D8		-1		-1		1		-1
18		0		0		18		39		-1		-1		D8		-1		-1		1		-1
19		0		0		19		39		23		0		D8		2		0		1		1
21		0		0		21		39		23		1		D8		2		0		1		1
32		0		0		32		39		23		2		D8		2		3		1		1
34		0		0		34		39		23		3		D8		2		3		1		1
27		0		0		27		39		-1		-1		D8		-1		-1		1		-1
28		0		0		28		39		23		4		D8		2		2		1		1
30		0		0		30		39		23		5		D8		2		2		1		1
23		0		0		23		39		23		6		D8		2		1		1		1
25		0		0		25		39		23		7		D8		2		1		1		1
14		0		0		14		39		24		0		D8		1		3		1		1
16		0		0		16		39		24		1		D8		1		3		1		1
10		0		0		10		39		24		2		D8		1		2		1		1
12		0		0		12		39		24		3		D8		1		2		1		1
1		0		0		1		39		24		4		D8		1		0		1		1
3		0		0		3		39		24		5		D8		1		0		1		1
5		0		0		5		39		24		6		D8		1		1		1		1
7		0		0		7		39		24		7		D8		1		1		1		1
8		0		0		8		39		-1		-1		D8		-1		-1		1		-1
13		0		0		13		39		25		0		D8		1		3		1		1
15		0		0		15		39		25		1		D8		1		3		1		1
9		0		0		9		39		25		2		D8		1		2		1		1
11		0		0		11		39		25		3		D8		1		2		1		1
0		0		0		0		39		25		4		D8		1		0		1		1
2		0		0		2		39		25		5		D8		1		0		1		1
4		0		0		4		39		25		6		D8		1		1		1		1
6		0		0		6		39		25		7		D8		1		1		1		1
69		0		1		33		39		26		0		E8		4		3		2		1
71		0		1		35		39		26		1		E8		4		3		2		1
65		0		1		29		39		26		2		E8		4		2		2		1
67		0		1		31		39		26		3		E8		4		2		2		1
60		0		1		24		39		26		4		E8		4		1		2		1
62		0		1		26		39		26		5		E8		4		1		2		1
56		0		1		20		39		26		6		E8		4		0		2		1
58		0		1		22		39		26		7		E8		4		0		2		1
68		0		1		32		39		27		0		E8		4		3		2		1
70		0		1		34		39		27		1		E8		4		3		2		1
63		0		1		27		39		-1		-1		E8		-1		-1		2		-1
64		0		1		28		39		27		2		E8		4		2		2		1
66		0		1		30		39		27		3		E8		4		2		2		1
59		0		1		23		39		27		4		E8		4		1		2		1
61		0		1		25		39		27		5		E8		4		1		2		1
53		0		1		17		39		-1		-1		E8		-1		-1		2		-1
54		0		1		18		39		-1		-1		E8		-1		-1		2		-1
55		0		1		19		39		27		6		E8		4		0		2		1
57		0		1		21		39		27		7		E8		4		0		2		1
41		0		1		5		39		28		0		E8		3		1		2		1
43		0		1		7		39		28		1		E8		3		1		2		1
37		0		1		1		39		28		2		E8		3		0		2		1
39		0		1		3		39		28		3		E8		3		0		2		1
50		0		1		14		39		28		4		E8		3		3		2		1
52		0		1		16		39		28		5		E8		3		3		2		1
46		0		1		10		39		28		6		E8		3		2		2		1
48		0		1		12		39		28		7		E8		3		2		2		1
40		0		1		4		39		29		0		E8		3		1		2		1
42		0		1		6		39		29		1		E8		3		1		2		1
36		0		1		0		39		29		2		E8		3		0		2		1
38		0		1		2		39		29		3		E8		3		0		2		1
49		0		1		13		39		29		4		E8		3		3		2		1
51		0		1		15		39		29		5		E8		3		3		2		1
44		0		1		8		39		-1		-1		E8		-1		-1		2		-1
45		0		1		9		39		29		6		E8		3		2		2		1
47		0		1		11		39		29		7		E8		3		2		2		1
20		0		0		20		39		30		0		E8		2		0		2		1
22		0		0		22		39		30		1		E8		2		0		2		1
33		0		0		33		39		30		2		E8		2		3		2		1
35		0		0		35		39		30		3		E8		2		3		2		1
29		0		0		29		39		30		4		E8		2		2		2		1
31		0		0		31		39		30		5		E8		2		2		2		1
24		0		0		24		39		30		6		E8		2		1		2		1
26		0		0		26		39		30		7		E8		2		1		2		1
17		0		0		17		39		-1		-1		E8		-1		-1		2		-1
18		0		0		18		39		-1		-1		E8		-1		-1		2		-1
19		0		0		19		39		31		0		E8		2		0		2		1
21		0		0		21		39		31		1		E8		2		0		2		1
32		0		0		32		39		31		2		E8		2		3		2		1
34		0		0		34		39		31		3		E8		2		3		2		1
27		0		0		27		39		-1		-1		E8		-1		-1		2		-1
28		0		0		28		39		31		4		E8		2		2		2		1
30		0		0		30		39		31		5		E8		2		2		2		1
23		0		0		23		39		31		6		E8		2		1		2		1
25		0		0		25		39		31		7		E8		2		1		2		1
14		0		0		14		39		32		0		E8		1		3		2		1
16		0		0		16		39		32		1		E8		1		3		2		1
10		0		0		10		39		32		2		E8		1		2		2		1
12		0		0		12		39		32		3		E8		1		2		2		1
1		0		0		1		39		32		4		E8		1		0		2		1
3		0		0		3		39		32		5		E8		1		0		2		1
5		0		0		5		39		32		6		E8		1		1		2		1
7		0		0		7		39		32		7		E8		1		1		2		1
8		0		0		8		39		-1		-1		E8		-1		-1		2		-1
13		0		0		13		39		33		0		E8		1		3		2		1
15		0		0		15		39		33		1		E8		1		3		2		1
9		0		0		9		39		33		2		E8		1		2		2		1
11		0		0		11		39		33		3		E8		1		2		2		1
0		0		0		0		39		33		4		E8		1		0		2		1
2		0		0		2		39		33		5		E8		1		0		2		1
4		0		0		4		39		33		6		E8		1		1		2		1
6		0		0		6		39		33		7		E8		1		1		2		1
40		0		1		4		39		34		0		G5		3		1		3		1
42		0		1		6		39		34		1		G5		3		1		3		1
36		0		1		0		39		34		2		G5		3		0		3		1
38		0		1		2		39		34		3		G5		3		0		3		1
49		0		1		13		39		34		4		G5		3		3		3		1
51		0		1		15		39		34		5		G5		3		3		3		1
44		0		1		8		39		-1		-1		G5		-1		-1		3		-1
45		0		1		9		39		34		6		G5		3		2		3		1
47		0		1		11		39		34		7		G5		3		2		3		1
20		0		0		20		39		35		0		G5		2		0		3		1
22		0		0		22		39		35		1		G5		2		0		3		1
33		0		0		33		39		35		2		G5		2		3		3		1
35		0		0		35		39		35		3		G5		2		3		3		1
29		0		0		29		39		35		4		G5		2		2		3		1
31		0		0		31		39		35		5		G5		2		2		3		1
24		0		0		24		39		35		6		G5		2		1		3		1
26		0		0		26		39		35		7		G5		2		1		3		1
17		0		0		17		39		-1		-1		G5		-1		-1		3		-1
18		0		0		18		39		-1		-1		G5		-1		-1		3		-1
19		0		0		19		39		36		0		G5		2		0		3		1
21		0		0		21		39		36		1		G5		2		0		3		1
32		0		0		32		39		36		2		G5		2		3		3		1
34		0		0		34		39		36		3		G5		2		3		3		1
27		0		0		27		39		-1		-1		G5		-1		-1		3		-1
28		0		0		28		39		36		4		G5		2		2		3		1
30		0		0		30		39		36		5		G5		2		2		3		1
23		0		0		23		39		36		6		G5		2		1		3		1
25		0		0		25		39		36		7		G5		2		1		3		1
14		0		0		14		39		37		0		G5		1		3		3		1
16		0		0		16		39		37		1		G5		1		3		3		1
10		0		0		10		39		37		2		G5		1		2		3		1
12		0		0		12		39		37		3		G5		1		2		3		1
1		0		0		1		39		37		4		G5		1		0		3		1
3		0		0		3		39		37		5		G5		1		0		3		1
5		0		0		5		39		37		6		G5		1		1		3		1
7		0		0		7		39		37		7		G5		1		1		3		1
8		0		0		8		39		-1		-1		G5		-1		-1		3		-1
13		0		0		13		39		38		0		G5		1		3		3		1
15		0		0		15		39		38		1		G5		1		3		3		1
9		0		0		9		39		38		2		G5		1		2		3		1
11		0		0		11		39		38		3		G5		1		2		3		1
0		0		0		0		39		38		4		G5		1		0		3		1
2		0		0		2		39		38		5		G5		1		0		3		1
4		0		0		4		39		38		6		G5		1		1		3		1
6		0		0		6		39		38		7		G5		1		1		3		1
92		1		0		20		40		6		0		B11B12		6		0		0		1
94		1		0		22		40		6		1		B11B12		6		0		0		1
105		1		0		33		40		6		2		B11B12		6		3		0		1
107		1		0		35		40		6		3		B11B12		6		3		0		1
101		1		0		29		40		6		4		B11B12		6		2		0		1
103		1		0		31		40		6		5		B11B12		6		2		0		1
96		1		0		24		40		6		6		B11B12		6		1		0		1
98		1		0		26		40		6		7		B11B12		6		1		0		1
89		1		0		17		40		-1		-1		B11B12		-1		-1		0		-1
90		1		0		18		40		-1		-1		B11B12		-1		-1		0		-1
91		1		0		19		40		7		0		B11B12		6		0		0		1
93		1		0		21		40		7		1		B11B12		6		0		0		1
104		1		0		32		40		7		2		B11B12		6		3		0		1
106		1		0		34		40		7		3		B11B12		6		3		0		1
99		1		0		27		40		-1		-1		B11B12		-1		-1		0		-1
100		1		0		28		40		7		4		B11B12		6		2		0		1
102		1		0		30		40		7		5		B11B12		6		2		0		1
95		1		0		23		40		7		6		B11B12		6		1		0		1
97		1		0		25		40		7		7		B11B12		6		1		0		1
86		1		0		14		40		8		0		B11B12		5		3		0		1
88		1		0		16		40		8		1		B11B12		5		3		0		1
82		1		0		10		40		8		2		B11B12		5		2		0		1
84		1		0		12		40		8		3		B11B12		5		2		0		1
73		1		0		1		40		8		4		B11B12		5		0		0		1
75		1		0		3		40		8		5		B11B12		5		0		0		1
77		1		0		5		40		8		6		B11B12		5		1		0		1
79		1		0		7		40		8		7		B11B12		5		1		0		1
85		1		0		13		40		9		0		B11B12		5		3		0		1
87		1		0		15		40		9		1		B11B12		5		3		0		1
80		1		0		8		40		-1		-1		B11B12		-1		-1		0		-1
81		1		0		9		40		9		2		B11B12		5		2		0		1
83		1		0		11		40		9		3		B11B12		5		2		0		1
72		1		0		0		40		9		4		B11B12		5		0		0		1
74		1		0		2		40		9		5		B11B12		5		0		0		1
76		1		0		4		40		9		6		B11B12		5		1		0		1
78		1		0		6		40		9		7		B11B12		5		1		0		1
69		0		1		33		40		10		0		B11B12		4		3		0		1
71		0		1		35		40		10		1		B11B12		4		3		0		1
65		0		1		29		40		10		2		B11B12		4		2		0		1
67		0		1		31		40		10		3		B11B12		4		2		0		1
60		0		1		24		40		10		4		B11B12		4		1		0		1
62		0		1		26		40		10		5		B11B12		4		1		0		1
56		0		1		20		40		10		6		B11B12		4		0		0		1
58		0		1		22		40		10		7		B11B12		4		0		0		1
68		0		1		32		40		11		0		B11B12		4		3		0		1
70		0		1		34		40		11		1		B11B12		4		3		0		1
63		0		1		27		40		-1		-1		B11B12		-1		-1		0		-1
64		0		1		28		40		11		2		B11B12		4		2		0		1
66		0		1		30		40		11		3		B11B12		4		2		0		1
59		0		1		23		40		11		4		B11B12		4		1		0		1
61		0		1		25		40		11		5		B11B12		4		1		0		1
53		0		1		17		40		-1		-1		B11B12		-1		-1		0		-1
54		0		1		18		40		-1		-1		B11B12		-1		-1		0		-1
55		0		1		19		40		11		6		B11B12		4		0		0		1
57		0		1		21		40		11		7		B11B12		4		0		0		1
41		0		1		5		40		12		0		B11B12		3		1		0		1
43		0		1		7		40		12		1		B11B12		3		1		0		1
37		0		1		1		40		12		2		B11B12		3		0		0		1
39		0		1		3		40		12		3		B11B12		3		0		0		1
50		0		1		14		40		12		4		B11B12		3		3		0		1
52		0		1		16		40		12		5		B11B12		3		3		0		1
46		0		1		10		40		12		6		B11B12		3		2		0		1
48		0		1		12		40		12		7		B11B12		3		2		0		1
40		0		1		4		40		13		0		B11B12		3		1		0		1
42		0		1		6		40		13		1		B11B12		3		1		0		1
36		0		1		0		40		13		2		B11B12		3		0		0		1
38		0		1		2		40		13		3		B11B12		3		0		0		1
49		0		1		13		40		13		4		B11B12		3		3		0		1
51		0		1		15		40		13		5		B11B12		3		3		0		1
44		0		1		8		40		-1		-1		B11B12		-1		-1		0		-1
45		0		1		9		40		13		6		B11B12		3		2		0		1
47		0		1		11		40		13		7		B11B12		3		2		0		1
20		0		0		20		40		14		0		B11B12		2		0		0		1
22		0		0		22		40		14		1		B11B12		2		0		0		1
33		0		0		33		40		14		2		B11B12		2		3		0		1
35		0		0		35		40		14		3		B11B12		2		3		0		1
29		0		0		29		40		14		4		B11B12		2		2		0		1
31		0		0		31		40		14		5		B11B12		2		2		0		1
24		0		0		24		40		14		6		B11B12		2		1		0		1
26		0		0		26		40		14		7		B11B12		2		1		0		1
17		0		0		17		40		-1		-1		B11B12		-1		-1		0		-1
18		0		0		18		40		-1		-1		B11B12		-1		-1		0		-1
19		0		0		19		40		15		0		B11B12		2		0		0		1
21		0		0		21		40		15		1		B11B12		2		0		0		1
32		0		0		32		40		15		2		B11B12		2		3		0		1
34		0		0		34		40		15		3		B11B12		2		3		0		1
27		0		0		27		40		-1		-1		B11B12		-1		-1		0		-1
28		0		0		28		40		15		4		B11B12		2		2		0		1
30		0		0		30		40		15		5		B11B12		2		2		0		1
23		0		0		23		40		15		6		B11B12		2		1		0		1
25		0		0		25		40		15		7		B11B12		2		1		0		1
14		0		0		14		40		16		0		B11B12		1		3		0		1
16		0		0		16		40		16		1		B11B12		1		3		0		1
10		0		0		10		40		16		2		B11B12		1		2		0		1
12		0		0		12		40		16		3		B11B12		1		2		0		1
1		0		0		1		40		16		4		B11B12		1		0		0		1
3		0		0		3		40		16		5		B11B12		1		0		0		1
5		0		0		5		40		16		6		B11B12		1		1		0		1
7		0		0		7		40		16		7		B11B12		1		1		0		1
8		0		0		8		40		-1		-1		B11B12		-1		-1		0		-1
13		0		0		13		40		17		0		B11B12		1		3		0		1
15		0		0		15		40		17		1		B11B12		1		3		0		1
9		0		0		9		40		17		2		B11B12		1		2		0		1
11		0		0		11		40		17		3		B11B12		1		2		0		1
0		0		0		0		40		17		4		B11B12		1		0		0		1
2		0		0		2		40		17		5		B11B12		1		0		0		1
4		0		0		4		40		17		6		B11B12		1		1		0		1
6		0		0		6		40		17		7		B11B12		1		1		0		1
69		0		1		33		40		18		0		D8		4		3		1		1
71		0		1		35		40		18		1		D8		4		3		1		1
65		0		1		29		40		18		2		D8		4		2		1		1
67		0		1		31		40		18		3		D8		4		2		1		1
60		0		1		24		40		18		4		D8		4		1		1		1
62		0		1		26		40		18		5		D8		4		1		1		1
56		0		1		20		40		18		6		D8		4		0		1		1
58		0		1		22		40		18		7		D8		4		0		1		1
68		0		1		32		40		19		0		D8		4		3		1		1
70		0		1		34		40		19		1		D8		4		3		1		1
63		0		1		27		40		-1		-1		D8		-1		-1		1		-1
64		0		1		28		40		19		2		D8		4		2		1		1
66		0		1		30		40		19		3		D8		4		2		1		1
59		0		1		23		40		19		4		D8		4		1		1		1
61		0		1		25		40		19		5		D8		4		1		1		1
53		0		1		17		40		-1		-1		D8		-1		-1		1		-1
54		0		1		18		40		-1		-1		D8		-1		-1		1		-1
55		0		1		19		40		19		6		D8		4		0		1		1
57		0		1		21		40		19		7		D8		4		0		1		1
41		0		1		5		40		20		0		D8		3		1		1		1
43		0		1		7		40		20		1		D8		3		1		1		1
37		0		1		1		40		20		2		D8		3		0		1		1
39		0		1		3		40		20		3		D8		3		0		1		1
50		0		1		14		40		20		4		D8		3		3		1		1
52		0		1		16		40		20		5		D8		3		3		1		1
46		0		1		10		40		20		6		D8		3		2		1		1
48		0		1		12		40		20		7		D8		3		2		1		1
40		0		1		4		40		21		0		D8		3		1		1		1
42		0		1		6		40		21		1		D8		3		1		1		1
36		0		1		0		40		21		2		D8		3		0		1		1
38		0		1		2		40		21		3		D8		3		0		1		1
49		0		1		13		40		21		4		D8		3		3		1		1
51		0		1		15		40		21		5		D8		3		3		1		1
44		0		1		8		40		-1		-1		D8		-1		-1		1		-1
45		0		1		9		40		21		6		D8		3		2		1		1
47		0		1		11		40		21		7		D8		3		2		1		1
20		0		0		20		40		22		0		D8		2		0		1		1
22		0		0		22		40		22		1		D8		2		0		1		1
33		0		0		33		40		22		2		D8		2		3		1		1
35		0		0		35		40		22		3		D8		2		3		1		1
29		0		0		29		40		22		4		D8		2		2		1		1
31		0		0		31		40		22		5		D8		2		2		1		1
24		0		0		24		40		22		6		D8		2		1		1		1
26		0		0		26		40		22		7		D8		2		1		1		1
17		0		0		17		40		-1		-1		D8		-1		-1		1		-1
18		0		0		18		40		-1		-1		D8		-1		-1		1		-1
19		0		0		19		40		23		0		D8		2		0		1		1
21		0		0		21		40		23		1		D8		2		0		1		1
32		0		0		32		40		23		2		D8		2		3		1		1
34		0		0		34		40		23		3		D8		2		3		1		1
27		0		0		27		40		-1		-1		D8		-1		-1		1		-1
28		0		0		28		40		23		4		D8		2		2		1		1
30		0		0		30		40		23		5		D8		2		2		1		1
23		0		0		23		40		23		6		D8		2		1		1		1
25		0		0		25		40		23		7		D8		2		1		1		1
14		0		0		14		40		24		0		D8		1		3		1		1
16		0		0		16		40		24		1		D8		1		3		1		1
10		0		0		10		40		24		2		D8		1		2		1		1
12		0		0		12		40		24		3		D8		1		2		1		1
1		0		0		1		40		24		4		D8		1		0		1		1
3		0		0		3		40		24		5		D8		1		0		1		1
5		0		0		5		40		24		6		D8		1		1		1		1
7		0		0		7		40		24		7		D8		1		1		1		1
8		0		0		8		40		-1		-1		D8		-1		-1		1		-1
13		0		0		13		40		25		0		D8		1		3		1		1
15		0		0		15		40		25		1		D8		1		3		1		1
9		0		0		9		40		25		2		D8		1		2		1		1
11		0		0		11		40		25		3		D8		1		2		1		1
0		0		0		0		40		25		4		D8		1		0		1		1
2		0		0		2		40		25		5		D8		1		0		1		1
4		0		0		4		40		25		6		D8		1		1		1		1
6		0		0		6		40		25		7		D8		1		1		1		1
69		0		1		33		40		26		0		E8		4		3		2		1
71		0		1		35		40		26		1		E8		4		3		2		1
65		0		1		29		40		26		2		E8		4		2		2		1
67		0		1		31		40		26		3		E8		4		2		2		1
60		0		1		24		40		26		4		E8		4		1		2		1
62		0		1		26		40		26		5		E8		4		1		2		1
56		0		1		20		40		26		6		E8		4		0		2		1
58		0		1		22		40		26		7		E8		4		0		2		1
68		0		1		32		40		27		0		E8		4		3		2		1
70		0		1		34		40		27		1		E8		4		3		2		1
63		0		1		27		40		-1		-1		E8		-1		-1		2		-1
64		0		1		28		40		27		2		E8		4		2		2		1
66		0		1		30		40		27		3		E8		4		2		2		1
59		0		1		23		40		27		4		E8		4		1		2		1
61		0		1		25		40		27		5		E8		4		1		2		1
53		0		1		17		40		-1		-1		E8		-1		-1		2		-1
54		0		1		18		40		-1		-1		E8		-1		-1		2		-1
55		0		1		19		40		27		6		E8		4		0		2		1
57		0		1		21		40		27		7		E8		4		0		2		1
41		0		1		5		40		28		0		E8		3		1		2		1
43		0		1		7		40		28		1		E8		3		1		2		1
37		0		1		1		40		28		2		E8		3		0		2		1
39		0		1		3		40		28		3		E8		3		0		2		1
50		0		1		14		40		28		4		E8		3		3		2		1
52		0		1		16		40		28		5		E8		3		3		2		1
46		0		1		10		40		28		6		E8		3		2		2		1
48		0		1		12		40		28		7		E8		3		2		2		1
40		0		1		4		40		29		0		E8		3		1		2		1
42		0		1		6		40		29		1		E8		3		1		2		1
36		0		1		0		40		29		2		E8		3		0		2		1
38		0		1		2		40		29		3		E8		3		0		2		1
49		0		1		13		40		29		4		E8		3		3		2		1
51		0		1		15		40		29		5		E8		3		3		2		1
44		0		1		8		40		-1		-1		E8		-1		-1		2		-1
45		0		1		9		40		29		6		E8		3		2		2		1
47		0		1		11		40		29		7		E8		3		2		2		1
20		0		0		20		40		30		0		E8		2		0		2		1
22		0		0		22		40		30		1		E8		2		0		2		1
33		0		0		33		40		30		2		E8		2		3		2		1
35		0		0		35		40		30		3		E8		2		3		2		1
29		0		0		29		40		30		4		E8		2		2		2		1
31		0		0		31		40		30		5		E8		2		2		2		1
24		0		0		24		40		30		6		E8		2		1		2		1
26		0		0		26		40		30		7		E8		2		1		2		1
17		0		0		17		40		-1		-1		E8		-1		-1		2		-1
18		0		0		18		40		-1		-1		E8		-1		-1		2		-1
19		0		0		19		40		31		0		E8		2		0		2		1
21		0		0		21		40		31		1		E8		2		0		2		1
32		0		0		32		40		31		2		E8		2		3		2		1
34		0		0		34		40		31		3		E8		2		3		2		1
27		0		0		27		40		-1		-1		E8		-1		-1		2		-1
28		0		0		28		40		31		4		E8		2		2		2		1
30		0		0		30		40		31		5		E8		2		2		2		1
23		0		0		23		40		31		6		E8		2		1		2		1
25		0		0		25		40		31		7		E8		2		1		2		1
14		0		0		14		40		32		0		E8		1		3		2		1
16		0		0		16		40		32		1		E8		1		3		2		1
10		0		0		10		40		32		2		E8		1		2		2		1
12		0		0		12		40		32		3		E8		1		2		2		1
1		0		0		1		40		32		4		E8		1		0		2		1
3		0		0		3		40		32		5		E8		1		0		2		1
5		0		0		5		40		32		6		E8		1		1		2		1
7		0		0		7		40		32		7		E8		1		1		2		1
8		0		0		8		40		-1		-1		E8		-1		-1		2		-1
13		0		0		13		40		33		0		E8		1		3		2		1
15		0		0		15		40		33		1		E8		1		3		2		1
9		0		0		9		40		33		2		E8		1		2		2		1
11		0		0		11		40		33		3		E8		1		2		2		1
0		0		0		0		40		33		4		E8		1		0		2		1
2		0		0		2		40		33		5		E8		1		0		2		1
4		0		0		4		40		33		6		E8		1		1		2		1
6		0		0		6		40		33		7		E8		1		1		2		1
68		0		1		32		40		34		0		G7		4		3		3		1
70		0		1		34		40		34		1		G7		4		3		3		1
63		0		1		27		40		-1		-1		G7		-1		-1		3		-1
64		0		1		28		40		34		2		G7		4		2		3		1
66		0		1		30		40		34		3		G7		4		2		3		1
59		0		1		23		40		34		4		G7		4		1		3		1
61		0		1		25		40		34		5		G7		4		1		3		1
53		0		1		17		40		-1		-1		G7		-1		-1		3		-1
54		0		1		18		40		-1		-1		G7		-1		-1		3		-1
55		0		1		19		40		34		6		G7		4		0		3		1
57		0		1		21		40		34		7		G7		4		0		3		1
41		0		1		5		40		35		0		G7		3		1		3		1
43		0		1		7		40		35		1		G7		3		1		3		1
37		0		1		1		40		35		2		G7		3		0		3		1
39		0		1		3		40		35		3		G7		3		0		3		1
50		0		1		14		40		35		4		G7		3		3		3		1
52		0		1		16		40		35		5		G7		3		3		3		1
46		0		1		10		40		35		6		G7		3		2		3		1
48		0		1		12		40		35		7		G7		3		2		3		1
40		0		1		4		40		36		0		G7		3		1		3		1
42		0		1		6		40		36		1		G7		3		1		3		1
36		0		1		0		40		36		2		G7		3		0		3		1
38		0		1		2		40		36		3		G7		3		0		3		1
49		0		1		13		40		36		4		G7		3		3		3		1
51		0		1		15		40		36		5		G7		3		3		3		1
44		0		1		8		40		-1		-1		G7		-1		-1		3		-1
45		0		1		9		40		36		6		G7		3		2		3		1
47		0		1		11		40		36		7		G7		3		2		3		1
20		0		0		20		40		37		0		G7		2		0		3		1
22		0		0		22		40		37		1		G7		2		0		3		1
33		0		0		33		40		37		2		G7		2		3		3		1
35		0		0		35		40		37		3		G7		2		3		3		1
29		0		0		29		40		37		4		G7		2		2		3		1
31		0		0		31		40		37		5		G7		2		2		3		1
24		0		0		24		40		37		6		G7		2		1		3		1
26		0		0		26		40		37		7		G7		2		1		3		1
17		0		0		17		40		-1		-1		G7		-1		-1		3		-1
18		0		0		18		40		-1		-1		G7		-1		-1		3		-1
19		0		0		19		40		38		0		G7		2		0		3		1
21		0		0		21		40		38		1		G7		2		0		3		1
32		0		0		32		40		38		2		G7		2		3		3		1
34		0		0		34		40		38		3		G7		2		3		3		1
27		0		0		27		40		-1		-1		G7		-1		-1		3		-1
28		0		0		28		40		38		4		G7		2		2		3		1
30		0		0		30		40		38		5		G7		2		2		3		1
23		0		0		23		40		38		6		G7		2		1		3		1
25		0		0		25		40		38		7		G7		2		1		3		1
14		0		0		14		40		39		0		G7		1		3		3		1
16		0		0		16		40		39		1		G7		1		3		3		1
10		0		0		10		40		39		2		G7		1		2		3		1
12		0		0		12		40		39		3		G7		1		2		3		1
1		0		0		1		40		39		4		G7		1		0		3		1
3		0		0		3		40		39		5		G7		1		0		3		1
5		0		0		5		40		39		6		G7		1		1		3		1
7		0		0		7		40		39		7		G7		1		1		3		1
8		0		0		8		40		-1		-1		G7		-1		-1		3		-1
13		0		0		13		40		40		0		G7		1		3		3		1
15		0		0		15		40		40		1		G7		1		3		3		1
9		0		0		9		40		40		2		G7		1		2		3		1
11		0		0		11		40		40		3		G7		1		2		3		1
0		0		0		0		40		40		4		G7		1		0		3		1
2		0		0		2		40		40		5		G7		1		0		3		1
4		0		0		4		40		40		6		G7		1		1		3		1
6		0		0		6		40		40		7		G7		1		1		3		1
92		1		0		20		41		6		0		B11B12		6		0		0		1
94		1		0		22		41		6		1		B11B12		6		0		0		1
105		1		0		33		41		6		2		B11B12		6		3		0		1
107		1		0		35		41		6		3		B11B12		6		3		0		1
101		1		0		29		41		6		4		B11B12		6		2		0		1
103		1		0		31		41		6		5		B11B12		6		2		0		1
96		1		0		24		41		6		6		B11B12		6		1		0		1
98		1		0		26		41		6		7		B11B12		6		1		0		1
89		1		0		17		41		-1		-1		B11B12		-1		-1		0		-1
90		1		0		18		41		-1		-1		B11B12		-1		-1		0		-1
91		1		0		19		41		7		0		B11B12		6		0		0		1
93		1		0		21		41		7		1		B11B12		6		0		0		1
104		1		0		32		41		7		2		B11B12		6		3		0		1
106		1		0		34		41		7		3		B11B12		6		3		0		1
99		1		0		27		41		-1		-1		B11B12		-1		-1		0		-1
100		1		0		28		41		7		4		B11B12		6		2		0		1
102		1		0		30		41		7		5		B11B12		6		2		0		1
95		1		0		23		41		7		6		B11B12		6		1		0		1
97		1		0		25		41		7		7		B11B12		6		1		0		1
86		1		0		14		41		8		0		B11B12		5		3		0		1
88		1		0		16		41		8		1		B11B12		5		3		0		1
82		1		0		10		41		8		2		B11B12		5		2		0		1
84		1		0		12		41		8		3		B11B12		5		2		0		1
73		1		0		1		41		8		4		B11B12		5		0		0		1
75		1		0		3		41		8		5		B11B12		5		0		0		1
77		1		0		5		41		8		6		B11B12		5		1		0		1
79		1		0		7		41		8		7		B11B12		5		1		0		1
85		1		0		13		41		9		0		B11B12		5		3		0		1
87		1		0		15		41		9		1		B11B12		5		3		0		1
80		1		0		8		41		-1		-1		B11B12		-1		-1		0		-1
81		1		0		9		41		9		2		B11B12		5		2		0		1
83		1		0		11		41		9		3		B11B12		5		2		0		1
72		1		0		0		41		9		4		B11B12		5		0		0		1
74		1		0		2		41		9		5		B11B12		5		0		0		1
76		1		0		4		41		9		6		B11B12		5		1		0		1
78		1		0		6		41		9		7		B11B12		5		1		0		1
69		0		1		33		41		10		0		B11B12		4		3		0		1
71		0		1		35		41		10		1		B11B12		4		3		0		1
65		0		1		29		41		10		2		B11B12		4		2		0		1
67		0		1		31		41		10		3		B11B12		4		2		0		1
60		0		1		24		41		10		4		B11B12		4		1		0		1
62		0		1		26		41		10		5		B11B12		4		1		0		1
56		0		1		20		41		10		6		B11B12		4		0		0		1
58		0		1		22		41		10		7		B11B12		4		0		0		1
68		0		1		32		41		11		0		B11B12		4		3		0		1
70		0		1		34		41		11		1		B11B12		4		3		0		1
63		0		1		27		41		-1		-1		B11B12		-1		-1		0		-1
64		0		1		28		41		11		2		B11B12		4		2		0		1
66		0		1		30		41		11		3		B11B12		4		2		0		1
59		0		1		23		41		11		4		B11B12		4		1		0		1
61		0		1		25		41		11		5		B11B12		4		1		0		1
53		0		1		17		41		-1		-1		B11B12		-1		-1		0		-1
54		0		1		18		41		-1		-1		B11B12		-1		-1		0		-1
55		0		1		19		41		11		6		B11B12		4		0		0		1
57		0		1		21		41		11		7		B11B12		4		0		0		1
41		0		1		5		41		12		0		B11B12		3		1		0		1
43		0		1		7		41		12		1		B11B12		3		1		0		1
37		0		1		1		41		12		2		B11B12		3		0		0		1
39		0		1		3		41		12		3		B11B12		3		0		0		1
50		0		1		14		41		12		4		B11B12		3		3		0		1
52		0		1		16		41		12		5		B11B12		3		3		0		1
46		0		1		10		41		12		6		B11B12		3		2		0		1
48		0		1		12		41		12		7		B11B12		3		2		0		1
40		0		1		4		41		13		0		B11B12		3		1		0		1
42		0		1		6		41		13		1		B11B12		3		1		0		1
36		0		1		0		41		13		2		B11B12		3		0		0		1
38		0		1		2		41		13		3		B11B12		3		0		0		1
49		0		1		13		41		13		4		B11B12		3		3		0		1
51		0		1		15		41		13		5		B11B12		3		3		0		1
44		0		1		8		41		-1		-1		B11B12		-1		-1		0		-1
45		0		1		9		41		13		6		B11B12		3		2		0		1
47		0		1		11		41		13		7		B11B12		3		2		0		1
20		0		0		20		41		14		0		B11B12		2		0		0		1
22		0		0		22		41		14		1		B11B12		2		0		0		1
33		0		0		33		41		14		2		B11B12		2		3		0		1
35		0		0		35		41		14		3		B11B12		2		3		0		1
29		0		0		29		41		14		4		B11B12		2		2		0		1
31		0		0		31		41		14		5		B11B12		2		2		0		1
24		0		0		24		41		14		6		B11B12		2		1		0		1
26		0		0		26		41		14		7		B11B12		2		1		0		1
17		0		0		17		41		-1		-1		B11B12		-1		-1		0		-1
18		0		0		18		41		-1		-1		B11B12		-1		-1		0		-1
19		0		0		19		41		15		0		B11B12		2		0		0		1
21		0		0		21		41		15		1		B11B12		2		0		0		1
32		0		0		32		41		15		2		B11B12		2		3		0		1
34		0		0		34		41		15		3		B11B12		2		3		0		1
27		0		0		27		41		-1		-1		B11B12		-1		-1		0		-1
28		0		0		28		41		15		4		B11B12		2		2		0		1
30		0		0		30		41		15		5		B11B12		2		2		0		1
23		0		0		23		41		15		6		B11B12		2		1		0		1
25		0		0		25		41		15		7		B11B12		2		1		0		1
14		0		0		14		41		16		0		B11B12		1		3		0		1
16		0		0		16		41		16		1		B11B12		1		3		0		1
10		0		0		10		41		16		2		B11B12		1		2		0		1
12		0		0		12		41		16		3		B11B12		1		2		0		1
1		0		0		1		41		16		4		B11B12		1		0		0		1
3		0		0		3		41		16		5		B11B12		1		0		0		1
5		0		0		5		41		16		6		B11B12		1		1		0		1
7		0		0		7		41		16		7		B11B12		1		1		0		1
8		0		0		8		41		-1		-1		B11B12		-1		-1		0		-1
13		0		0		13		41		17		0		B11B12		1		3		0		1
15		0		0		15		41		17		1		B11B12		1		3		0		1
9		0		0		9		41		17		2		B11B12		1		2		0		1
11		0		0		11		41		17		3		B11B12		1		2		0		1
0		0		0		0		41		17		4		B11B12		1		0		0		1
2		0		0		2		41		17		5		B11B12		1		0		0		1
4		0		0		4		41		17		6		B11B12		1		1		0		1
6		0		0		6		41		17		7		B11B12		1		1		0		1
69		0		1		33		41		18		0		D8		4		3		1		1
71		0		1		35		41		18		1		D8		4		3		1		1
65		0		1		29		41		18		2		D8		4		2		1		1
67		0		1		31		41		18		3		D8		4		2		1		1
60		0		1		24		41		18		4		D8		4		1		1		1
62		0		1		26		41		18		5		D8		4		1		1		1
56		0		1		20		41		18		6		D8		4		0		1		1
58		0		1		22		41		18		7		D8		4		0		1		1
68		0		1		32		41		19		0		D8		4		3		1		1
70		0		1		34		41		19		1		D8		4		3		1		1
63		0		1		27		41		-1		-1		D8		-1		-1		1		-1
64		0		1		28		41		19		2		D8		4		2		1		1
66		0		1		30		41		19		3		D8		4		2		1		1
59		0		1		23		41		19		4		D8		4		1		1		1
61		0		1		25		41		19		5		D8		4		1		1		1
53		0		1		17		41		-1		-1		D8		-1		-1		1		-1
54		0		1		18		41		-1		-1		D8		-1		-1		1		-1
55		0		1		19		41		19		6		D8		4		0		1		1
57		0		1		21		41		19		7		D8		4		0		1		1
41		0		1		5		41		20		0		D8		3		1		1		1
43		0		1		7		41		20		1		D8		3		1		1		1
37		0		1		1		41		20		2		D8		3		0		1		1
39		0		1		3		41		20		3		D8		3		0		1		1
50		0		1		14		41		20		4		D8		3		3		1		1
52		0		1		16		41		20		5		D8		3		3		1		1
46		0		1		10		41		20		6		D8		3		2		1		1
48		0		1		12		41		20		7		D8		3		2		1		1
40		0		1		4		41		21		0		D8		3		1		1		1
42		0		1		6		41		21		1		D8		3		1		1		1
36		0		1		0		41		21		2		D8		3		0		1		1
38		0		1		2		41		21		3		D8		3		0		1		1
49		0		1		13		41		21		4		D8		3		3		1		1
51		0		1		15		41		21		5		D8		3		3		1		1
44		0		1		8		41		-1		-1		D8		-1		-1		1		-1
45		0		1		9		41		21		6		D8		3		2		1		1
47		0		1		11		41		21		7		D8		3		2		1		1
20		0		0		20		41		22		0		D8		2		0		1		1
22		0		0		22		41		22		1		D8		2		0		1		1
33		0		0		33		41		22		2		D8		2		3		1		1
35		0		0		35		41		22		3		D8		2		3		1		1
29		0		0		29		41		22		4		D8		2		2		1		1
31		0		0		31		41		22		5		D8		2		2		1		1
24		0		0		24		41		22		6		D8		2		1		1		1
26		0		0		26		41		22		7		D8		2		1		1		1
17		0		0		17		41		-1		-1		D8		-1		-1		1		-1
18		0		0		18		41		-1		-1		D8		-1		-1		1		-1
19		0		0		19		41		23		0		D8		2		0		1		1
21		0		0		21		41		23		1		D8		2		0		1		1
32		0		0		32		41		23		2		D8		2		3		1		1
34		0		0		34		41		23		3		D8		2		3		1		1
27		0		0		27		41		-1		-1		D8		-1		-1		1		-1
28		0		0		28		41		23		4		D8		2		2		1		1
30		0		0		30		41		23		5		D8		2		2		1		1
23		0		0		23		41		23		6		D8		2		1		1		1
25		0		0		25		41		23		7		D8		2		1		1		1
14		0		0		14		41		24		0		D8		1		3		1		1
16		0		0		16		41		24		1		D8		1		3		1		1
10		0		0		10		41		24		2		D8		1		2		1		1
12		0		0		12		41		24		3		D8		1		2		1		1
1		0		0		1		41		24		4		D8		1		0		1		1
3		0		0		3		41		24		5		D8		1		0		1		1
5		0		0		5		41		24		6		D8		1		1		1		1
7		0		0		7		41		24		7		D8		1		1		1		1
8		0		0		8		41		-1		-1		D8		-1		-1		1		-1
13		0		0		13		41		25		0		D8		1		3		1		1
15		0		0		15		41		25		1		D8		1		3		1		1
9		0		0		9		41		25		2		D8		1		2		1		1
11		0		0		11		41		25		3		D8		1		2		1		1
0		0		0		0		41		25		4		D8		1		0		1		1
2		0		0		2		41		25		5		D8		1		0		1		1
4		0		0		4		41		25		6		D8		1		1		1		1
6		0		0		6		41		25		7		D8		1		1		1		1
69		0		1		33		41		26		0		E8		4		3		2		1
71		0		1		35		41		26		1		E8		4		3		2		1
65		0		1		29		41		26		2		E8		4		2		2		1
67		0		1		31		41		26		3		E8		4		2		2		1
60		0		1		24		41		26		4		E8		4		1		2		1
62		0		1		26		41		26		5		E8		4		1		2		1
56		0		1		20		41		26		6		E8		4		0		2		1
58		0		1		22		41		26		7		E8		4		0		2		1
68		0		1		32		41		27		0		E8		4		3		2		1
70		0		1		34		41		27		1		E8		4		3		2		1
63		0		1		27		41		-1		-1		E8		-1		-1		2		-1
64		0		1		28		41		27		2		E8		4		2		2		1
66		0		1		30		41		27		3		E8		4		2		2		1
59		0		1		23		41		27		4		E8		4		1		2		1
61		0		1		25		41		27		5		E8		4		1		2		1
53		0		1		17		41		-1		-1		E8		-1		-1		2		-1
54		0		1		18		41		-1		-1		E8		-1		-1		2		-1
55		0		1		19		41		27		6		E8		4		0		2		1
57		0		1		21		41		27		7		E8		4		0		2		1
41		0		1		5		41		28		0		E8		3		1		2		1
43		0		1		7		41		28		1		E8		3		1		2		1
37		0		1		1		41		28		2		E8		3		0		2		1
39		0		1		3		41		28		3		E8		3		0		2		1
50		0		1		14		41		28		4		E8		3		3		2		1
52		0		1		16		41		28		5		E8		3		3		2		1
46		0		1		10		41		28		6		E8		3		2		2		1
48		0		1		12		41		28		7		E8		3		2		2		1
40		0		1		4		41		29		0		E8		3		1		2		1
42		0		1		6		41		29		1		E8		3		1		2		1
36		0		1		0		41		29		2		E8		3		0		2		1
38		0		1		2		41		29		3		E8		3		0		2		1
49		0		1		13		41		29		4		E8		3		3		2		1
51		0		1		15		41		29		5		E8		3		3		2		1
44		0		1		8		41		-1		-1		E8		-1		-1		2		-1
45		0		1		9		41		29		6		E8		3		2		2		1
47		0		1		11		41		29		7		E8		3		2		2		1
20		0		0		20		41		30		0		E8		2		0		2		1
22		0		0		22		41		30		1		E8		2		0		2		1
33		0		0		33		41		30		2		E8		2		3		2		1
35		0		0		35		41		30		3		E8		2		3		2		1
29		0		0		29		41		30		4		E8		2		2		2		1
31		0		0		31		41		30		5		E8		2		2		2		1
24		0		0		24		41		30		6		E8		2		1		2		1
26		0		0		26		41		30		7		E8		2		1		2		1
17		0		0		17		41		-1		-1		E8		-1		-1		2		-1
18		0		0		18		41		-1		-1		E8		-1		-1		2		-1
19		0		0		19		41		31		0		E8		2		0		2		1
21		0		0		21		41		31		1		E8		2		0		2		1
32		0		0		32		41		31		2		E8		2		3		2		1
34		0		0		34		41		31		3		E8		2		3		2		1
27		0		0		27		41		-1		-1		E8		-1		-1		2		-1
28		0		0		28		41		31		4		E8		2		2		2		1
30		0		0		30		41		31		5		E8		2		2		2		1
23		0		0		23		41		31		6		E8		2		1		2		1
25		0		0		25		41		31		7		E8		2		1		2		1
14		0		0		14		41		32		0		E8		1		3		2		1
16		0		0		16		41		32		1		E8		1		3		2		1
10		0		0		10		41		32		2		E8		1		2		2		1
12		0		0		12		41		32		3		E8		1		2		2		1
1		0		0		1		41		32		4		E8		1		0		2		1
3		0		0		3		41		32		5		E8		1		0		2		1
5		0		0		5		41		32		6		E8		1		1		2		1
7		0		0		7		41		32		7		E8		1		1		2		1
8		0		0		8		41		-1		-1		E8		-1		-1		2		-1
13		0		0		13		41		33		0		E8		1		3		2		1
15		0		0		15		41		33		1		E8		1		3		2		1
9		0		0		9		41		33		2		E8		1		2		2		1
11		0		0		11		41		33		3		E8		1		2		2		1
0		0		0		0		41		33		4		E8		1		0		2		1
2		0		0		2		41		33		5		E8		1		0		2		1
4		0		0		4		41		33		6		E8		1		1		2		1
6		0		0		6		41		33		7		E8		1		1		2		1
69		0		1		33		41		34		0		G8		4		3		3		1
71		0		1		35		41		34		1		G8		4		3		3		1
65		0		1		29		41		34		2		G8		4		2		3		1
67		0		1		31		41		34		3		G8		4		2		3		1
60		0		1		24		41		34		4		G8		4		1		3		1
62		0		1		26		41		34		5		G8		4		1		3		1
56		0		1		20		41		34		6		G8		4		0		3		1
58		0		1		22		41		34		7		G8		4		0		3		1
68		0		1		32		41		35		0		G8		4		3		3		1
70		0		1		34		41		35		1		G8		4		3		3		1
63		0		1		27		41		-1		-1		G8		-1		-1		3		-1
64		0		1		28		41		35		2		G8		4		2		3		1
66		0		1		30		41		35		3		G8		4		2		3		1
59		0		1		23		41		35		4		G8		4		1		3		1
61		0		1		25		41		35		5		G8		4		1		3		1
53		0		1		17		41		-1		-1		G8		-1		-1		3		-1
54		0		1		18		41		-1		-1		G8		-1		-1		3		-1
55		0		1		19		41		35		6		G8		4		0		3		1
57		0		1		21		41		35		7		G8		4		0		3		1
41		0		1		5		41		36		0		G8		3		1		3		1
43		0		1		7		41		36		1		G8		3		1		3		1
37		0		1		1		41		36		2		G8		3		0		3		1
39		0		1		3		41		36		3		G8		3		0		3		1
50		0		1		14		41		36		4		G8		3		3		3		1
52		0		1		16		41		36		5		G8		3		3		3		1
46		0		1		10		41		36		6		G8		3		2		3		1
48		0		1		12		41		36		7		G8		3		2		3		1
40		0		1		4		41		37		0		G8		3		1		3		1
42		0		1		6		41		37		1		G8		3		1		3		1
36		0		1		0		41		37		2		G8		3		0		3		1
38		0		1		2		41		37		3		G8		3		0		3		1
49		0		1		13		41		37		4		G8		3		3		3		1
51		0		1		15		41		37		5		G8		3		3		3		1
44		0		1		8		41		-1		-1		G8		-1		-1		3		-1
45		0		1		9		41		37		6		G8		3		2		3		1
47		0		1		11		41		37		7		G8		3		2		3		1
20		0		0		20		41		38		0		G8		2		0		3		1
22		0		0		22		41		38		1		G8		2		0		3		1
33		0		0		33		41		38		2		G8		2		3		3		1
35		0		0		35		41		38		3		G8		2		3		3		1
29		0		0		29		41		38		4		G8		2		2		3		1
31		0		0		31		41		38		5		G8		2		2		3		1
24		0		0		24		41		38		6		G8		2		1		3		1
26		0		0		26		41		38		7		G8		2		1		3		1
17		0		0		17		41		-1		-1		G8		-1		-1		3		-1
18		0		0		18		41		-1		-1		G8		-1		-1		3		-1
19		0		0		19		41		39		0		G8		2		0		3		1
21		0		0		21		41		39		1		G8		2		0		3		1
32		0		0		32		41		39		2		G8		2		3		3		1
34		0		0		34		41		39		3		G8		2		3		3		1
27		0		0		27		41		-1		-1		G8		-1		-1		3		-1
28		0		0		28		41		39		4		G8		2		2		3		1
30		0		0		30		41		39		5		G8		2		2		3		1
23		0		0		23		41		39		6		G8		2		1		3		1
25		0		0		25		41		39		7		G8		2		1		3		1
14		0		0		14		41		40		0		G8		1		3		3		1
16		0		0		16		41		40		1		G8		1		3		3		1
10		0		0		10		41		40		2		G8		1		2		3		1
12		0		0		12		41		40		3		G8		1		2		3		1
1		0		0		1		41		40		4		G8		1		0		3		1
3		0		0		3		41		40		5		G8		1		0		3		1
5		0		0		5		41		40		6		G8		1		1		3		1
7		0		0		7		41		40		7		G8		1		1		3		1
8		0		0		8		41		-1		-1		G8		-1		-1		3		-1
13		0		0		13		41		41		0		G8		1		3		3		1
15		0		0		15		41		41		1		G8		1		3		3		1
9		0		0		9		41		41		2		G8		1		2		3		1
11		0		0		11		41		41		3		G8		1		2		3		1
0		0		0		0		41		41		4		G8		1		0		3		1
2		0		0		2		41		41		5		G8		1		0		3		1
4		0		0		4		41		41		6		G8		1		1		3		1
6		0		0		6		41		41		7		G8		1		1		3		1
92		1		0		20		42		6		0		B11B12		6		0		0		1
94		1		0		22		42		6		1		B11B12		6		0		0		1
105		1		0		33		42		6		2		B11B12		6		3		0		1
107		1		0		35		42		6		3		B11B12		6		3		0		1
101		1		0		29		42		6		4		B11B12		6		2		0		1
103		1		0		31		42		6		5		B11B12		6		2		0		1
96		1		0		24		42		6		6		B11B12		6		1		0		1
98		1		0		26		42		6		7		B11B12		6		1		0		1
89		1		0		17		42		-1		-1		B11B12		-1		-1		0		-1
90		1		0		18		42		-1		-1		B11B12		-1		-1		0		-1
91		1		0		19		42		7		0		B11B12		6		0		0		1
93		1		0		21		42		7		1		B11B12		6		0		0		1
104		1		0		32		42		7		2		B11B12		6		3		0		1
106		1		0		34		42		7		3		B11B12		6		3		0		1
99		1		0		27		42		-1		-1		B11B12		-1		-1		0		-1
100		1		0		28		42		7		4		B11B12		6		2		0		1
102		1		0		30		42		7		5		B11B12		6		2		0		1
95		1		0		23		42		7		6		B11B12		6		1		0		1
97		1		0		25		42		7		7		B11B12		6		1		0		1
86		1		0		14		42		8		0		B11B12		5		3		0		1
88		1		0		16		42		8		1		B11B12		5		3		0		1
82		1		0		10		42		8		2		B11B12		5		2		0		1
84		1		0		12		42		8		3		B11B12		5		2		0		1
73		1		0		1		42		8		4		B11B12		5		0		0		1
75		1		0		3		42		8		5		B11B12		5		0		0		1
77		1		0		5		42		8		6		B11B12		5		1		0		1
79		1		0		7		42		8		7		B11B12		5		1		0		1
85		1		0		13		42		9		0		B11B12		5		3		0		1
87		1		0		15		42		9		1		B11B12		5		3		0		1
80		1		0		8		42		-1		-1		B11B12		-1		-1		0		-1
81		1		0		9		42		9		2		B11B12		5		2		0		1
83		1		0		11		42		9		3		B11B12		5		2		0		1
72		1		0		0		42		9		4		B11B12		5		0		0		1
74		1		0		2		42		9		5		B11B12		5		0		0		1
76		1		0		4		42		9		6		B11B12		5		1		0		1
78		1		0		6		42		9		7		B11B12		5		1		0		1
69		0		1		33		42		10		0		B11B12		4		3		0		1
71		0		1		35		42		10		1		B11B12		4		3		0		1
65		0		1		29		42		10		2		B11B12		4		2		0		1
67		0		1		31		42		10		3		B11B12		4		2		0		1
60		0		1		24		42		10		4		B11B12		4		1		0		1
62		0		1		26		42		10		5		B11B12		4		1		0		1
56		0		1		20		42		10		6		B11B12		4		0		0		1
58		0		1		22		42		10		7		B11B12		4		0		0		1
68		0		1		32		42		11		0		B11B12		4		3		0		1
70		0		1		34		42		11		1		B11B12		4		3		0		1
63		0		1		27		42		-1		-1		B11B12		-1		-1		0		-1
64		0		1		28		42		11		2		B11B12		4		2		0		1
66		0		1		30		42		11		3		B11B12		4		2		0		1
59		0		1		23		42		11		4		B11B12		4		1		0		1
61		0		1		25		42		11		5		B11B12		4		1		0		1
53		0		1		17		42		-1		-1		B11B12		-1		-1		0		-1
54		0		1		18		42		-1		-1		B11B12		-1		-1		0		-1
55		0		1		19		42		11		6		B11B12		4		0		0		1
57		0		1		21		42		11		7		B11B12		4		0		0		1
41		0		1		5		42		12		0		B11B12		3		1		0		1
43		0		1		7		42		12		1		B11B12		3		1		0		1
37		0		1		1		42		12		2		B11B12		3		0		0		1
39		0		1		3		42		12		3		B11B12		3		0		0		1
50		0		1		14		42		12		4		B11B12		3		3		0		1
52		0		1		16		42		12		5		B11B12		3		3		0		1
46		0		1		10		42		12		6		B11B12		3		2		0		1
48		0		1		12		42		12		7		B11B12		3		2		0		1
40		0		1		4		42		13		0		B11B12		3		1		0		1
42		0		1		6		42		13		1		B11B12		3		1		0		1
36		0		1		0		42		13		2		B11B12		3		0		0		1
38		0		1		2		42		13		3		B11B12		3		0		0		1
49		0		1		13		42		13		4		B11B12		3		3		0		1
51		0		1		15		42		13		5		B11B12		3		3		0		1
44		0		1		8		42		-1		-1		B11B12		-1		-1		0		-1
45		0		1		9		42		13		6		B11B12		3		2		0		1
47		0		1		11		42		13		7		B11B12		3		2		0		1
20		0		0		20		42		14		0		B11B12		2		0		0		1
22		0		0		22		42		14		1		B11B12		2		0		0		1
33		0		0		33		42		14		2		B11B12		2		3		0		1
35		0		0		35		42		14		3		B11B12		2		3		0		1
29		0		0		29		42		14		4		B11B12		2		2		0		1
31		0		0		31		42		14		5		B11B12		2		2		0		1
24		0		0		24		42		14		6		B11B12		2		1		0		1
26		0		0		26		42		14		7		B11B12		2		1		0		1
17		0		0		17		42		-1		-1		B11B12		-1		-1		0		-1
18		0		0		18		42		-1		-1		B11B12		-1		-1		0		-1
19		0		0		19		42		15		0		B11B12		2		0		0		1
21		0		0		21		42		15		1		B11B12		2		0		0		1
32		0		0		32		42		15		2		B11B12		2		3		0		1
34		0		0		34		42		15		3		B11B12		2		3		0		1
27		0		0		27		42		-1		-1		B11B12		-1		-1		0		-1
28		0		0		28		42		15		4		B11B12		2		2		0		1
30		0		0		30		42		15		5		B11B12		2		2		0		1
23		0		0		23		42		15		6		B11B12		2		1		0		1
25		0		0		25		42		15		7		B11B12		2		1		0		1
14		0		0		14		42		16		0		B11B12		1		3		0		1
16		0		0		16		42		16		1		B11B12		1		3		0		1
10		0		0		10		42		16		2		B11B12		1		2		0		1
12		0		0		12		42		16		3		B11B12		1		2		0		1
1		0		0		1		42		16		4		B11B12		1		0		0		1
3		0		0		3		42		16		5		B11B12		1		0		0		1
5		0		0		5		42		16		6		B11B12		1		1		0		1
7		0		0		7		42		16		7		B11B12		1		1		0		1
8		0		0		8		42		-1		-1		B11B12		-1		-1		0		-1
13		0		0		13		42		17		0		B11B12		1		3		0		1
15		0		0		15		42		17		1		B11B12		1		3		0		1
9		0		0		9		42		17		2		B11B12		1		2		0		1
11		0		0		11		42		17		3		B11B12		1		2		0		1
0		0		0		0		42		17		4		B11B12		1		0		0		1
2		0		0		2		42		17		5		B11B12		1		0		0		1
4		0		0		4		42		17		6		B11B12		1		1		0		1
6		0		0		6		42		17		7		B11B12		1		1		0		1
69		0		1		33		42		18		0		D8		4		3		1		1
71		0		1		35		42		18		1		D8		4		3		1		1
65		0		1		29		42		18		2		D8		4		2		1		1
67		0		1		31		42		18		3		D8		4		2		1		1
60		0		1		24		42		18		4		D8		4		1		1		1
62		0		1		26		42		18		5		D8		4		1		1		1
56		0		1		20		42		18		6		D8		4		0		1		1
58		0		1		22		42		18		7		D8		4		0		1		1
68		0		1		32		42		19		0		D8		4		3		1		1
70		0		1		34		42		19		1		D8		4		3		1		1
63		0		1		27		42		-1		-1		D8		-1		-1		1		-1
64		0		1		28		42		19		2		D8		4		2		1		1
66		0		1		30		42		19		3		D8		4		2		1		1
59		0		1		23		42		19		4		D8		4		1		1		1
61		0		1		25		42		19		5		D8		4		1		1		1
53		0		1		17		42		-1		-1		D8		-1		-1		1		-1
54		0		1		18		42		-1		-1		D8		-1		-1		1		-1
55		0		1		19		42		19		6		D8		4		0		1		1
57		0		1		21		42		19		7		D8		4		0		1		1
41		0		1		5		42		20		0		D8		3		1		1		1
43		0		1		7		42		20		1		D8		3		1		1		1
37		0		1		1		42		20		2		D8		3		0		1		1
39		0		1		3		42		20		3		D8		3		0		1		1
50		0		1		14		42		20		4		D8		3		3		1		1
52		0		1		16		42		20		5		D8		3		3		1		1
46		0		1		10		42		20		6		D8		3		2		1		1
48		0		1		12		42		20		7		D8		3		2		1		1
40		0		1		4		42		21		0		D8		3		1		1		1
42		0		1		6		42		21		1		D8		3		1		1		1
36		0		1		0		42		21		2		D8		3		0		1		1
38		0		1		2		42		21		3		D8		3		0		1		1
49		0		1		13		42		21		4		D8		3		3		1		1
51		0		1		15		42		21		5		D8		3		3		1		1
44		0		1		8		42		-1		-1		D8		-1		-1		1		-1
45		0		1		9		42		21		6		D8		3		2		1		1
47		0		1		11		42		21		7		D8		3		2		1		1
20		0		0		20		42		22		0		D8		2		0		1		1
22		0		0		22		42		22		1		D8		2		0		1		1
33		0		0		33		42		22		2		D8		2		3		1		1
35		0		0		35		42		22		3		D8		2		3		1		1
29		0		0		29		42		22		4		D8		2		2		1		1
31		0		0		31		42		22		5		D8		2		2		1		1
24		0		0		24		42		22		6		D8		2		1		1		1
26		0		0		26		42		22		7		D8		2		1		1		1
17		0		0		17		42		-1		-1		D8		-1		-1		1		-1
18		0		0		18		42		-1		-1		D8		-1		-1		1		-1
19		0		0		19		42		23		0		D8		2		0		1		1
21		0		0		21		42		23		1		D8		2		0		1		1
32		0		0		32		42		23		2		D8		2		3		1		1
34		0		0		34		42		23		3		D8		2		3		1		1
27		0		0		27		42		-1		-1		D8		-1		-1		1		-1
28		0		0		28		42		23		4		D8		2		2		1		1
30		0		0		30		42		23		5		D8		2		2		1		1
23		0		0		23		42		23		6		D8		2		1		1		1
25		0		0		25		42		23		7		D8		2		1		1		1
14		0		0		14		42		24		0		D8		1		3		1		1
16		0		0		16		42		24		1		D8		1		3		1		1
10		0		0		10		42		24		2		D8		1		2		1		1
12		0		0		12		42		24		3		D8		1		2		1		1
1		0		0		1		42		24		4		D8		1		0		1		1
3		0		0		3		42		24		5		D8		1		0		1		1
5		0		0		5		42		24		6		D8		1		1		1		1
7		0		0		7		42		24		7		D8		1		1		1		1
8		0		0		8		42		-1		-1		D8		-1		-1		1		-1
13		0		0		13		42		25		0		D8		1		3		1		1
15		0		0		15		42		25		1		D8		1		3		1		1
9		0		0		9		42		25		2		D8		1		2		1		1
11		0		0		11		42		25		3		D8		1		2		1		1
0		0		0		0		42		25		4		D8		1		0		1		1
2		0		0		2		42		25		5		D8		1		0		1		1
4		0		0		4		42		25		6		D8		1		1		1		1
6		0		0		6		42		25		7		D8		1		1		1		1
69		0		1		33		42		26		0		E8		4		3		2		1
71		0		1		35		42		26		1		E8		4		3		2		1
65		0		1		29		42		26		2		E8		4		2		2		1
67		0		1		31		42		26		3		E8		4		2		2		1
60		0		1		24		42		26		4		E8		4		1		2		1
62		0		1		26		42		26		5		E8		4		1		2		1
56		0		1		20		42		26		6		E8		4		0		2		1
58		0		1		22		42		26		7		E8		4		0		2		1
68		0		1		32		42		27		0		E8		4		3		2		1
70		0		1		34		42		27		1		E8		4		3		2		1
63		0		1		27		42		-1		-1		E8		-1		-1		2		-1
64		0		1		28		42		27		2		E8		4		2		2		1
66		0		1		30		42		27		3		E8		4		2		2		1
59		0		1		23		42		27		4		E8		4		1		2		1
61		0		1		25		42		27		5		E8		4		1		2		1
53		0		1		17		42		-1		-1		E8		-1		-1		2		-1
54		0		1		18		42		-1		-1		E8		-1		-1		2		-1
55		0		1		19		42		27		6		E8		4		0		2		1
57		0		1		21		42		27		7		E8		4		0		2		1
41		0		1		5		42		28		0		E8		3		1		2		1
43		0		1		7		42		28		1		E8		3		1		2		1
37		0		1		1		42		28		2		E8		3		0		2		1
39		0		1		3		42		28		3		E8		3		0		2		1
50		0		1		14		42		28		4		E8		3		3		2		1
52		0		1		16		42		28		5		E8		3		3		2		1
46		0		1		10		42		28		6		E8		3		2		2		1
48		0		1		12		42		28		7		E8		3		2		2		1
40		0		1		4		42		29		0		E8		3		1		2		1
42		0		1		6		42		29		1		E8		3		1		2		1
36		0		1		0		42		29		2		E8		3		0		2		1
38		0		1		2		42		29		3		E8		3		0		2		1
49		0		1		13		42		29		4		E8		3		3		2		1
51		0		1		15		42		29		5		E8		3		3		2		1
44		0		1		8		42		-1		-1		E8		-1		-1		2		-1
45		0		1		9		42		29		6		E8		3		2		2		1
47		0		1		11		42		29		7		E8		3		2		2		1
20		0		0		20		42		30		0		E8		2		0		2		1
22		0		0		22		42		30		1		E8		2		0		2		1
33		0		0		33		42		30		2		E8		2		3		2		1
35		0		0		35		42		30		3		E8		2		3		2		1
29		0		0		29		42		30		4		E8		2		2		2		1
31		0		0		31		42		30		5		E8		2		2		2		1
24		0		0		24		42		30		6		E8		2		1		2		1
26		0		0		26		42		30		7		E8		2		1		2		1
17		0		0		17		42		-1		-1		E8		-1		-1		2		-1
18		0		0		18		42		-1		-1		E8		-1		-1		2		-1
19		0		0		19		42		31		0		E8		2		0		2		1
21		0		0		21		42		31		1		E8		2		0		2		1
32		0		0		32		42		31		2		E8		2		3		2		1
34		0		0		34		42		31		3		E8		2		3		2		1
27		0		0		27		42		-1		-1		E8		-1		-1		2		-1
28		0		0		28		42		31		4		E8		2		2		2		1
30		0		0		30		42		31		5		E8		2		2		2		1
23		0		0		23		42		31		6		E8		2		1		2		1
25		0		0		25		42		31		7		E8		2		1		2		1
14		0		0		14		42		32		0		E8		1		3		2		1
16		0		0		16		42		32		1		E8		1		3		2		1
10		0		0		10		42		32		2		E8		1		2		2		1
12		0		0		12		42		32		3		E8		1		2		2		1
1		0		0		1		42		32		4		E8		1		0		2		1
3		0		0		3		42		32		5		E8		1		0		2		1
5		0		0		5		42		32		6		E8		1		1		2		1
7		0		0		7		42		32		7		E8		1		1		2		1
8		0		0		8		42		-1		-1		E8		-1		-1		2		-1
13		0		0		13		42		33		0		E8		1		3		2		1
15		0		0		15		42		33		1		E8		1		3		2		1
9		0		0		9		42		33		2		E8		1		2		2		1
11		0		0		11		42		33		3		E8		1		2		2		1
0		0		0		0		42		33		4		E8		1		0		2		1
2		0		0		2		42		33		5		E8		1		0		2		1
4		0		0		4		42		33		6		E8		1		1		2		1
6		0		0		6		42		33		7		E8		1		1		2		1
69		0		1		33		42		34		0		G8		4		3		3		1
71		0		1		35		42		34		1		G8		4		3		3		1
65		0		1		29		42		34		2		G8		4		2		3		1
67		0		1		31		42		34		3		G8		4		2		3		1
60		0		1		24		42		34		4		G8		4		1		3		1
62		0		1		26		42		34		5		G8		4		1		3		1
56		0		1		20		42		34		6		G8		4		0		3		1
58		0		1		22		42		34		7		G8		4		0		3		1
68		0		1		32		42		35		0		G8		4		3		3		1
70		0		1		34		42		35		1		G8		4		3		3		1
63		0		1		27		42		-1		-1		G8		-1		-1		3		-1
64		0		1		28		42		35		2		G8		4		2		3		1
66		0		1		30		42		35		3		G8		4		2		3		1
59		0		1		23		42		35		4		G8		4		1		3		1
61		0		1		25		42		35		5		G8		4		1		3		1
53		0		1		17		42		-1		-1		G8		-1		-1		3		-1
54		0		1		18		42		-1		-1		G8		-1		-1		3		-1
55		0		1		19		42		35		6		G8		4		0		3		1
57		0		1		21		42		35		7		G8		4		0		3		1
41		0		1		5		42		36		0		G8		3		1		3		1
43		0		1		7		42		36		1		G8		3		1		3		1
37		0		1		1		42		36		2		G8		3		0		3		1
39		0		1		3		42		36		3		G8		3		0		3		1
50		0		1		14		42		36		4		G8		3		3		3		1
52		0		1		16		42		36		5		G8		3		3		3		1
46		0		1		10		42		36		6		G8		3		2		3		1
48		0		1		12		42		36		7		G8		3		2		3		1
40		0		1		4		42		37		0		G8		3		1		3		1
42		0		1		6		42		37		1		G8		3		1		3		1
36		0		1		0		42		37		2		G8		3		0		3		1
38		0		1		2		42		37		3		G8		3		0		3		1
49		0		1		13		42		37		4		G8		3		3		3		1
51		0		1		15		42		37		5		G8		3		3		3		1
44		0		1		8		42		-1		-1		G8		-1		-1		3		-1
45		0		1		9		42		37		6		G8		3		2		3		1
47		0		1		11		42		37		7		G8		3		2		3		1
20		0		0		20		42		38		0		G8		2		0		3		1
22		0		0		22		42		38		1		G8		2		0		3		1
33		0		0		33		42		38		2		G8		2		3		3		1
35		0		0		35		42		38		3		G8		2		3		3		1
29		0		0		29		42		38		4		G8		2		2		3		1
31		0		0		31		42		38		5		G8		2		2		3		1
24		0		0		24		42		38		6		G8		2		1		3		1
26		0		0		26		42		38		7		G8		2		1		3		1
17		0		0		17		42		-1		-1		G8		-1		-1		3		-1
18		0		0		18		42		-1		-1		G8		-1		-1		3		-1
19		0		0		19		42		39		0		G8		2		0		3		1
21		0		0		21		42		39		1		G8		2		0		3		1
32		0		0		32		42		39		2		G8		2		3		3		1
34		0		0		34		42		39		3		G8		2		3		3		1
27		0		0		27		42		-1		-1		G8		-1		-1		3		-1
28		0		0		28		42		39		4		G8		2		2		3		1
30		0		0		30		42		39		5		G8		2		2		3		1
23		0		0		23		42		39		6		G8		2		1		3		1
25		0		0		25		42		39		7		G8		2		1		3		1
14		0		0		14		42		40		0		G8		1		3		3		1
16		0		0		16		42		40		1		G8		1		3		3		1
10		0		0		10		42		40		2		G8		1		2		3		1
12		0		0		12		42		40		3		G8		1		2		3		1
1		0		0		1		42		40		4		G8		1		0		3		1
3		0		0		3		42		40		5		G8		1		0		3		1
5		0		0		5		42		40		6		G8		1		1		3		1
7		0		0		7		42		40		7		G8		1		1		3		1
8		0		0		8		42		-1		-1		G8		-1		-1		3		-1
13		0		0		13		42		41		0		G8		1		3		3		1
15		0		0		15		42		41		1		G8		1		3		3		1
9		0		0		9		42		41		2		G8		1		2		3		1
11		0		0		11		42		41		3		G8		1		2		3		1
0		0		0		0		42		41		4		G8		1		0		3		1
2		0		0		2		42		41		5		G8		1		0		3		1
4		0		0		4		42		41		6		G8		1		1		3		1
6		0		0		6		42		41		7		G8		1		1		3		1
92		1		0		20		43		6		0		B11B12		6		0		0		1
94		1		0		22		43		6		1		B11B12		6		0		0		1
105		1		0		33		43		6		2		B11B12		6		3		0		1
107		1		0		35		43		6		3		B11B12		6		3		0		1
101		1		0		29		43		6		4		B11B12		6		2		0		1
103		1		0		31		43		6		5		B11B12		6		2		0		1
96		1		0		24		43		6		6		B11B12		6		1		0		1
98		1		0		26		43		6		7		B11B12		6		1		0		1
89		1		0		17		43		-1		-1		B11B12		-1		-1		0		-1
90		1		0		18		43		-1		-1		B11B12		-1		-1		0		-1
91		1		0		19		43		7		0		B11B12		6		0		0		1
93		1		0		21		43		7		1		B11B12		6		0		0		1
104		1		0		32		43		7		2		B11B12		6		3		0		1
106		1		0		34		43		7		3		B11B12		6		3		0		1
99		1		0		27		43		-1		-1		B11B12		-1		-1		0		-1
100		1		0		28		43		7		4		B11B12		6		2		0		1
102		1		0		30		43		7		5		B11B12		6		2		0		1
95		1		0		23		43		7		6		B11B12		6		1		0		1
97		1		0		25		43		7		7		B11B12		6		1		0		1
86		1		0		14		43		8		0		B11B12		5		3		0		1
88		1		0		16		43		8		1		B11B12		5		3		0		1
82		1		0		10		43		8		2		B11B12		5		2		0		1
84		1		0		12		43		8		3		B11B12		5		2		0		1
73		1		0		1		43		8		4		B11B12		5		0		0		1
75		1		0		3		43		8		5		B11B12		5		0		0		1
77		1		0		5		43		8		6		B11B12		5		1		0		1
79		1		0		7		43		8		7		B11B12		5		1		0		1
85		1		0		13		43		9		0		B11B12		5		3		0		1
87		1		0		15		43		9		1		B11B12		5		3		0		1
80		1		0		8		43		-1		-1		B11B12		-1		-1		0		-1
81		1		0		9		43		9		2		B11B12		5		2		0		1
83		1		0		11		43		9		3		B11B12		5		2		0		1
72		1		0		0		43		9		4		B11B12		5		0		0		1
74		1		0		2		43		9		5		B11B12		5		0		0		1
76		1		0		4		43		9		6		B11B12		5		1		0		1
78		1		0		6		43		9		7		B11B12		5		1		0		1
69		0		1		33		43		10		0		B11B12		4		3		0		1
71		0		1		35		43		10		1		B11B12		4		3		0		1
65		0		1		29		43		10		2		B11B12		4		2		0		1
67		0		1		31		43		10		3		B11B12		4		2		0		1
60		0		1		24		43		10		4		B11B12		4		1		0		1
62		0		1		26		43		10		5		B11B12		4		1		0		1
56		0		1		20		43		10		6		B11B12		4		0		0		1
58		0		1		22		43		10		7		B11B12		4		0		0		1
68		0		1		32		43		11		0		B11B12		4		3		0		1
70		0		1		34		43		11		1		B11B12		4		3		0		1
63		0		1		27		43		-1		-1		B11B12		-1		-1		0		-1
64		0		1		28		43		11		2		B11B12		4		2		0		1
66		0		1		30		43		11		3		B11B12		4		2		0		1
59		0		1		23		43		11		4		B11B12		4		1		0		1
61		0		1		25		43		11		5		B11B12		4		1		0		1
53		0		1		17		43		-1		-1		B11B12		-1		-1		0		-1
54		0		1		18		43		-1		-1		B11B12		-1		-1		0		-1
55		0		1		19		43		11		6		B11B12		4		0		0		1
57		0		1		21		43		11		7		B11B12		4		0		0		1
41		0		1		5		43		12		0		B11B12		3		1		0		1
43		0		1		7		43		12		1		B11B12		3		1		0		1
37		0		1		1		43		12		2		B11B12		3		0		0		1
39		0		1		3		43		12		3		B11B12		3		0		0		1
50		0		1		14		43		12		4		B11B12		3		3		0		1
52		0		1		16		43		12		5		B11B12		3		3		0		1
46		0		1		10		43		12		6		B11B12		3		2		0		1
48		0		1		12		43		12		7		B11B12		3		2		0		1
40		0		1		4		43		13		0		B11B12		3		1		0		1
42		0		1		6		43		13		1		B11B12		3		1		0		1
36		0		1		0		43		13		2		B11B12		3		0		0		1
38		0		1		2		43		13		3		B11B12		3		0		0		1
49		0		1		13		43		13		4		B11B12		3		3		0		1
51		0		1		15		43		13		5		B11B12		3		3		0		1
44		0		1		8		43		-1		-1		B11B12		-1		-1		0		-1
45		0		1		9		43		13		6		B11B12		3		2		0		1
47		0		1		11		43		13		7		B11B12		3		2		0		1
20		0		0		20		43		14		0		B11B12		2		0		0		1
22		0		0		22		43		14		1		B11B12		2		0		0		1
33		0		0		33		43		14		2		B11B12		2		3		0		1
35		0		0		35		43		14		3		B11B12		2		3		0		1
29		0		0		29		43		14		4		B11B12		2		2		0		1
31		0		0		31		43		14		5		B11B12		2		2		0		1
24		0		0		24		43		14		6		B11B12		2		1		0		1
26		0		0		26		43		14		7		B11B12		2		1		0		1
17		0		0		17		43		-1		-1		B11B12		-1		-1		0		-1
18		0		0		18		43		-1		-1		B11B12		-1		-1		0		-1
19		0		0		19		43		15		0		B11B12		2		0		0		1
21		0		0		21		43		15		1		B11B12		2		0		0		1
32		0		0		32		43		15		2		B11B12		2		3		0		1
34		0		0		34		43		15		3		B11B12		2		3		0		1
27		0		0		27		43		-1		-1		B11B12		-1		-1		0		-1
28		0		0		28		43		15		4		B11B12		2		2		0		1
30		0		0		30		43		15		5		B11B12		2		2		0		1
23		0		0		23		43		15		6		B11B12		2		1		0		1
25		0		0		25		43		15		7		B11B12		2		1		0		1
14		0		0		14		43		16		0		B11B12		1		3		0		1
16		0		0		16		43		16		1		B11B12		1		3		0		1
10		0		0		10		43		16		2		B11B12		1		2		0		1
12		0		0		12		43		16		3		B11B12		1		2		0		1
1		0		0		1		43		16		4		B11B12		1		0		0		1
3		0		0		3		43		16		5		B11B12		1		0		0		1
5		0		0		5		43		16		6		B11B12		1		1		0		1
7		0		0		7		43		16		7		B11B12		1		1		0		1
8		0		0		8		43		-1		-1		B11B12		-1		-1		0		-1
13		0		0		13		43		17		0		B11B12		1		3		0		1
15		0		0		15		43		17		1		B11B12		1		3		0		1
9		0		0		9		43		17		2		B11B12		1		2		0		1
11		0		0		11		43		17		3		B11B12		1		2		0		1
0		0		0		0		43		17		4		B11B12		1		0		0		1
2		0		0		2		43		17		5		B11B12		1		0		0		1
4		0		0		4		43		17		6		B11B12		1		1		0		1
6		0		0		6		43		17		7		B11B12		1		1		0		1
69		0		1		33		43		18		0		D8		4		3		1		1
71		0		1		35		43		18		1		D8		4		3		1		1
65		0		1		29		43		18		2		D8		4		2		1		1
67		0		1		31		43		18		3		D8		4		2		1		1
60		0		1		24		43		18		4		D8		4		1		1		1
62		0		1		26		43		18		5		D8		4		1		1		1
56		0		1		20		43		18		6		D8		4		0		1		1
58		0		1		22		43		18		7		D8		4		0		1		1
68		0		1		32		43		19		0		D8		4		3		1		1
70		0		1		34		43		19		1		D8		4		3		1		1
63		0		1		27		43		-1		-1		D8		-1		-1		1		-1
64		0		1		28		43		19		2		D8		4		2		1		1
66		0		1		30		43		19		3		D8		4		2		1		1
59		0		1		23		43		19		4		D8		4		1		1		1
61		0		1		25		43		19		5		D8		4		1		1		1
53		0		1		17		43		-1		-1		D8		-1		-1		1		-1
54		0		1		18		43		-1		-1		D8		-1		-1		1		-1
55		0		1		19		43		19		6		D8		4		0		1		1
57		0		1		21		43		19		7		D8		4		0		1		1
41		0		1		5		43		20		0		D8		3		1		1		1
43		0		1		7		43		20		1		D8		3		1		1		1
37		0		1		1		43		20		2		D8		3		0		1		1
39		0		1		3		43		20		3		D8		3		0		1		1
50		0		1		14		43		20		4		D8		3		3		1		1
52		0		1		16		43		20		5		D8		3		3		1		1
46		0		1		10		43		20		6		D8		3		2		1		1
48		0		1		12		43		20		7		D8		3		2		1		1
40		0		1		4		43		21		0		D8		3		1		1		1
42		0		1		6		43		21		1		D8		3		1		1		1
36		0		1		0		43		21		2		D8		3		0		1		1
38		0		1		2		43		21		3		D8		3		0		1		1
49		0		1		13		43		21		4		D8		3		3		1		1
51		0		1		15		43		21		5		D8		3		3		1		1
44		0		1		8		43		-1		-1		D8		-1		-1		1		-1
45		0		1		9		43		21		6		D8		3		2		1		1
47		0		1		11		43		21		7		D8		3		2		1		1
20		0		0		20		43		22		0		D8		2		0		1		1
22		0		0		22		43		22		1		D8		2		0		1		1
33		0		0		33		43		22		2		D8		2		3		1		1
35		0		0		35		43		22		3		D8		2		3		1		1
29		0		0		29		43		22		4		D8		2		2		1		1
31		0		0		31		43		22		5		D8		2		2		1		1
24		0		0		24		43		22		6		D8		2		1		1		1
26		0		0		26		43		22		7		D8		2		1		1		1
17		0		0		17		43		-1		-1		D8		-1		-1		1		-1
18		0		0		18		43		-1		-1		D8		-1		-1		1		-1
19		0		0		19		43		23		0		D8		2		0		1		1
21		0		0		21		43		23		1		D8		2		0		1		1
32		0		0		32		43		23		2		D8		2		3		1		1
34		0		0		34		43		23		3		D8		2		3		1		1
27		0		0		27		43		-1		-1		D8		-1		-1		1		-1
28		0		0		28		43		23		4		D8		2		2		1		1
30		0		0		30		43		23		5		D8		2		2		1		1
23		0		0		23		43		23		6		D8		2		1		1		1
25		0		0		25		43		23		7		D8		2		1		1		1
14		0		0		14		43		24		0		D8		1		3		1		1
16		0		0		16		43		24		1		D8		1		3		1		1
10		0		0		10		43		24		2		D8		1		2		1		1
12		0		0		12		43		24		3		D8		1		2		1		1
1		0		0		1		43		24		4		D8		1		0		1		1
3		0		0		3		43		24		5		D8		1		0		1		1
5		0		0		5		43		24		6		D8		1		1		1		1
7		0		0		7		43		24		7		D8		1		1		1		1
8		0		0		8		43		-1		-1		D8		-1		-1		1		-1
13		0		0		13		43		25		0		D8		1		3		1		1
15		0		0		15		43		25		1		D8		1		3		1		1
9		0		0		9		43		25		2		D8		1		2		1		1
11		0		0		11		43		25		3		D8		1		2		1		1
0		0		0		0		43		25		4		D8		1		0		1		1
2		0		0		2		43		25		5		D8		1		0		1		1
4		0		0		4		43		25		6		D8		1		1		1		1
6		0		0		6		43		25		7		D8		1		1		1		1
69		0		1		33		43		26		0		E8		4		3		2		1
71		0		1		35		43		26		1		E8		4		3		2		1
65		0		1		29		43		26		2		E8		4		2		2		1
67		0		1		31		43		26		3		E8		4		2		2		1
60		0		1		24		43		26		4		E8		4		1		2		1
62		0		1		26		43		26		5		E8		4		1		2		1
56		0		1		20		43		26		6		E8		4		0		2		1
58		0		1		22		43		26		7		E8		4		0		2		1
68		0		1		32		43		27		0		E8		4		3		2		1
70		0		1		34		43		27		1		E8		4		3		2		1
63		0		1		27		43		-1		-1		E8		-1		-1		2		-1
64		0		1		28		43		27		2		E8		4		2		2		1
66		0		1		30		43		27		3		E8		4		2		2		1
59		0		1		23		43		27		4		E8		4		1		2		1
61		0		1		25		43		27		5		E8		4		1		2		1
53		0		1		17		43		-1		-1		E8		-1		-1		2		-1
54		0		1		18		43		-1		-1		E8		-1		-1		2		-1
55		0		1		19		43		27		6		E8		4		0		2		1
57		0		1		21		43		27		7		E8		4		0		2		1
41		0		1		5		43		28		0		E8		3		1		2		1
43		0		1		7		43		28		1		E8		3		1		2		1
37		0		1		1		43		28		2		E8		3		0		2		1
39		0		1		3		43		28		3		E8		3		0		2		1
50		0		1		14		43		28		4		E8		3		3		2		1
52		0		1		16		43		28		5		E8		3		3		2		1
46		0		1		10		43		28		6		E8		3		2		2		1
48		0		1		12		43		28		7		E8		3		2		2		1
40		0		1		4		43		29		0		E8		3		1		2		1
42		0		1		6		43		29		1		E8		3		1		2		1
36		0		1		0		43		29		2		E8		3		0		2		1
38		0		1		2		43		29		3		E8		3		0		2		1
49		0		1		13		43		29		4		E8		3		3		2		1
51		0		1		15		43		29		5		E8		3		3		2		1
44		0		1		8		43		-1		-1		E8		-1		-1		2		-1
45		0		1		9		43		29		6		E8		3		2		2		1
47		0		1		11		43		29		7		E8		3		2		2		1
20		0		0		20		43		30		0		E8		2		0		2		1
22		0		0		22		43		30		1		E8		2		0		2		1
33		0		0		33		43		30		2		E8		2		3		2		1
35		0		0		35		43		30		3		E8		2		3		2		1
29		0		0		29		43		30		4		E8		2		2		2		1
31		0		0		31		43		30		5		E8		2		2		2		1
24		0		0		24		43		30		6		E8		2		1		2		1
26		0		0		26		43		30		7		E8		2		1		2		1
17		0		0		17		43		-1		-1		E8		-1		-1		2		-1
18		0		0		18		43		-1		-1		E8		-1		-1		2		-1
19		0		0		19		43		31		0		E8		2		0		2		1
21		0		0		21		43		31		1		E8		2		0		2		1
32		0		0		32		43		31		2		E8		2		3		2		1
34		0		0		34		43		31		3		E8		2		3		2		1
27		0		0		27		43		-1		-1		E8		-1		-1		2		-1
28		0		0		28		43		31		4		E8		2		2		2		1
30		0		0		30		43		31		5		E8		2		2		2		1
23		0		0		23		43		31		6		E8		2		1		2		1
25		0		0		25		43		31		7		E8		2		1		2		1
14		0		0		14		43		32		0		E8		1		3		2		1
16		0		0		16		43		32		1		E8		1		3		2		1
10		0		0		10		43		32		2		E8		1		2		2		1
12		0		0		12		43		32		3		E8		1		2		2		1
1		0		0		1		43		32		4		E8		1		0		2		1
3		0		0		3		43		32		5		E8		1		0		2		1
5		0		0		5		43		32		6		E8		1		1		2		1
7		0		0		7		43		32		7		E8		1		1		2		1
8		0		0		8		43		-1		-1		E8		-1		-1		2		-1
13		0		0		13		43		33		0		E8		1		3		2		1
15		0		0		15		43		33		1		E8		1		3		2		1
9		0		0		9		43		33		2		E8		1		2		2		1
11		0		0		11		43		33		3		E8		1		2		2		1
0		0		0		0		43		33		4		E8		1		0		2		1
2		0		0		2		43		33		5		E8		1		0		2		1
4		0		0		4		43		33		6		E8		1		1		2		1
6		0		0		6		43		33		7		E8		1		1		2		1
69		0		1		33		43		34		0		G8		4		3		3		1
71		0		1		35		43		34		1		G8		4		3		3		1
65		0		1		29		43		34		2		G8		4		2		3		1
67		0		1		31		43		34		3		G8		4		2		3		1
60		0		1		24		43		34		4		G8		4		1		3		1
62		0		1		26		43		34		5		G8		4		1		3		1
56		0		1		20		43		34		6		G8		4		0		3		1
58		0		1		22		43		34		7		G8		4		0		3		1
68		0		1		32		43		35		0		G8		4		3		3		1
70		0		1		34		43		35		1		G8		4		3		3		1
63		0		1		27		43		-1		-1		G8		-1		-1		3		-1
64		0		1		28		43		35		2		G8		4		2		3		1
66		0		1		30		43		35		3		G8		4		2		3		1
59		0		1		23		43		35		4		G8		4		1		3		1
61		0		1		25		43		35		5		G8		4		1		3		1
53		0		1		17		43		-1		-1		G8		-1		-1		3		-1
54		0		1		18		43		-1		-1		G8		-1		-1		3		-1
55		0		1		19		43		35		6		G8		4		0		3		1
57		0		1		21		43		35		7		G8		4		0		3		1
41		0		1		5		43		36		0		G8		3		1		3		1
43		0		1		7		43		36		1		G8		3		1		3		1
37		0		1		1		43		36		2		G8		3		0		3		1
39		0		1		3		43		36		3		G8		3		0		3		1
50		0		1		14		43		36		4		G8		3		3		3		1
52		0		1		16		43		36		5		G8		3		3		3		1
46		0		1		10		43		36		6		G8		3		2		3		1
48		0		1		12		43		36		7		G8		3		2		3		1
40		0		1		4		43		37		0		G8		3		1		3		1
42		0		1		6		43		37		1		G8		3		1		3		1
36		0		1		0		43		37		2		G8		3		0		3		1
38		0		1		2		43		37		3		G8		3		0		3		1
49		0		1		13		43		37		4		G8		3		3		3		1
51		0		1		15		43		37		5		G8		3		3		3		1
44		0		1		8		43		-1		-1		G8		-1		-1		3		-1
45		0		1		9		43		37		6		G8		3		2		3		1
47		0		1		11		43		37		7		G8		3		2		3		1
20		0		0		20		43		38		0		G8		2		0		3		1
22		0		0		22		43		38		1		G8		2		0		3		1
33		0		0		33		43		38		2		G8		2		3		3		1
35		0		0		35		43		38		3		G8		2		3		3		1
29		0		0		29		43		38		4		G8		2		2		3		1
31		0		0		31		43		38		5		G8		2		2		3		1
24		0		0		24		43		38		6		G8		2		1		3		1
26		0		0		26		43		38		7		G8		2		1		3		1
17		0		0		17		43		-1		-1		G8		-1		-1		3		-1
18		0		0		18		43		-1		-1		G8		-1		-1		3		-1
19		0		0		19		43		39		0		G8		2		0		3		1
21		0		0		21		43		39		1		G8		2		0		3		1
32		0		0		32		43		39		2		G8		2		3		3		1
34		0		0		34		43		39		3		G8		2		3		3		1
27		0		0		27		43		-1		-1		G8		-1		-1		3		-1
28		0		0		28		43		39		4		G8		2		2		3		1
30		0		0		30		43		39		5		G8		2		2		3		1
23		0		0		23		43		39		6		G8		2		1		3		1
25		0		0		25		43		39		7		G8		2		1		3		1
14		0		0		14		43		40		0		G8		1		3		3		1
16		0		0		16		43		40		1		G8		1		3		3		1
10		0		0		10		43		40		2		G8		1		2		3		1
12		0		0		12		43		40		3		G8		1		2		3		1
1		0		0		1		43		40		4		G8		1		0		3		1
3		0		0		3		43		40		5		G8		1		0		3		1
5		0		0		5		43		40		6		G8		1		1		3		1
7		0		0		7		43		40		7		G8		1		1		3		1
8		0		0		8		43		-1		-1		G8		-1		-1		3		-1
13		0		0		13		43		41		0		G8		1		3		3		1
15		0		0		15		43		41		1		G8		1		3		3		1
9		0		0		9		43		41		2		G8		1		2		3		1
11		0		0		11		43		41		3		G8		1		2		3		1
0		0		0		0		43		41		4		G8		1		0		3		1
2		0		0		2		43		41		5		G8		1		0		3		1
4		0		0		4		43		41		6		G8		1		1		3		1
6		0		0		6		43		41		7		G8		1		1		3		1
41		0		1		5		44		0		0		A5A6		3		1		0		1
43		0		1		7		44		0		1		A5A6		3		1		0		1
37		0		1		1		44		0		2		A5A6		3		0		0		1
39		0		1		3		44		0		3		A5A6		3		0		0		1
50		0		1		14		44		0		4		A5A6		3		3		0		1
52		0		1		16		44		0		5		A5A6		3		3		0		1
46		0		1		10		44		0		6		A5A6		3		2		0		1
48		0		1		12		44		0		7		A5A6		3		2		0		1
40		0		1		4		44		1		0		A5A6		3		1		0		1
42		0		1		6		44		1		1		A5A6		3		1		0		1
36		0		1		0		44		1		2		A5A6		3		0		0		1
38		0		1		2		44		1		3		A5A6		3		0		0		1
49		0		1		13		44		1		4		A5A6		3		3		0		1
51		0		1		15		44		1		5		A5A6		3		3		0		1
44		0		1		8		44		-1		-1		A5A6		-1		-1		0		-1
45		0		1		9		44		1		6		A5A6		3		2		0		1
47		0		1		11		44		1		7		A5A6		3		2		0		1
20		0		0		20		44		2		0		A5A6		2		0		0		1
22		0		0		22		44		2		1		A5A6		2		0		0		1
33		0		0		33		44		2		2		A5A6		2		3		0		1
35		0		0		35		44		2		3		A5A6		2		3		0		1
29		0		0		29		44		2		4		A5A6		2		2		0		1
31		0		0		31		44		2		5		A5A6		2		2		0		1
24		0		0		24		44		2		6		A5A6		2		1		0		1
26		0		0		26		44		2		7		A5A6		2		1		0		1
17		0		0		17		44		-1		-1		A5A6		-1		-1		0		-1
18		0		0		18		44		-1		-1		A5A6		-1		-1		0		-1
19		0		0		19		44		3		0		A5A6		2		0		0		1
21		0		0		21		44		3		1		A5A6		2		0		0		1
32		0		0		32		44		3		2		A5A6		2		3		0		1
34		0		0		34		44		3		3		A5A6		2		3		0		1
27		0		0		27		44		-1		-1		A5A6		-1		-1		0		-1
28		0		0		28		44		3		4		A5A6		2		2		0		1
30		0		0		30		44		3		5		A5A6		2		2		0		1
23		0		0		23		44		3		6		A5A6		2		1		0		1
25		0		0		25		44		3		7		A5A6		2		1		0		1
14		0		0		14		44		4		0		A5A6		1		3		0		1
16		0		0		16		44		4		1		A5A6		1		3		0		1
10		0		0		10		44		4		2		A5A6		1		2		0		1
12		0		0		12		44		4		3		A5A6		1		2		0		1
1		0		0		1		44		4		4		A5A6		1		0		0		1
3		0		0		3		44		4		5		A5A6		1		0		0		1
5		0		0		5		44		4		6		A5A6		1		1		0		1
7		0		0		7		44		4		7		A5A6		1		1		0		1
8		0		0		8		44		-1		-1		A5A6		-1		-1		0		-1
13		0		0		13		44		5		0		A5A6		1		3		0		1
15		0		0		15		44		5		1		A5A6		1		3		0		1
9		0		0		9		44		5		2		A5A6		1		2		0		1
11		0		0		11		44		5		3		A5A6		1		2		0		1
0		0		0		0		44		5		4		A5A6		1		0		0		1
2		0		0		2		44		5		5		A5A6		1		0		0		1
4		0		0		4		44		5		6		A5A6		1		1		0		1
6		0		0		6		44		5		7		A5A6		1		1		0		1
92		1		0		20		44		6		0		B11B12		6		0		1		1
94		1		0		22		44		6		1		B11B12		6		0		1		1
105		1		0		33		44		6		2		B11B12		6		3		1		1
107		1		0		35		44		6		3		B11B12		6		3		1		1
101		1		0		29		44		6		4		B11B12		6		2		1		1
103		1		0		31		44		6		5		B11B12		6		2		1		1
96		1		0		24		44		6		6		B11B12		6		1		1		1
98		1		0		26		44		6		7		B11B12		6		1		1		1
89		1		0		17		44		-1		-1		B11B12		-1		-1		1		-1
90		1		0		18		44		-1		-1		B11B12		-1		-1		1		-1
91		1		0		19		44		7		0		B11B12		6		0		1		1
93		1		0		21		44		7		1		B11B12		6		0		1		1
104		1		0		32		44		7		2		B11B12		6		3		1		1
106		1		0		34		44		7		3		B11B12		6		3		1		1
99		1		0		27		44		-1		-1		B11B12		-1		-1		1		-1
100		1		0		28		44		7		4		B11B12		6		2		1		1
102		1		0		30		44		7		5		B11B12		6		2		1		1
95		1		0		23		44		7		6		B11B12		6		1		1		1
97		1		0		25		44		7		7		B11B12		6		1		1		1
86		1		0		14		44		8		0		B11B12		5		3		1		1
88		1		0		16		44		8		1		B11B12		5		3		1		1
82		1		0		10		44		8		2		B11B12		5		2		1		1
84		1		0		12		44		8		3		B11B12		5		2		1		1
73		1		0		1		44		8		4		B11B12		5		0		1		1
75		1		0		3		44		8		5		B11B12		5		0		1		1
77		1		0		5		44		8		6		B11B12		5		1		1		1
79		1		0		7		44		8		7		B11B12		5		1		1		1
85		1		0		13		44		9		0		B11B12		5		3		1		1
87		1		0		15		44		9		1		B11B12		5		3		1		1
80		1		0		8		44		-1		-1		B11B12		-1		-1		1		-1
81		1		0		9		44		9		2		B11B12		5		2		1		1
83		1		0		11		44		9		3		B11B12		5		2		1		1
72		1		0		0		44		9		4		B11B12		5		0		1		1
74		1		0		2		44		9		5		B11B12		5		0		1		1
76		1		0		4		44		9		6		B11B12		5		1		1		1
78		1		0		6		44		9		7		B11B12		5		1		1		1
69		0		1		33		44		10		0		B11B12		4		3		1		1
71		0		1		35		44		10		1		B11B12		4		3		1		1
65		0		1		29		44		10		2		B11B12		4		2		1		1
67		0		1		31		44		10		3		B11B12		4		2		1		1
60		0		1		24		44		10		4		B11B12		4		1		1		1
62		0		1		26		44		10		5		B11B12		4		1		1		1
56		0		1		20		44		10		6		B11B12		4		0		1		1
58		0		1		22		44		10		7		B11B12		4		0		1		1
68		0		1		32		44		11		0		B11B12		4		3		1		1
70		0		1		34		44		11		1		B11B12		4		3		1		1
63		0		1		27		44		-1		-1		B11B12		-1		-1		1		-1
64		0		1		28		44		11		2		B11B12		4		2		1		1
66		0		1		30		44		11		3		B11B12		4		2		1		1
59		0		1		23		44		11		4		B11B12		4		1		1		1
61		0		1		25		44		11		5		B11B12		4		1		1		1
53		0		1		17		44		-1		-1		B11B12		-1		-1		1		-1
54		0		1		18		44		-1		-1		B11B12		-1		-1		1		-1
55		0		1		19		44		11		6		B11B12		4		0		1		1
57		0		1		21		44		11		7		B11B12		4		0		1		1
41		0		1		5		44		12		0		B11B12		3		1		1		1
43		0		1		7		44		12		1		B11B12		3		1		1		1
37		0		1		1		44		12		2		B11B12		3		0		1		1
39		0		1		3		44		12		3		B11B12		3		0		1		1
50		0		1		14		44		12		4		B11B12		3		3		1		1
52		0		1		16		44		12		5		B11B12		3		3		1		1
46		0		1		10		44		12		6		B11B12		3		2		1		1
48		0		1		12		44		12		7		B11B12		3		2		1		1
40		0		1		4		44		13		0		B11B12		3		1		1		1
42		0		1		6		44		13		1		B11B12		3		1		1		1
36		0		1		0		44		13		2		B11B12		3		0		1		1
38		0		1		2		44		13		3		B11B12		3		0		1		1
49		0		1		13		44		13		4		B11B12		3		3		1		1
51		0		1		15		44		13		5		B11B12		3		3		1		1
44		0		1		8		44		-1		-1		B11B12		-1		-1		1		-1
45		0		1		9		44		13		6		B11B12		3		2		1		1
47		0		1		11		44		13		7		B11B12		3		2		1		1
20		0		0		20		44		14		0		B11B12		2		0		1		1
22		0		0		22		44		14		1		B11B12		2		0		1		1
33		0		0		33		44		14		2		B11B12		2		3		1		1
35		0		0		35		44		14		3		B11B12		2		3		1		1
29		0		0		29		44		14		4		B11B12		2		2		1		1
31		0		0		31		44		14		5		B11B12		2		2		1		1
24		0		0		24		44		14		6		B11B12		2		1		1		1
26		0		0		26		44		14		7		B11B12		2		1		1		1
17		0		0		17		44		-1		-1		B11B12		-1		-1		1		-1
18		0		0		18		44		-1		-1		B11B12		-1		-1		1		-1
19		0		0		19		44		15		0		B11B12		2		0		1		1
21		0		0		21		44		15		1		B11B12		2		0		1		1
32		0		0		32		44		15		2		B11B12		2		3		1		1
34		0		0		34		44		15		3		B11B12		2		3		1		1
27		0		0		27		44		-1		-1		B11B12		-1		-1		1		-1
28		0		0		28		44		15		4		B11B12		2		2		1		1
30		0		0		30		44		15		5		B11B12		2		2		1		1
23		0		0		23		44		15		6		B11B12		2		1		1		1
25		0		0		25		44		15		7		B11B12		2		1		1		1
14		0		0		14		44		16		0		B11B12		1		3		1		1
16		0		0		16		44		16		1		B11B12		1		3		1		1
10		0		0		10		44		16		2		B11B12		1		2		1		1
12		0		0		12		44		16		3		B11B12		1		2		1		1
1		0		0		1		44		16		4		B11B12		1		0		1		1
3		0		0		3		44		16		5		B11B12		1		0		1		1
5		0		0		5		44		16		6		B11B12		1		1		1		1
7		0		0		7		44		16		7		B11B12		1		1		1		1
8		0		0		8		44		-1		-1		B11B12		-1		-1		1		-1
13		0		0		13		44		17		0		B11B12		1		3		1		1
15		0		0		15		44		17		1		B11B12		1		3		1		1
9		0		0		9		44		17		2		B11B12		1		2		1		1
11		0		0		11		44		17		3		B11B12		1		2		1		1
0		0		0		0		44		17		4		B11B12		1		0		1		1
2		0		0		2		44		17		5		B11B12		1		0		1		1
4		0		0		4		44		17		6		B11B12		1		1		1		1
6		0		0		6		44		17		7		B11B12		1		1		1		1
69		0		1		33		44		18		0		D8		4		3		2		1
71		0		1		35		44		18		1		D8		4		3		2		1
65		0		1		29		44		18		2		D8		4		2		2		1
67		0		1		31		44		18		3		D8		4		2		2		1
60		0		1		24		44		18		4		D8		4		1		2		1
62		0		1		26		44		18		5		D8		4		1		2		1
56		0		1		20		44		18		6		D8		4		0		2		1
58		0		1		22		44		18		7		D8		4		0		2		1
68		0		1		32		44		19		0		D8		4		3		2		1
70		0		1		34		44		19		1		D8		4		3		2		1
63		0		1		27		44		-1		-1		D8		-1		-1		2		-1
64		0		1		28		44		19		2		D8		4		2		2		1
66		0		1		30		44		19		3		D8		4		2		2		1
59		0		1		23		44		19		4		D8		4		1		2		1
61		0		1		25		44		19		5		D8		4		1		2		1
53		0		1		17		44		-1		-1		D8		-1		-1		2		-1
54		0		1		18		44		-1		-1		D8		-1		-1		2		-1
55		0		1		19		44		19		6		D8		4		0		2		1
57		0		1		21		44		19		7		D8		4		0		2		1
41		0		1		5		44		20		0		D8		3		1		2		1
43		0		1		7		44		20		1		D8		3		1		2		1
37		0		1		1		44		20		2		D8		3		0		2		1
39		0		1		3		44		20		3		D8		3		0		2		1
50		0		1		14		44		20		4		D8		3		3		2		1
52		0		1		16		44		20		5		D8		3		3		2		1
46		0		1		10		44		20		6		D8		3		2		2		1
48		0		1		12		44		20		7		D8		3		2		2		1
40		0		1		4		44		21		0		D8		3		1		2		1
42		0		1		6		44		21		1		D8		3		1		2		1
36		0		1		0		44		21		2		D8		3		0		2		1
38		0		1		2		44		21		3		D8		3		0		2		1
49		0		1		13		44		21		4		D8		3		3		2		1
51		0		1		15		44		21		5		D8		3		3		2		1
44		0		1		8		44		-1		-1		D8		-1		-1		2		-1
45		0		1		9		44		21		6		D8		3		2		2		1
47		0		1		11		44		21		7		D8		3		2		2		1
20		0		0		20		44		22		0		D8		2		0		2		1
22		0		0		22		44		22		1		D8		2		0		2		1
33		0		0		33		44		22		2		D8		2		3		2		1
35		0		0		35		44		22		3		D8		2		3		2		1
29		0		0		29		44		22		4		D8		2		2		2		1
31		0		0		31		44		22		5		D8		2		2		2		1
24		0		0		24		44		22		6		D8		2		1		2		1
26		0		0		26		44		22		7		D8		2		1		2		1
17		0		0		17		44		-1		-1		D8		-1		-1		2		-1
18		0		0		18		44		-1		-1		D8		-1		-1		2		-1
19		0		0		19		44		23		0		D8		2		0		2		1
21		0		0		21		44		23		1		D8		2		0		2		1
32		0		0		32		44		23		2		D8		2		3		2		1
34		0		0		34		44		23		3		D8		2		3		2		1
27		0		0		27		44		-1		-1		D8		-1		-1		2		-1
28		0		0		28		44		23		4		D8		2		2		2		1
30		0		0		30		44		23		5		D8		2		2		2		1
23		0		0		23		44		23		6		D8		2		1		2		1
25		0		0		25		44		23		7		D8		2		1		2		1
14		0		0		14		44		24		0		D8		1		3		2		1
16		0		0		16		44		24		1		D8		1		3		2		1
10		0		0		10		44		24		2		D8		1		2		2		1
12		0		0		12		44		24		3		D8		1		2		2		1
1		0		0		1		44		24		4		D8		1		0		2		1
3		0		0		3		44		24		5		D8		1		0		2		1
5		0		0		5		44		24		6		D8		1		1		2		1
7		0		0		7		44		24		7		D8		1		1		2		1
8		0		0		8		44		-1		-1		D8		-1		-1		2		-1
13		0		0		13		44		25		0		D8		1		3		2		1
15		0		0		15		44		25		1		D8		1		3		2		1
9		0		0		9		44		25		2		D8		1		2		2		1
11		0		0		11		44		25		3		D8		1		2		2		1
0		0		0		0		44		25		4		D8		1		0		2		1
2		0		0		2		44		25		5		D8		1		0		2		1
4		0		0		4		44		25		6		D8		1		1		2		1
6		0		0		6		44		25		7		D8		1		1		2		1
69		0		1		33		44		26		0		E8		4		3		3		1
71		0		1		35		44		26		1		E8		4		3		3		1
65		0		1		29		44		26		2		E8		4		2		3		1
67		0		1		31		44		26		3		E8		4		2		3		1
60		0		1		24		44		26		4		E8		4		1		3		1
62		0		1		26		44		26		5		E8		4		1		3		1
56		0		1		20		44		26		6		E8		4		0		3		1
58		0		1		22		44		26		7		E8		4		0		3		1
68		0		1		32		44		27		0		E8		4		3		3		1
70		0		1		34		44		27		1		E8		4		3		3		1
63		0		1		27		44		-1		-1		E8		-1		-1		3		-1
64		0		1		28		44		27		2		E8		4		2		3		1
66		0		1		30		44		27		3		E8		4		2		3		1
59		0		1		23		44		27		4		E8		4		1		3		1
61		0		1		25		44		27		5		E8		4		1		3		1
53		0		1		17		44		-1		-1		E8		-1		-1		3		-1
54		0		1		18		44		-1		-1		E8		-1		-1		3		-1
55		0		1		19		44		27		6		E8		4		0		3		1
57		0		1		21		44		27		7		E8		4		0		3		1
41		0		1		5		44		28		0		E8		3		1		3		1
43		0		1		7		44		28		1		E8		3		1		3		1
37		0		1		1		44		28		2		E8		3		0		3		1
39		0		1		3		44		28		3		E8		3		0		3		1
50		0		1		14		44		28		4		E8		3		3		3		1
52		0		1		16		44		28		5		E8		3		3		3		1
46		0		1		10		44		28		6		E8		3		2		3		1
48		0		1		12		44		28		7		E8		3		2		3		1
40		0		1		4		44		29		0		E8		3		1		3		1
42		0		1		6		44		29		1		E8		3		1		3		1
36		0		1		0		44		29		2		E8		3		0		3		1
38		0		1		2		44		29		3		E8		3		0		3		1
49		0		1		13		44		29		4		E8		3		3		3		1
51		0		1		15		44		29		5		E8		3		3		3		1
44		0		1		8		44		-1		-1		E8		-1		-1		3		-1
45		0		1		9		44		29		6		E8		3		2		3		1
47		0		1		11		44		29		7		E8		3		2		3		1
20		0		0		20		44		30		0		E8		2		0		3		1
22		0		0		22		44		30		1		E8		2		0		3		1
33		0		0		33		44		30		2		E8		2		3		3		1
35		0		0		35		44		30		3		E8		2		3		3		1
29		0		0		29		44		30		4		E8		2		2		3		1
31		0		0		31		44		30		5		E8		2		2		3		1
24		0		0		24		44		30		6		E8		2		1		3		1
26		0		0		26		44		30		7		E8		2		1		3		1
17		0		0		17		44		-1		-1		E8		-1		-1		3		-1
18		0		0		18		44		-1		-1		E8		-1		-1		3		-1
19		0		0		19		44		31		0		E8		2		0		3		1
21		0		0		21		44		31		1		E8		2		0		3		1
32		0		0		32		44		31		2		E8		2		3		3		1
34		0		0		34		44		31		3		E8		2		3		3		1
27		0		0		27		44		-1		-1		E8		-1		-1		3		-1
28		0		0		28		44		31		4		E8		2		2		3		1
30		0		0		30		44		31		5		E8		2		2		3		1
23		0		0		23		44		31		6		E8		2		1		3		1
25		0		0		25		44		31		7		E8		2		1		3		1
14		0		0		14		44		32		0		E8		1		3		3		1
16		0		0		16		44		32		1		E8		1		3		3		1
10		0		0		10		44		32		2		E8		1		2		3		1
12		0		0		12		44		32		3		E8		1		2		3		1
1		0		0		1		44		32		4		E8		1		0		3		1
3		0		0		3		44		32		5		E8		1		0		3		1
5		0		0		5		44		32		6		E8		1		1		3		1
7		0		0		7		44		32		7		E8		1		1		3		1
8		0		0		8		44		-1		-1		E8		-1		-1		3		-1
13		0		0		13		44		33		0		E8		1		3		3		1
15		0		0		15		44		33		1		E8		1		3		3		1
9		0		0		9		44		33		2		E8		1		2		3		1
11		0		0		11		44		33		3		E8		1		2		3		1
0		0		0		0		44		33		4		E8		1		0		3		1
2		0		0		2		44		33		5		E8		1		0		3		1
4		0		0		4		44		33		6		E8		1		1		3		1
6		0		0		6		44		33		7		E8		1		1		3		1
69		0		1		33		44		34		0		G8		4		3		4		1
71		0		1		35		44		34		1		G8		4		3		4		1
65		0		1		29		44		34		2		G8		4		2		4		1
67		0		1		31		44		34		3		G8		4		2		4		1
60		0		1		24		44		34		4		G8		4		1		4		1
62		0		1		26		44		34		5		G8		4		1		4		1
56		0		1		20		44		34		6		G8		4		0		4		1
58		0		1		22		44		34		7		G8		4		0		4		1
68		0		1		32		44		35		0		G8		4		3		4		1
70		0		1		34		44		35		1		G8		4		3		4		1
63		0		1		27		44		-1		-1		G8		-1		-1		4		-1
64		0		1		28		44		35		2		G8		4		2		4		1
66		0		1		30		44		35		3		G8		4		2		4		1
59		0		1		23		44		35		4		G8		4		1		4		1
61		0		1		25		44		35		5		G8		4		1		4		1
53		0		1		17		44		-1		-1		G8		-1		-1		4		-1
54		0		1		18		44		-1		-1		G8		-1		-1		4		-1
55		0		1		19		44		35		6		G8		4		0		4		1
57		0		1		21		44		35		7		G8		4		0		4		1
41		0		1		5		44		36		0		G8		3		1		4		1
43		0		1		7		44		36		1		G8		3		1		4		1
37		0		1		1		44		36		2		G8		3		0		4		1
39		0		1		3		44		36		3		G8		3		0		4		1
50		0		1		14		44		36		4		G8		3		3		4		1
52		0		1		16		44		36		5		G8		3		3		4		1
46		0		1		10		44		36		6		G8		3		2		4		1
48		0		1		12		44		36		7		G8		3		2		4		1
40		0		1		4		44		37		0		G8		3		1		4		1
42		0		1		6		44		37		1		G8		3		1		4		1
36		0		1		0		44		37		2		G8		3		0		4		1
38		0		1		2		44		37		3		G8		3		0		4		1
49		0		1		13		44		37		4		G8		3		3		4		1
51		0		1		15		44		37		5		G8		3		3		4		1
44		0		1		8		44		-1		-1		G8		-1		-1		4		-1
45		0		1		9		44		37		6		G8		3		2		4		1
47		0		1		11		44		37		7		G8		3		2		4		1
20		0		0		20		44		38		0		G8		2		0		4		1
22		0		0		22		44		38		1		G8		2		0		4		1
33		0		0		33		44		38		2		G8		2		3		4		1
35		0		0		35		44		38		3		G8		2		3		4		1
29		0		0		29		44		38		4		G8		2		2		4		1
31		0		0		31		44		38		5		G8		2		2		4		1
24		0		0		24		44		38		6		G8		2		1		4		1
26		0		0		26		44		38		7		G8		2		1		4		1
17		0		0		17		44		-1		-1		G8		-1		-1		4		-1
18		0		0		18		44		-1		-1		G8		-1		-1		4		-1
19		0		0		19		44		39		0		G8		2		0		4		1
21		0		0		21		44		39		1		G8		2		0		4		1
32		0		0		32		44		39		2		G8		2		3		4		1
34		0		0		34		44		39		3		G8		2		3		4		1
27		0		0		27		44		-1		-1		G8		-1		-1		4		-1
28		0		0		28		44		39		4		G8		2		2		4		1
30		0		0		30		44		39		5		G8		2		2		4		1
23		0		0		23		44		39		6		G8		2		1		4		1
25		0		0		25		44		39		7		G8		2		1		4		1
14		0		0		14		44		40		0		G8		1		3		4		1
16		0		0		16		44		40		1		G8		1		3		4		1
10		0		0		10		44		40		2		G8		1		2		4		1
12		0		0		12		44		40		3		G8		1		2		4		1
1		0		0		1		44		40		4		G8		1		0		4		1
3		0		0		3		44		40		5		G8		1		0		4		1
5		0		0		5		44		40		6		G8		1		1		4		1
7		0		0		7		44		40		7		G8		1		1		4		1
8		0		0		8		44		-1		-1		G8		-1		-1		4		-1
13		0		0		13		44		41		0		G8		1		3		4		1
15		0		0		15		44		41		1		G8		1		3		4		1
9		0		0		9		44		41		2		G8		1		2		4		1
11		0		0		11		44		41		3		G8		1		2		4		1
0		0		0		0		44		41		4		G8		1		0		4		1
2		0		0		2		44		41		5		G8		1		0		4		1
4		0		0		4		44		41		6		G8		1		1		4		1
6		0		0		6		44		41		7		G8		1		1		4		1
41		0		1		5		45		0		0		A5A6		3		1		0		1
43		0		1		7		45		0		1		A5A6		3		1		0		1
37		0		1		1		45		0		2		A5A6		3		0		0		1
39		0		1		3		45		0		3		A5A6		3		0		0		1
50		0		1		14		45		0		4		A5A6		3		3		0		1
52		0		1		16		45		0		5		A5A6		3		3		0		1
46		0		1		10		45		0		6		A5A6		3		2		0		1
48		0		1		12		45		0		7		A5A6		3		2		0		1
40		0		1		4		45		1		0		A5A6		3		1		0		1
42		0		1		6		45		1		1		A5A6		3		1		0		1
36		0		1		0		45		1		2		A5A6		3		0		0		1
38		0		1		2		45		1		3		A5A6		3		0		0		1
49		0		1		13		45		1		4		A5A6		3		3		0		1
51		0		1		15		45		1		5		A5A6		3		3		0		1
44		0		1		8		45		-1		-1		A5A6		-1		-1		0		-1
45		0		1		9		45		1		6		A5A6		3		2		0		1
47		0		1		11		45		1		7		A5A6		3		2		0		1
20		0		0		20		45		2		0		A5A6		2		0		0		1
22		0		0		22		45		2		1		A5A6		2		0		0		1
33		0		0		33		45		2		2		A5A6		2		3		0		1
35		0		0		35		45		2		3		A5A6		2		3		0		1
29		0		0		29		45		2		4		A5A6		2		2		0		1
31		0		0		31		45		2		5		A5A6		2		2		0		1
24		0		0		24		45		2		6		A5A6		2		1		0		1
26		0		0		26		45		2		7		A5A6		2		1		0		1
17		0		0		17		45		-1		-1		A5A6		-1		-1		0		-1
18		0		0		18		45		-1		-1		A5A6		-1		-1		0		-1
19		0		0		19		45		3		0		A5A6		2		0		0		1
21		0		0		21		45		3		1		A5A6		2		0		0		1
32		0		0		32		45		3		2		A5A6		2		3		0		1
34		0		0		34		45		3		3		A5A6		2		3		0		1
27		0		0		27		45		-1		-1		A5A6		-1		-1		0		-1
28		0		0		28		45		3		4		A5A6		2		2		0		1
30		0		0		30		45		3		5		A5A6		2		2		0		1
23		0		0		23		45		3		6		A5A6		2		1		0		1
25		0		0		25		45		3		7		A5A6		2		1		0		1
14		0		0		14		45		4		0		A5A6		1		3		0		1
16		0		0		16		45		4		1		A5A6		1		3		0		1
10		0		0		10		45		4		2		A5A6		1		2		0		1
12		0		0		12		45		4		3		A5A6		1		2		0		1
1		0		0		1		45		4		4		A5A6		1		0		0		1
3		0		0		3		45		4		5		A5A6		1		0		0		1
5		0		0		5		45		4		6		A5A6		1		1		0		1
7		0		0		7		45		4		7		A5A6		1		1		0		1
8		0		0		8		45		-1		-1		A5A6		-1		-1		0		-1
13		0		0		13		45		5		0		A5A6		1		3		0		1
15		0		0		15		45		5		1		A5A6		1		3		0		1
9		0		0		9		45		5		2		A5A6		1		2		0		1
11		0		0		11		45		5		3		A5A6		1		2		0		1
0		0		0		0		45		5		4		A5A6		1		0		0		1
2		0		0		2		45		5		5		A5A6		1		0		0		1
4		0		0		4		45		5		6		A5A6		1		1		0		1
6		0		0		6		45		5		7		A5A6		1		1		0		1
92		1		0		20		45		6		0		B11B12		6		0		1		1
94		1		0		22		45		6		1		B11B12		6		0		1		1
105		1		0		33		45		6		2		B11B12		6		3		1		1
107		1		0		35		45		6		3		B11B12		6		3		1		1
101		1		0		29		45		6		4		B11B12		6		2		1		1
103		1		0		31		45		6		5		B11B12		6		2		1		1
96		1		0		24		45		6		6		B11B12		6		1		1		1
98		1		0		26		45		6		7		B11B12		6		1		1		1
89		1		0		17		45		-1		-1		B11B12		-1		-1		1		-1
90		1		0		18		45		-1		-1		B11B12		-1		-1		1		-1
91		1		0		19		45		7		0		B11B12		6		0		1		1
93		1		0		21		45		7		1		B11B12		6		0		1		1
104		1		0		32		45		7		2		B11B12		6		3		1		1
106		1		0		34		45		7		3		B11B12		6		3		1		1
99		1		0		27		45		-1		-1		B11B12		-1		-1		1		-1
100		1		0		28		45		7		4		B11B12		6		2		1		1
102		1		0		30		45		7		5		B11B12		6		2		1		1
95		1		0		23		45		7		6		B11B12		6		1		1		1
97		1		0		25		45		7		7		B11B12		6		1		1		1
86		1		0		14		45		8		0		B11B12		5		3		1		1
88		1		0		16		45		8		1		B11B12		5		3		1		1
82		1		0		10		45		8		2		B11B12		5		2		1		1
84		1		0		12		45		8		3		B11B12		5		2		1		1
73		1		0		1		45		8		4		B11B12		5		0		1		1
75		1		0		3		45		8		5		B11B12		5		0		1		1
77		1		0		5		45		8		6		B11B12		5		1		1		1
79		1		0		7		45		8		7		B11B12		5		1		1		1
85		1		0		13		45		9		0		B11B12		5		3		1		1
87		1		0		15		45		9		1		B11B12		5		3		1		1
80		1		0		8		45		-1		-1		B11B12		-1		-1		1		-1
81		1		0		9		45		9		2		B11B12		5		2		1		1
83		1		0		11		45		9		3		B11B12		5		2		1		1
72		1		0		0		45		9		4		B11B12		5		0		1		1
74		1		0		2		45		9		5		B11B12		5		0		1		1
76		1		0		4		45		9		6		B11B12		5		1		1		1
78		1		0		6		45		9		7		B11B12		5		1		1		1
69		0		1		33		45		10		0		B11B12		4		3		1		1
71		0		1		35		45		10		1		B11B12		4		3		1		1
65		0		1		29		45		10		2		B11B12		4		2		1		1
67		0		1		31		45		10		3		B11B12		4		2		1		1
60		0		1		24		45		10		4		B11B12		4		1		1		1
62		0		1		26		45		10		5		B11B12		4		1		1		1
56		0		1		20		45		10		6		B11B12		4		0		1		1
58		0		1		22		45		10		7		B11B12		4		0		1		1
68		0		1		32		45		11		0		B11B12		4		3		1		1
70		0		1		34		45		11		1		B11B12		4		3		1		1
63		0		1		27		45		-1		-1		B11B12		-1		-1		1		-1
64		0		1		28		45		11		2		B11B12		4		2		1		1
66		0		1		30		45		11		3		B11B12		4		2		1		1
59		0		1		23		45		11		4		B11B12		4		1		1		1
61		0		1		25		45		11		5		B11B12		4		1		1		1
53		0		1		17		45		-1		-1		B11B12		-1		-1		1		-1
54		0		1		18		45		-1		-1		B11B12		-1		-1		1		-1
55		0		1		19		45		11		6		B11B12		4		0		1		1
57		0		1		21		45		11		7		B11B12		4		0		1		1
41		0		1		5		45		12		0		B11B12		3		1		1		1
43		0		1		7		45		12		1		B11B12		3		1		1		1
37		0		1		1		45		12		2		B11B12		3		0		1		1
39		0		1		3		45		12		3		B11B12		3		0		1		1
50		0		1		14		45		12		4		B11B12		3		3		1		1
52		0		1		16		45		12		5		B11B12		3		3		1		1
46		0		1		10		45		12		6		B11B12		3		2		1		1
48		0		1		12		45		12		7		B11B12		3		2		1		1
40		0		1		4		45		13		0		B11B12		3		1		1		1
42		0		1		6		45		13		1		B11B12		3		1		1		1
36		0		1		0		45		13		2		B11B12		3		0		1		1
38		0		1		2		45		13		3		B11B12		3		0		1		1
49		0		1		13		45		13		4		B11B12		3		3		1		1
51		0		1		15		45		13		5		B11B12		3		3		1		1
44		0		1		8		45		-1		-1		B11B12		-1		-1		1		-1
45		0		1		9		45		13		6		B11B12		3		2		1		1
47		0		1		11		45		13		7		B11B12		3		2		1		1
20		0		0		20		45		14		0		B11B12		2		0		1		1
22		0		0		22		45		14		1		B11B12		2		0		1		1
33		0		0		33		45		14		2		B11B12		2		3		1		1
35		0		0		35		45		14		3		B11B12		2		3		1		1
29		0		0		29		45		14		4		B11B12		2		2		1		1
31		0		0		31		45		14		5		B11B12		2		2		1		1
24		0		0		24		45		14		6		B11B12		2		1		1		1
26		0		0		26		45		14		7		B11B12		2		1		1		1
17		0		0		17		45		-1		-1		B11B12		-1		-1		1		-1
18		0		0		18		45		-1		-1		B11B12		-1		-1		1		-1
19		0		0		19		45		15		0		B11B12		2		0		1		1
21		0		0		21		45		15		1		B11B12		2		0		1		1
32		0		0		32		45		15		2		B11B12		2		3		1		1
34		0		0		34		45		15		3		B11B12		2		3		1		1
27		0		0		27		45		-1		-1		B11B12		-1		-1		1		-1
28		0		0		28		45		15		4		B11B12		2		2		1		1
30		0		0		30		45		15		5		B11B12		2		2		1		1
23		0		0		23		45		15		6		B11B12		2		1		1		1
25		0		0		25		45		15		7		B11B12		2		1		1		1
14		0		0		14		45		16		0		B11B12		1		3		1		1
16		0		0		16		45		16		1		B11B12		1		3		1		1
10		0		0		10		45		16		2		B11B12		1		2		1		1
12		0		0		12		45		16		3		B11B12		1		2		1		1
1		0		0		1		45		16		4		B11B12		1		0		1		1
3		0		0		3		45		16		5		B11B12		1		0		1		1
5		0		0		5		45		16		6		B11B12		1		1		1		1
7		0		0		7		45		16		7		B11B12		1		1		1		1
8		0		0		8		45		-1		-1		B11B12		-1		-1		1		-1
13		0		0		13		45		17		0		B11B12		1		3		1		1
15		0		0		15		45		17		1		B11B12		1		3		1		1
9		0		0		9		45		17		2		B11B12		1		2		1		1
11		0		0		11		45		17		3		B11B12		1		2		1		1
0		0		0		0		45		17		4		B11B12		1		0		1		1
2		0		0		2		45		17		5		B11B12		1		0		1		1
4		0		0		4		45		17		6		B11B12		1		1		1		1
6		0		0		6		45		17		7		B11B12		1		1		1		1
69		0		1		33		45		18		0		D8		4		3		2		1
71		0		1		35		45		18		1		D8		4		3		2		1
65		0		1		29		45		18		2		D8		4		2		2		1
67		0		1		31		45		18		3		D8		4		2		2		1
60		0		1		24		45		18		4		D8		4		1		2		1
62		0		1		26		45		18		5		D8		4		1		2		1
56		0		1		20		45		18		6		D8		4		0		2		1
58		0		1		22		45		18		7		D8		4		0		2		1
68		0		1		32		45		19		0		D8		4		3		2		1
70		0		1		34		45		19		1		D8		4		3		2		1
63		0		1		27		45		-1		-1		D8		-1		-1		2		-1
64		0		1		28		45		19		2		D8		4		2		2		1
66		0		1		30		45		19		3		D8		4		2		2		1
59		0		1		23		45		19		4		D8		4		1		2		1
61		0		1		25		45		19		5		D8		4		1		2		1
53		0		1		17		45		-1		-1		D8		-1		-1		2		-1
54		0		1		18		45		-1		-1		D8		-1		-1		2		-1
55		0		1		19		45		19		6		D8		4		0		2		1
57		0		1		21		45		19		7		D8		4		0		2		1
41		0		1		5		45		20		0		D8		3		1		2		1
43		0		1		7		45		20		1		D8		3		1		2		1
37		0		1		1		45		20		2		D8		3		0		2		1
39		0		1		3		45		20		3		D8		3		0		2		1
50		0		1		14		45		20		4		D8		3		3		2		1
52		0		1		16		45		20		5		D8		3		3		2		1
46		0		1		10		45		20		6		D8		3		2		2		1
48		0		1		12		45		20		7		D8		3		2		2		1
40		0		1		4		45		21		0		D8		3		1		2		1
42		0		1		6		45		21		1		D8		3		1		2		1
36		0		1		0		45		21		2		D8		3		0		2		1
38		0		1		2		45		21		3		D8		3		0		2		1
49		0		1		13		45		21		4		D8		3		3		2		1
51		0		1		15		45		21		5		D8		3		3		2		1
44		0		1		8		45		-1		-1		D8		-1		-1		2		-1
45		0		1		9		45		21		6		D8		3		2		2		1
47		0		1		11		45		21		7		D8		3		2		2		1
20		0		0		20		45		22		0		D8		2		0		2		1
22		0		0		22		45		22		1		D8		2		0		2		1
33		0		0		33		45		22		2		D8		2		3		2		1
35		0		0		35		45		22		3		D8		2		3		2		1
29		0		0		29		45		22		4		D8		2		2		2		1
31		0		0		31		45		22		5		D8		2		2		2		1
24		0		0		24		45		22		6		D8		2		1		2		1
26		0		0		26		45		22		7		D8		2		1		2		1
17		0		0		17		45		-1		-1		D8		-1		-1		2		-1
18		0		0		18		45		-1		-1		D8		-1		-1		2		-1
19		0		0		19		45		23		0		D8		2		0		2		1
21		0		0		21		45		23		1		D8		2		0		2		1
32		0		0		32		45		23		2		D8		2		3		2		1
34		0		0		34		45		23		3		D8		2		3		2		1
27		0		0		27		45		-1		-1		D8		-1		-1		2		-1
28		0		0		28		45		23		4		D8		2		2		2		1
30		0		0		30		45		23		5		D8		2		2		2		1
23		0		0		23		45		23		6		D8		2		1		2		1
25		0		0		25		45		23		7		D8		2		1		2		1
14		0		0		14		45		24		0		D8		1		3		2		1
16		0		0		16		45		24		1		D8		1		3		2		1
10		0		0		10		45		24		2		D8		1		2		2		1
12		0		0		12		45		24		3		D8		1		2		2		1
1		0		0		1		45		24		4		D8		1		0		2		1
3		0		0		3		45		24		5		D8		1		0		2		1
5		0		0		5		45		24		6		D8		1		1		2		1
7		0		0		7		45		24		7		D8		1		1		2		1
8		0		0		8		45		-1		-1		D8		-1		-1		2		-1
13		0		0		13		45		25		0		D8		1		3		2		1
15		0		0		15		45		25		1		D8		1		3		2		1
9		0		0		9		45		25		2		D8		1		2		2		1
11		0		0		11		45		25		3		D8		1		2		2		1
0		0		0		0		45		25		4		D8		1		0		2		1
2		0		0		2		45		25		5		D8		1		0		2		1
4		0		0		4		45		25		6		D8		1		1		2		1
6		0		0		6		45		25		7		D8		1		1		2		1
69		0		1		33		45		26		0		E8		4		3		3		1
71		0		1		35		45		26		1		E8		4		3		3		1
65		0		1		29		45		26		2		E8		4		2		3		1
67		0		1		31		45		26		3		E8		4		2		3		1
60		0		1		24		45		26		4		E8		4		1		3		1
62		0		1		26		45		26		5		E8		4		1		3		1
56		0		1		20		45		26		6		E8		4		0		3		1
58		0		1		22		45		26		7		E8		4		0		3		1
68		0		1		32		45		27		0		E8		4		3		3		1
70		0		1		34		45		27		1		E8		4		3		3		1
63		0		1		27		45		-1		-1		E8		-1		-1		3		-1
64		0		1		28		45		27		2		E8		4		2		3		1
66		0		1		30		45		27		3		E8		4		2		3		1
59		0		1		23		45		27		4		E8		4		1		3		1
61		0		1		25		45		27		5		E8		4		1		3		1
53		0		1		17		45		-1		-1		E8		-1		-1		3		-1
54		0		1		18		45		-1		-1		E8		-1		-1		3		-1
55		0		1		19		45		27		6		E8		4		0		3		1
57		0		1		21		45		27		7		E8		4		0		3		1
41		0		1		5		45		28		0		E8		3		1		3		1
43		0		1		7		45		28		1		E8		3		1		3		1
37		0		1		1		45		28		2		E8		3		0		3		1
39		0		1		3		45		28		3		E8		3		0		3		1
50		0		1		14		45		28		4		E8		3		3		3		1
52		0		1		16		45		28		5		E8		3		3		3		1
46		0		1		10		45		28		6		E8		3		2		3		1
48		0		1		12		45		28		7		E8		3		2		3		1
40		0		1		4		45		29		0		E8		3		1		3		1
42		0		1		6		45		29		1		E8		3		1		3		1
36		0		1		0		45		29		2		E8		3		0		3		1
38		0		1		2		45		29		3		E8		3		0		3		1
49		0		1		13		45		29		4		E8		3		3		3		1
51		0		1		15		45		29		5		E8		3		3		3		1
44		0		1		8		45		-1		-1		E8		-1		-1		3		-1
45		0		1		9		45		29		6		E8		3		2		3		1
47		0		1		11		45		29		7		E8		3		2		3		1
20		0		0		20		45		30		0		E8		2		0		3		1
22		0		0		22		45		30		1		E8		2		0		3		1
33		0		0		33		45		30		2		E8		2		3		3		1
35		0		0		35		45		30		3		E8		2		3		3		1
29		0		0		29		45		30		4		E8		2		2		3		1
31		0		0		31		45		30		5		E8		2		2		3		1
24		0		0		24		45		30		6		E8		2		1		3		1
26		0		0		26		45		30		7		E8		2		1		3		1
17		0		0		17		45		-1		-1		E8		-1		-1		3		-1
18		0		0		18		45		-1		-1		E8		-1		-1		3		-1
19		0		0		19		45		31		0		E8		2		0		3		1
21		0		0		21		45		31		1		E8		2		0		3		1
32		0		0		32		45		31		2		E8		2		3		3		1
34		0		0		34		45		31		3		E8		2		3		3		1
27		0		0		27		45		-1		-1		E8		-1		-1		3		-1
28		0		0		28		45		31		4		E8		2		2		3		1
30		0		0		30		45		31		5		E8		2		2		3		1
23		0		0		23		45		31		6		E8		2		1		3		1
25		0		0		25		45		31		7		E8		2		1		3		1
14		0		0		14		45		32		0		E8		1		3		3		1
16		0		0		16		45		32		1		E8		1		3		3		1
10		0		0		10		45		32		2		E8		1		2		3		1
12		0		0		12		45		32		3		E8		1		2		3		1
1		0		0		1		45		32		4		E8		1		0		3		1
3		0		0		3		45		32		5		E8		1		0		3		1
5		0		0		5		45		32		6		E8		1		1		3		1
7		0		0		7		45		32		7		E8		1		1		3		1
8		0		0		8		45		-1		-1		E8		-1		-1		3		-1
13		0		0		13		45		33		0		E8		1		3		3		1
15		0		0		15		45		33		1		E8		1		3		3		1
9		0		0		9		45		33		2		E8		1		2		3		1
11		0		0		11		45		33		3		E8		1		2		3		1
0		0		0		0		45		33		4		E8		1		0		3		1
2		0		0		2		45		33		5		E8		1		0		3		1
4		0		0		4		45		33		6		E8		1		1		3		1
6		0		0		6		45		33		7		E8		1		1		3		1
69		0		1		33		45		34		0		G8		4		3		4		1
71		0		1		35		45		34		1		G8		4		3		4		1
65		0		1		29		45		34		2		G8		4		2		4		1
67		0		1		31		45		34		3		G8		4		2		4		1
60		0		1		24		45		34		4		G8		4		1		4		1
62		0		1		26		45		34		5		G8		4		1		4		1
56		0		1		20		45		34		6		G8		4		0		4		1
58		0		1		22		45		34		7		G8		4		0		4		1
68		0		1		32		45		35		0		G8		4		3		4		1
70		0		1		34		45		35		1		G8		4		3		4		1
63		0		1		27		45		-1		-1		G8		-1		-1		4		-1
64		0		1		28		45		35		2		G8		4		2		4		1
66		0		1		30		45		35		3		G8		4		2		4		1
59		0		1		23		45		35		4		G8		4		1		4		1
61		0		1		25		45		35		5		G8		4		1		4		1
53		0		1		17		45		-1		-1		G8		-1		-1		4		-1
54		0		1		18		45		-1		-1		G8		-1		-1		4		-1
55		0		1		19		45		35		6		G8		4		0		4		1
57		0		1		21		45		35		7		G8		4		0		4		1
41		0		1		5		45		36		0		G8		3		1		4		1
43		0		1		7		45		36		1		G8		3		1		4		1
37		0		1		1		45		36		2		G8		3		0		4		1
39		0		1		3		45		36		3		G8		3		0		4		1
50		0		1		14		45		36		4		G8		3		3		4		1
52		0		1		16		45		36		5		G8		3		3		4		1
46		0		1		10		45		36		6		G8		3		2		4		1
48		0		1		12		45		36		7		G8		3		2		4		1
40		0		1		4		45		37		0		G8		3		1		4		1
42		0		1		6		45		37		1		G8		3		1		4		1
36		0		1		0		45		37		2		G8		3		0		4		1
38		0		1		2		45		37		3		G8		3		0		4		1
49		0		1		13		45		37		4		G8		3		3		4		1
51		0		1		15		45		37		5		G8		3		3		4		1
44		0		1		8		45		-1		-1		G8		-1		-1		4		-1
45		0		1		9		45		37		6		G8		3		2		4		1
47		0		1		11		45		37		7		G8		3		2		4		1
20		0		0		20		45		38		0		G8		2		0		4		1
22		0		0		22		45		38		1		G8		2		0		4		1
33		0		0		33		45		38		2		G8		2		3		4		1
35		0		0		35		45		38		3		G8		2		3		4		1
29		0		0		29		45		38		4		G8		2		2		4		1
31		0		0		31		45		38		5		G8		2		2		4		1
24		0		0		24		45		38		6		G8		2		1		4		1
26		0		0		26		45		38		7		G8		2		1		4		1
17		0		0		17		45		-1		-1		G8		-1		-1		4		-1
18		0		0		18		45		-1		-1		G8		-1		-1		4		-1
19		0		0		19		45		39		0		G8		2		0		4		1
21		0		0		21		45		39		1		G8		2		0		4		1
32		0		0		32		45		39		2		G8		2		3		4		1
34		0		0		34		45		39		3		G8		2		3		4		1
27		0		0		27		45		-1		-1		G8		-1		-1		4		-1
28		0		0		28		45		39		4		G8		2		2		4		1
30		0		0		30		45		39		5		G8		2		2		4		1
23		0		0		23		45		39		6		G8		2		1		4		1
25		0		0		25		45		39		7		G8		2		1		4		1
14		0		0		14		45		40		0		G8		1		3		4		1
16		0		0		16		45		40		1		G8		1		3		4		1
10		0		0		10		45		40		2		G8		1		2		4		1
12		0		0		12		45		40		3		G8		1		2		4		1
1		0		0		1		45		40		4		G8		1		0		4		1
3		0		0		3		45		40		5		G8		1		0		4		1
5		0		0		5		45		40		6		G8		1		1		4		1
7		0		0		7		45		40		7		G8		1		1		4		1
8		0		0		8		45		-1		-1		G8		-1		-1		4		-1
13		0		0		13		45		41		0		G8		1		3		4		1
15		0		0		15		45		41		1		G8		1		3		4		1
9		0		0		9		45		41		2		G8		1		2		4		1
11		0		0		11		45		41		3		G8		1		2		4		1
0		0		0		0		45		41		4		G8		1		0		4		1
2		0		0		2		45		41		5		G8		1		0		4		1
4		0		0		4		45		41		6		G8		1		1		4		1
6		0		0		6		45		41		7		G8		1		1		4		1
41		0		1		5		46		0		0		A5A6		3		1		0		1
43		0		1		7		46		0		1		A5A6		3		1		0		1
37		0		1		1		46		0		2		A5A6		3		0		0		1
39		0		1		3		46		0		3		A5A6		3		0		0		1
50		0		1		14		46		0		4		A5A6		3		3		0		1
52		0		1		16		46		0		5		A5A6		3		3		0		1
46		0		1		10		46		0		6		A5A6		3		2		0		1
48		0		1		12		46		0		7		A5A6		3		2		0		1
40		0		1		4		46		1		0		A5A6		3		1		0		1
42		0		1		6		46		1		1		A5A6		3		1		0		1
36		0		1		0		46		1		2		A5A6		3		0		0		1
38		0		1		2		46		1		3		A5A6		3		0		0		1
49		0		1		13		46		1		4		A5A6		3		3		0		1
51		0		1		15		46		1		5		A5A6		3		3		0		1
44		0		1		8		46		-1		-1		A5A6		-1		-1		0		-1
45		0		1		9		46		1		6		A5A6		3		2		0		1
47		0		1		11		46		1		7		A5A6		3		2		0		1
20		0		0		20		46		2		0		A5A6		2		0		0		1
22		0		0		22		46		2		1		A5A6		2		0		0		1
33		0		0		33		46		2		2		A5A6		2		3		0		1
35		0		0		35		46		2		3		A5A6		2		3		0		1
29		0		0		29		46		2		4		A5A6		2		2		0		1
31		0		0		31		46		2		5		A5A6		2		2		0		1
24		0		0		24		46		2		6		A5A6		2		1		0		1
26		0		0		26		46		2		7		A5A6		2		1		0		1
17		0		0		17		46		-1		-1		A5A6		-1		-1		0		-1
18		0		0		18		46		-1		-1		A5A6		-1		-1		0		-1
19		0		0		19		46		3		0		A5A6		2		0		0		1
21		0		0		21		46		3		1		A5A6		2		0		0		1
32		0		0		32		46		3		2		A5A6		2		3		0		1
34		0		0		34		46		3		3		A5A6		2		3		0		1
27		0		0		27		46		-1		-1		A5A6		-1		-1		0		-1
28		0		0		28		46		3		4		A5A6		2		2		0		1
30		0		0		30		46		3		5		A5A6		2		2		0		1
23		0		0		23		46		3		6		A5A6		2		1		0		1
25		0		0		25		46		3		7		A5A6		2		1		0		1
14		0		0		14		46		4		0		A5A6		1		3		0		1
16		0		0		16		46		4		1		A5A6		1		3		0		1
10		0		0		10		46		4		2		A5A6		1		2		0		1
12		0		0		12		46		4		3		A5A6		1		2		0		1
1		0		0		1		46		4		4		A5A6		1		0		0		1
3		0		0		3		46		4		5		A5A6		1		0		0		1
5		0		0		5		46		4		6		A5A6		1		1		0		1
7		0		0		7		46		4		7		A5A6		1		1		0		1
8		0		0		8		46		-1		-1		A5A6		-1		-1		0		-1
13		0		0		13		46		5		0		A5A6		1		3		0		1
15		0		0		15		46		5		1		A5A6		1		3		0		1
9		0		0		9		46		5		2		A5A6		1		2		0		1
11		0		0		11		46		5		3		A5A6		1		2		0		1
0		0		0		0		46		5		4		A5A6		1		0		0		1
2		0		0		2		46		5		5		A5A6		1		0		0		1
4		0		0		4		46		5		6		A5A6		1		1		0		1
6		0		0		6		46		5		7		A5A6		1		1		0		1
92		1		0		20		46		6		0		B11B12		6		0		1		1
94		1		0		22		46		6		1		B11B12		6		0		1		1
105		1		0		33		46		6		2		B11B12		6		3		1		1
107		1		0		35		46		6		3		B11B12		6		3		1		1
101		1		0		29		46		6		4		B11B12		6		2		1		1
103		1		0		31		46		6		5		B11B12		6		2		1		1
96		1		0		24		46		6		6		B11B12		6		1		1		1
98		1		0		26		46		6		7		B11B12		6		1		1		1
89		1		0		17		46		-1		-1		B11B12		-1		-1		1		-1
90		1		0		18		46		-1		-1		B11B12		-1		-1		1		-1
91		1		0		19		46		7		0		B11B12		6		0		1		1
93		1		0		21		46		7		1		B11B12		6		0		1		1
104		1		0		32		46		7		2		B11B12		6		3		1		1
106		1		0		34		46		7		3		B11B12		6		3		1		1
99		1		0		27		46		-1		-1		B11B12		-1		-1		1		-1
100		1		0		28		46		7		4		B11B12		6		2		1		1
102		1		0		30		46		7		5		B11B12		6		2		1		1
95		1		0		23		46		7		6		B11B12		6		1		1		1
97		1		0		25		46		7		7		B11B12		6		1		1		1
86		1		0		14		46		8		0		B11B12		5		3		1		1
88		1		0		16		46		8		1		B11B12		5		3		1		1
82		1		0		10		46		8		2		B11B12		5		2		1		1
84		1		0		12		46		8		3		B11B12		5		2		1		1
73		1		0		1		46		8		4		B11B12		5		0		1		1
75		1		0		3		46		8		5		B11B12		5		0		1		1
77		1		0		5		46		8		6		B11B12		5		1		1		1
79		1		0		7		46		8		7		B11B12		5		1		1		1
85		1		0		13		46		9		0		B11B12		5		3		1		1
87		1		0		15		46		9		1		B11B12		5		3		1		1
80		1		0		8		46		-1		-1		B11B12		-1		-1		1		-1
81		1		0		9		46		9		2		B11B12		5		2		1		1
83		1		0		11		46		9		3		B11B12		5		2		1		1
72		1		0		0		46		9		4		B11B12		5		0		1		1
74		1		0		2		46		9		5		B11B12		5		0		1		1
76		1		0		4		46		9		6		B11B12		5		1		1		1
78		1		0		6		46		9		7		B11B12		5		1		1		1
69		0		1		33		46		10		0		B11B12		4		3		1		1
71		0		1		35		46		10		1		B11B12		4		3		1		1
65		0		1		29		46		10		2		B11B12		4		2		1		1
67		0		1		31		46		10		3		B11B12		4		2		1		1
60		0		1		24		46		10		4		B11B12		4		1		1		1
62		0		1		26		46		10		5		B11B12		4		1		1		1
56		0		1		20		46		10		6		B11B12		4		0		1		1
58		0		1		22		46		10		7		B11B12		4		0		1		1
68		0		1		32		46		11		0		B11B12		4		3		1		1
70		0		1		34		46		11		1		B11B12		4		3		1		1
63		0		1		27		46		-1		-1		B11B12		-1		-1		1		-1
64		0		1		28		46		11		2		B11B12		4		2		1		1
66		0		1		30		46		11		3		B11B12		4		2		1		1
59		0		1		23		46		11		4		B11B12		4		1		1		1
61		0		1		25		46		11		5		B11B12		4		1		1		1
53		0		1		17		46		-1		-1		B11B12		-1		-1		1		-1
54		0		1		18		46		-1		-1		B11B12		-1		-1		1		-1
55		0		1		19		46		11		6		B11B12		4		0		1		1
57		0		1		21		46		11		7		B11B12		4		0		1		1
41		0		1		5		46		12		0		B11B12		3		1		1		1
43		0		1		7		46		12		1		B11B12		3		1		1		1
37		0		1		1		46		12		2		B11B12		3		0		1		1
39		0		1		3		46		12		3		B11B12		3		0		1		1
50		0		1		14		46		12		4		B11B12		3		3		1		1
52		0		1		16		46		12		5		B11B12		3		3		1		1
46		0		1		10		46		12		6		B11B12		3		2		1		1
48		0		1		12		46		12		7		B11B12		3		2		1		1
40		0		1		4		46		13		0		B11B12		3		1		1		1
42		0		1		6		46		13		1		B11B12		3		1		1		1
36		0		1		0		46		13		2		B11B12		3		0		1		1
38		0		1		2		46		13		3		B11B12		3		0		1		1
49		0		1		13		46		13		4		B11B12		3		3		1		1
51		0		1		15		46		13		5		B11B12		3		3		1		1
44		0		1		8		46		-1		-1		B11B12		-1		-1		1		-1
45		0		1		9		46		13		6		B11B12		3		2		1		1
47		0		1		11		46		13		7		B11B12		3		2		1		1
20		0		0		20		46		14		0		B11B12		2		0		1		1
22		0		0		22		46		14		1		B11B12		2		0		1		1
33		0		0		33		46		14		2		B11B12		2		3		1		1
35		0		0		35		46		14		3		B11B12		2		3		1		1
29		0		0		29		46		14		4		B11B12		2		2		1		1
31		0		0		31		46		14		5		B11B12		2		2		1		1
24		0		0		24		46		14		6		B11B12		2		1		1		1
26		0		0		26		46		14		7		B11B12		2		1		1		1
17		0		0		17		46		-1		-1		B11B12		-1		-1		1		-1
18		0		0		18		46		-1		-1		B11B12		-1		-1		1		-1
19		0		0		19		46		15		0		B11B12		2		0		1		1
21		0		0		21		46		15		1		B11B12		2		0		1		1
32		0		0		32		46		15		2		B11B12		2		3		1		1
34		0		0		34		46		15		3		B11B12		2		3		1		1
27		0		0		27		46		-1		-1		B11B12		-1		-1		1		-1
28		0		0		28		46		15		4		B11B12		2		2		1		1
30		0		0		30		46		15		5		B11B12		2		2		1		1
23		0		0		23		46		15		6		B11B12		2		1		1		1
25		0		0		25		46		15		7		B11B12		2		1		1		1
14		0		0		14		46		16		0		B11B12		1		3		1		1
16		0		0		16		46		16		1		B11B12		1		3		1		1
10		0		0		10		46		16		2		B11B12		1		2		1		1
12		0		0		12		46		16		3		B11B12		1		2		1		1
1		0		0		1		46		16		4		B11B12		1		0		1		1
3		0		0		3		46		16		5		B11B12		1		0		1		1
5		0		0		5		46		16		6		B11B12		1		1		1		1
7		0		0		7		46		16		7		B11B12		1		1		1		1
8		0		0		8		46		-1		-1		B11B12		-1		-1		1		-1
13		0		0		13		46		17		0		B11B12		1		3		1		1
15		0		0		15		46		17		1		B11B12		1		3		1		1
9		0		0		9		46		17		2		B11B12		1		2		1		1
11		0		0		11		46		17		3		B11B12		1		2		1		1
0		0		0		0		46		17		4		B11B12		1		0		1		1
2		0		0		2		46		17		5		B11B12		1		0		1		1
4		0		0		4		46		17		6		B11B12		1		1		1		1
6		0		0		6		46		17		7		B11B12		1		1		1		1
69		0		1		33		46		18		0		D8		4		3		2		1
71		0		1		35		46		18		1		D8		4		3		2		1
65		0		1		29		46		18		2		D8		4		2		2		1
67		0		1		31		46		18		3		D8		4		2		2		1
60		0		1		24		46		18		4		D8		4		1		2		1
62		0		1		26		46		18		5		D8		4		1		2		1
56		0		1		20		46		18		6		D8		4		0		2		1
58		0		1		22		46		18		7		D8		4		0		2		1
68		0		1		32		46		19		0		D8		4		3		2		1
70		0		1		34		46		19		1		D8		4		3		2		1
63		0		1		27		46		-1		-1		D8		-1		-1		2		-1
64		0		1		28		46		19		2		D8		4		2		2		1
66		0		1		30		46		19		3		D8		4		2		2		1
59		0		1		23		46		19		4		D8		4		1		2		1
61		0		1		25		46		19		5		D8		4		1		2		1
53		0		1		17		46		-1		-1		D8		-1		-1		2		-1
54		0		1		18		46		-1		-1		D8		-1		-1		2		-1
55		0		1		19		46		19		6		D8		4		0		2		1
57		0		1		21		46		19		7		D8		4		0		2		1
41		0		1		5		46		20		0		D8		3		1		2		1
43		0		1		7		46		20		1		D8		3		1		2		1
37		0		1		1		46		20		2		D8		3		0		2		1
39		0		1		3		46		20		3		D8		3		0		2		1
50		0		1		14		46		20		4		D8		3		3		2		1
52		0		1		16		46		20		5		D8		3		3		2		1
46		0		1		10		46		20		6		D8		3		2		2		1
48		0		1		12		46		20		7		D8		3		2		2		1
40		0		1		4		46		21		0		D8		3		1		2		1
42		0		1		6		46		21		1		D8		3		1		2		1
36		0		1		0		46		21		2		D8		3		0		2		1
38		0		1		2		46		21		3		D8		3		0		2		1
49		0		1		13		46		21		4		D8		3		3		2		1
51		0		1		15		46		21		5		D8		3		3		2		1
44		0		1		8		46		-1		-1		D8		-1		-1		2		-1
45		0		1		9		46		21		6		D8		3		2		2		1
47		0		1		11		46		21		7		D8		3		2		2		1
20		0		0		20		46		22		0		D8		2		0		2		1
22		0		0		22		46		22		1		D8		2		0		2		1
33		0		0		33		46		22		2		D8		2		3		2		1
35		0		0		35		46		22		3		D8		2		3		2		1
29		0		0		29		46		22		4		D8		2		2		2		1
31		0		0		31		46		22		5		D8		2		2		2		1
24		0		0		24		46		22		6		D8		2		1		2		1
26		0		0		26		46		22		7		D8		2		1		2		1
17		0		0		17		46		-1		-1		D8		-1		-1		2		-1
18		0		0		18		46		-1		-1		D8		-1		-1		2		-1
19		0		0		19		46		23		0		D8		2		0		2		1
21		0		0		21		46		23		1		D8		2		0		2		1
32		0		0		32		46		23		2		D8		2		3		2		1
34		0		0		34		46		23		3		D8		2		3		2		1
27		0		0		27		46		-1		-1		D8		-1		-1		2		-1
28		0		0		28		46		23		4		D8		2		2		2		1
30		0		0		30		46		23		5		D8		2		2		2		1
23		0		0		23		46		23		6		D8		2		1		2		1
25		0		0		25		46		23		7		D8		2		1		2		1
14		0		0		14		46		24		0		D8		1		3		2		1
16		0		0		16		46		24		1		D8		1		3		2		1
10		0		0		10		46		24		2		D8		1		2		2		1
12		0		0		12		46		24		3		D8		1		2		2		1
1		0		0		1		46		24		4		D8		1		0		2		1
3		0		0		3		46		24		5		D8		1		0		2		1
5		0		0		5		46		24		6		D8		1		1		2		1
7		0		0		7		46		24		7		D8		1		1		2		1
8		0		0		8		46		-1		-1		D8		-1		-1		2		-1
13		0		0		13		46		25		0		D8		1		3		2		1
15		0		0		15		46		25		1		D8		1		3		2		1
9		0		0		9		46		25		2		D8		1		2		2		1
11		0		0		11		46		25		3		D8		1		2		2		1
0		0		0		0		46		25		4		D8		1		0		2		1
2		0		0		2		46		25		5		D8		1		0		2		1
4		0		0		4		46		25		6		D8		1		1		2		1
6		0		0		6		46		25		7		D8		1		1		2		1
69		0		1		33		46		26		0		E8		4		3		3		1
71		0		1		35		46		26		1		E8		4		3		3		1
65		0		1		29		46		26		2		E8		4		2		3		1
67		0		1		31		46		26		3		E8		4		2		3		1
60		0		1		24		46		26		4		E8		4		1		3		1
62		0		1		26		46		26		5		E8		4		1		3		1
56		0		1		20		46		26		6		E8		4		0		3		1
58		0		1		22		46		26		7		E8		4		0		3		1
68		0		1		32		46		27		0		E8		4		3		3		1
70		0		1		34		46		27		1		E8		4		3		3		1
63		0		1		27		46		-1		-1		E8		-1		-1		3		-1
64		0		1		28		46		27		2		E8		4		2		3		1
66		0		1		30		46		27		3		E8		4		2		3		1
59		0		1		23		46		27		4		E8		4		1		3		1
61		0		1		25		46		27		5		E8		4		1		3		1
53		0		1		17		46		-1		-1		E8		-1		-1		3		-1
54		0		1		18		46		-1		-1		E8		-1		-1		3		-1
55		0		1		19		46		27		6		E8		4		0		3		1
57		0		1		21		46		27		7		E8		4		0		3		1
41		0		1		5		46		28		0		E8		3		1		3		1
43		0		1		7		46		28		1		E8		3		1		3		1
37		0		1		1		46		28		2		E8		3		0		3		1
39		0		1		3		46		28		3		E8		3		0		3		1
50		0		1		14		46		28		4		E8		3		3		3		1
52		0		1		16		46		28		5		E8		3		3		3		1
46		0		1		10		46		28		6		E8		3		2		3		1
48		0		1		12		46		28		7		E8		3		2		3		1
40		0		1		4		46		29		0		E8		3		1		3		1
42		0		1		6		46		29		1		E8		3		1		3		1
36		0		1		0		46		29		2		E8		3		0		3		1
38		0		1		2		46		29		3		E8		3		0		3		1
49		0		1		13		46		29		4		E8		3		3		3		1
51		0		1		15		46		29		5		E8		3		3		3		1
44		0		1		8		46		-1		-1		E8		-1		-1		3		-1
45		0		1		9		46		29		6		E8		3		2		3		1
47		0		1		11		46		29		7		E8		3		2		3		1
20		0		0		20		46		30		0		E8		2		0		3		1
22		0		0		22		46		30		1		E8		2		0		3		1
33		0		0		33		46		30		2		E8		2		3		3		1
35		0		0		35		46		30		3		E8		2		3		3		1
29		0		0		29		46		30		4		E8		2		2		3		1
31		0		0		31		46		30		5		E8		2		2		3		1
24		0		0		24		46		30		6		E8		2		1		3		1
26		0		0		26		46		30		7		E8		2		1		3		1
17		0		0		17		46		-1		-1		E8		-1		-1		3		-1
18		0		0		18		46		-1		-1		E8		-1		-1		3		-1
19		0		0		19		46		31		0		E8		2		0		3		1
21		0		0		21		46		31		1		E8		2		0		3		1
32		0		0		32		46		31		2		E8		2		3		3		1
34		0		0		34		46		31		3		E8		2		3		3		1
27		0		0		27		46		-1		-1		E8		-1		-1		3		-1
28		0		0		28		46		31		4		E8		2		2		3		1
30		0		0		30		46		31		5		E8		2		2		3		1
23		0		0		23		46		31		6		E8		2		1		3		1
25		0		0		25		46		31		7		E8		2		1		3		1
14		0		0		14		46		32		0		E8		1		3		3		1
16		0		0		16		46		32		1		E8		1		3		3		1
10		0		0		10		46		32		2		E8		1		2		3		1
12		0		0		12		46		32		3		E8		1		2		3		1
1		0		0		1		46		32		4		E8		1		0		3		1
3		0		0		3		46		32		5		E8		1		0		3		1
5		0		0		5		46		32		6		E8		1		1		3		1
7		0		0		7		46		32		7		E8		1		1		3		1
8		0		0		8		46		-1		-1		E8		-1		-1		3		-1
13		0		0		13		46		33		0		E8		1		3		3		1
15		0		0		15		46		33		1		E8		1		3		3		1
9		0		0		9		46		33		2		E8		1		2		3		1
11		0		0		11		46		33		3		E8		1		2		3		1
0		0		0		0		46		33		4		E8		1		0		3		1
2		0		0		2		46		33		5		E8		1		0		3		1
4		0		0		4		46		33		6		E8		1		1		3		1
6		0		0		6		46		33		7		E8		1		1		3		1
69		0		1		33		46		34		0		G8		4		3		4		1
71		0		1		35		46		34		1		G8		4		3		4		1
65		0		1		29		46		34		2		G8		4		2		4		1
67		0		1		31		46		34		3		G8		4		2		4		1
60		0		1		24		46		34		4		G8		4		1		4		1
62		0		1		26		46		34		5		G8		4		1		4		1
56		0		1		20		46		34		6		G8		4		0		4		1
58		0		1		22		46		34		7		G8		4		0		4		1
68		0		1		32		46		35		0		G8		4		3		4		1
70		0		1		34		46		35		1		G8		4		3		4		1
63		0		1		27		46		-1		-1		G8		-1		-1		4		-1
64		0		1		28		46		35		2		G8		4		2		4		1
66		0		1		30		46		35		3		G8		4		2		4		1
59		0		1		23		46		35		4		G8		4		1		4		1
61		0		1		25		46		35		5		G8		4		1		4		1
53		0		1		17		46		-1		-1		G8		-1		-1		4		-1
54		0		1		18		46		-1		-1		G8		-1		-1		4		-1
55		0		1		19		46		35		6		G8		4		0		4		1
57		0		1		21		46		35		7		G8		4		0		4		1
41		0		1		5		46		36		0		G8		3		1		4		1
43		0		1		7		46		36		1		G8		3		1		4		1
37		0		1		1		46		36		2		G8		3		0		4		1
39		0		1		3		46		36		3		G8		3		0		4		1
50		0		1		14		46		36		4		G8		3		3		4		1
52		0		1		16		46		36		5		G8		3		3		4		1
46		0		1		10		46		36		6		G8		3		2		4		1
48		0		1		12		46		36		7		G8		3		2		4		1
40		0		1		4		46		37		0		G8		3		1		4		1
42		0		1		6		46		37		1		G8		3		1		4		1
36		0		1		0		46		37		2		G8		3		0		4		1
38		0		1		2		46		37		3		G8		3		0		4		1
49		0		1		13		46		37		4		G8		3		3		4		1
51		0		1		15		46		37		5		G8		3		3		4		1
44		0		1		8		46		-1		-1		G8		-1		-1		4		-1
45		0		1		9		46		37		6		G8		3		2		4		1
47		0		1		11		46		37		7		G8		3		2		4		1
20		0		0		20		46		38		0		G8		2		0		4		1
22		0		0		22		46		38		1		G8		2		0		4		1
33		0		0		33		46		38		2		G8		2		3		4		1
35		0		0		35		46		38		3		G8		2		3		4		1
29		0		0		29		46		38		4		G8		2		2		4		1
31		0		0		31		46		38		5		G8		2		2		4		1
24		0		0		24		46		38		6		G8		2		1		4		1
26		0		0		26		46		38		7		G8		2		1		4		1
17		0		0		17		46		-1		-1		G8		-1		-1		4		-1
18		0		0		18		46		-1		-1		G8		-1		-1		4		-1
19		0		0		19		46		39		0		G8		2		0		4		1
21		0		0		21		46		39		1		G8		2		0		4		1
32		0		0		32		46		39		2		G8		2		3		4		1
34		0		0		34		46		39		3		G8		2		3		4		1
27		0		0		27		46		-1		-1		G8		-1		-1		4		-1
28		0		0		28		46		39		4		G8		2		2		4		1
30		0		0		30		46		39		5		G8		2		2		4		1
23		0		0		23		46		39		6		G8		2		1		4		1
25		0		0		25		46		39		7		G8		2		1		4		1
14		0		0		14		46		40		0		G8		1		3		4		1
16		0		0		16		46		40		1		G8		1		3		4		1
10		0		0		10		46		40		2		G8		1		2		4		1
12		0		0		12		46		40		3		G8		1		2		4		1
1		0		0		1		46		40		4		G8		1		0		4		1
3		0		0		3		46		40		5		G8		1		0		4		1
5		0		0		5		46		40		6		G8		1		1		4		1
7		0		0		7		46		40		7		G8		1		1		4		1
8		0		0		8		46		-1		-1		G8		-1		-1		4		-1
13		0		0		13		46		41		0		G8		1		3		4		1
15		0		0		15		46		41		1		G8		1		3		4		1
9		0		0		9		46		41		2		G8		1		2		4		1
11		0		0		11		46		41		3		G8		1		2		4		1
0		0		0		0		46		41		4		G8		1		0		4		1
2		0		0		2		46		41		5		G8		1		0		4		1
4		0		0		4		46		41		6		G8		1		1		4		1
6		0		0		6		46		41		7		G8		1		1		4		1
41		0		1		5		47		0		0		A5A6		3		1		0		1
43		0		1		7		47		0		1		A5A6		3		1		0		1
37		0		1		1		47		0		2		A5A6		3		0		0		1
39		0		1		3		47		0		3		A5A6		3		0		0		1
50		0		1		14		47		0		4		A5A6		3		3		0		1
52		0		1		16		47		0		5		A5A6		3		3		0		1
46		0		1		10		47		0		6		A5A6		3		2		0		1
48		0		1		12		47		0		7		A5A6		3		2		0		1
40		0		1		4		47		1		0		A5A6		3		1		0		1
42		0		1		6		47		1		1		A5A6		3		1		0		1
36		0		1		0		47		1		2		A5A6		3		0		0		1
38		0		1		2		47		1		3		A5A6		3		0		0		1
49		0		1		13		47		1		4		A5A6		3		3		0		1
51		0		1		15		47		1		5		A5A6		3		3		0		1
44		0		1		8		47		-1		-1		A5A6		-1		-1		0		-1
45		0		1		9		47		1		6		A5A6		3		2		0		1
47		0		1		11		47		1		7		A5A6		3		2		0		1
20		0		0		20		47		2		0		A5A6		2		0		0		1
22		0		0		22		47		2		1		A5A6		2		0		0		1
33		0		0		33		47		2		2		A5A6		2		3		0		1
35		0		0		35		47		2		3		A5A6		2		3		0		1
29		0		0		29		47		2		4		A5A6		2		2		0		1
31		0		0		31		47		2		5		A5A6		2		2		0		1
24		0		0		24		47		2		6		A5A6		2		1		0		1
26		0		0		26		47		2		7		A5A6		2		1		0		1
17		0		0		17		47		-1		-1		A5A6		-1		-1		0		-1
18		0		0		18		47		-1		-1		A5A6		-1		-1		0		-1
19		0		0		19		47		3		0		A5A6		2		0		0		1
21		0		0		21		47		3		1		A5A6		2		0		0		1
32		0		0		32		47		3		2		A5A6		2		3		0		1
34		0		0		34		47		3		3		A5A6		2		3		0		1
27		0		0		27		47		-1		-1		A5A6		-1		-1		0		-1
28		0		0		28		47		3		4		A5A6		2		2		0		1
30		0		0		30		47		3		5		A5A6		2		2		0		1
23		0		0		23		47		3		6		A5A6		2		1		0		1
25		0		0		25		47		3		7		A5A6		2		1		0		1
14		0		0		14		47		4		0		A5A6		1		3		0		1
16		0		0		16		47		4		1		A5A6		1		3		0		1
10		0		0		10		47		4		2		A5A6		1		2		0		1
12		0		0		12		47		4		3		A5A6		1		2		0		1
1		0		0		1		47		4		4		A5A6		1		0		0		1
3		0		0		3		47		4		5		A5A6		1		0		0		1
5		0		0		5		47		4		6		A5A6		1		1		0		1
7		0		0		7		47		4		7		A5A6		1		1		0		1
8		0		0		8		47		-1		-1		A5A6		-1		-1		0		-1
13		0		0		13		47		5		0		A5A6		1		3		0		1
15		0		0		15		47		5		1		A5A6		1		3		0		1
9		0		0		9		47		5		2		A5A6		1		2		0		1
11		0		0		11		47		5		3		A5A6		1		2		0		1
0		0		0		0		47		5		4		A5A6		1		0		0		1
2		0		0		2		47		5		5		A5A6		1		0		0		1
4		0		0		4		47		5		6		A5A6		1		1		0		1
6		0		0		6		47		5		7		A5A6		1		1		0		1
92		1		0		20		47		6		0		B11B12		6		0		1		1
94		1		0		22		47		6		1		B11B12		6		0		1		1
105		1		0		33		47		6		2		B11B12		6		3		1		1
107		1		0		35		47		6		3		B11B12		6		3		1		1
101		1		0		29		47		6		4		B11B12		6		2		1		1
103		1		0		31		47		6		5		B11B12		6		2		1		1
96		1		0		24		47		6		6		B11B12		6		1		1		1
98		1		0		26		47		6		7		B11B12		6		1		1		1
89		1		0		17		47		-1		-1		B11B12		-1		-1		1		-1
90		1		0		18		47		-1		-1		B11B12		-1		-1		1		-1
91		1		0		19		47		7		0		B11B12		6		0		1		1
93		1		0		21		47		7		1		B11B12		6		0		1		1
104		1		0		32		47		7		2		B11B12		6		3		1		1
106		1		0		34		47		7		3		B11B12		6		3		1		1
99		1		0		27		47		-1		-1		B11B12		-1		-1		1		-1
100		1		0		28		47		7		4		B11B12		6		2		1		1
102		1		0		30		47		7		5		B11B12		6		2		1		1
95		1		0		23		47		7		6		B11B12		6		1		1		1
97		1		0		25		47		7		7		B11B12		6		1		1		1
86		1		0		14		47		8		0		B11B12		5		3		1		1
88		1		0		16		47		8		1		B11B12		5		3		1		1
82		1		0		10		47		8		2		B11B12		5		2		1		1
84		1		0		12		47		8		3		B11B12		5		2		1		1
73		1		0		1		47		8		4		B11B12		5		0		1		1
75		1		0		3		47		8		5		B11B12		5		0		1		1
77		1		0		5		47		8		6		B11B12		5		1		1		1
79		1		0		7		47		8		7		B11B12		5		1		1		1
85		1		0		13		47		9		0		B11B12		5		3		1		1
87		1		0		15		47		9		1		B11B12		5		3		1		1
80		1		0		8		47		-1		-1		B11B12		-1		-1		1		-1
81		1		0		9		47		9		2		B11B12		5		2		1		1
83		1		0		11		47		9		3		B11B12		5		2		1		1
72		1		0		0		47		9		4		B11B12		5		0		1		1
74		1		0		2		47		9		5		B11B12		5		0		1		1
76		1		0		4		47		9		6		B11B12		5		1		1		1
78		1		0		6		47		9		7		B11B12		5		1		1		1
69		0		1		33		47		10		0		B11B12		4		3		1		1
71		0		1		35		47		10		1		B11B12		4		3		1		1
65		0		1		29		47		10		2		B11B12		4		2		1		1
67		0		1		31		47		10		3		B11B12		4		2		1		1
60		0		1		24		47		10		4		B11B12		4		1		1		1
62		0		1		26		47		10		5		B11B12		4		1		1		1
56		0		1		20		47		10		6		B11B12		4		0		1		1
58		0		1		22		47		10		7		B11B12		4		0		1		1
68		0		1		32		47		11		0		B11B12		4		3		1		1
70		0		1		34		47		11		1		B11B12		4		3		1		1
63		0		1		27		47		-1		-1		B11B12		-1		-1		1		-1
64		0		1		28		47		11		2		B11B12		4		2		1		1
66		0		1		30		47		11		3		B11B12		4		2		1		1
59		0		1		23		47		11		4		B11B12		4		1		1		1
61		0		1		25		47		11		5		B11B12		4		1		1		1
53		0		1		17		47		-1		-1		B11B12		-1		-1		1		-1
54		0		1		18		47		-1		-1		B11B12		-1		-1		1		-1
55		0		1		19		47		11		6		B11B12		4		0		1		1
57		0		1		21		47		11		7		B11B12		4		0		1		1
41		0		1		5		47		12		0		B11B12		3		1		1		1
43		0		1		7		47		12		1		B11B12		3		1		1		1
37		0		1		1		47		12		2		B11B12		3		0		1		1
39		0		1		3		47		12		3		B11B12		3		0		1		1
50		0		1		14		47		12		4		B11B12		3		3		1		1
52		0		1		16		47		12		5		B11B12		3		3		1		1
46		0		1		10		47		12		6		B11B12		3		2		1		1
48		0		1		12		47		12		7		B11B12		3		2		1		1
40		0		1		4		47		13		0		B11B12		3		1		1		1
42		0		1		6		47		13		1		B11B12		3		1		1		1
36		0		1		0		47		13		2		B11B12		3		0		1		1
38		0		1		2		47		13		3		B11B12		3		0		1		1
49		0		1		13		47		13		4		B11B12		3		3		1		1
51		0		1		15		47		13		5		B11B12		3		3		1		1
44		0		1		8		47		-1		-1		B11B12		-1		-1		1		-1
45		0		1		9		47		13		6		B11B12		3		2		1		1
47		0		1		11		47		13		7		B11B12		3		2		1		1
20		0		0		20		47		14		0		B11B12		2		0		1		1
22		0		0		22		47		14		1		B11B12		2		0		1		1
33		0		0		33		47		14		2		B11B12		2		3		1		1
35		0		0		35		47		14		3		B11B12		2		3		1		1
29		0		0		29		47		14		4		B11B12		2		2		1		1
31		0		0		31		47		14		5		B11B12		2		2		1		1
24		0		0		24		47		14		6		B11B12		2		1		1		1
26		0		0		26		47		14		7		B11B12		2		1		1		1
17		0		0		17		47		-1		-1		B11B12		-1		-1		1		-1
18		0		0		18		47		-1		-1		B11B12		-1		-1		1		-1
19		0		0		19		47		15		0		B11B12		2		0		1		1
21		0		0		21		47		15		1		B11B12		2		0		1		1
32		0		0		32		47		15		2		B11B12		2		3		1		1
34		0		0		34		47		15		3		B11B12		2		3		1		1
27		0		0		27		47		-1		-1		B11B12		-1		-1		1		-1
28		0		0		28		47		15		4		B11B12		2		2		1		1
30		0		0		30		47		15		5		B11B12		2		2		1		1
23		0		0		23		47		15		6		B11B12		2		1		1		1
25		0		0		25		47		15		7		B11B12		2		1		1		1
14		0		0		14		47		16		0		B11B12		1		3		1		1
16		0		0		16		47		16		1		B11B12		1		3		1		1
10		0		0		10		47		16		2		B11B12		1		2		1		1
12		0		0		12		47		16		3		B11B12		1		2		1		1
1		0		0		1		47		16		4		B11B12		1		0		1		1
3		0		0		3		47		16		5		B11B12		1		0		1		1
5		0		0		5		47		16		6		B11B12		1		1		1		1
7		0		0		7		47		16		7		B11B12		1		1		1		1
8		0		0		8		47		-1		-1		B11B12		-1		-1		1		-1
13		0		0		13		47		17		0		B11B12		1		3		1		1
15		0		0		15		47		17		1		B11B12		1		3		1		1
9		0		0		9		47		17		2		B11B12		1		2		1		1
11		0		0		11		47		17		3		B11B12		1		2		1		1
0		0		0		0		47		17		4		B11B12		1		0		1		1
2		0		0		2		47		17		5		B11B12		1		0		1		1
4		0		0		4		47		17		6		B11B12		1		1		1		1
6		0		0		6		47		17		7		B11B12		1		1		1		1
69		0		1		33		47		18		0		D8		4		3		2		1
71		0		1		35		47		18		1		D8		4		3		2		1
65		0		1		29		47		18		2		D8		4		2		2		1
67		0		1		31		47		18		3		D8		4		2		2		1
60		0		1		24		47		18		4		D8		4		1		2		1
62		0		1		26		47		18		5		D8		4		1		2		1
56		0		1		20		47		18		6		D8		4		0		2		1
58		0		1		22		47		18		7		D8		4		0		2		1
68		0		1		32		47		19		0		D8		4		3		2		1
70		0		1		34		47		19		1		D8		4		3		2		1
63		0		1		27		47		-1		-1		D8		-1		-1		2		-1
64		0		1		28		47		19		2		D8		4		2		2		1
66		0		1		30		47		19		3		D8		4		2		2		1
59		0		1		23		47		19		4		D8		4		1		2		1
61		0		1		25		47		19		5		D8		4		1		2		1
53		0		1		17		47		-1		-1		D8		-1		-1		2		-1
54		0		1		18		47		-1		-1		D8		-1		-1		2		-1
55		0		1		19		47		19		6		D8		4		0		2		1
57		0		1		21		47		19		7		D8		4		0		2		1
41		0		1		5		47		20		0		D8		3		1		2		1
43		0		1		7		47		20		1		D8		3		1		2		1
37		0		1		1		47		20		2		D8		3		0		2		1
39		0		1		3		47		20		3		D8		3		0		2		1
50		0		1		14		47		20		4		D8		3		3		2		1
52		0		1		16		47		20		5		D8		3		3		2		1
46		0		1		10		47		20		6		D8		3		2		2		1
48		0		1		12		47		20		7		D8		3		2		2		1
40		0		1		4		47		21		0		D8		3		1		2		1
42		0		1		6		47		21		1		D8		3		1		2		1
36		0		1		0		47		21		2		D8		3		0		2		1
38		0		1		2		47		21		3		D8		3		0		2		1
49		0		1		13		47		21		4		D8		3		3		2		1
51		0		1		15		47		21		5		D8		3		3		2		1
44		0		1		8		47		-1		-1		D8		-1		-1		2		-1
45		0		1		9		47		21		6		D8		3		2		2		1
47		0		1		11		47		21		7		D8		3		2		2		1
20		0		0		20		47		22		0		D8		2		0		2		1
22		0		0		22		47		22		1		D8		2		0		2		1
33		0		0		33		47		22		2		D8		2		3		2		1
35		0		0		35		47		22		3		D8		2		3		2		1
29		0		0		29		47		22		4		D8		2		2		2		1
31		0		0		31		47		22		5		D8		2		2		2		1
24		0		0		24		47		22		6		D8		2		1		2		1
26		0		0		26		47		22		7		D8		2		1		2		1
17		0		0		17		47		-1		-1		D8		-1		-1		2		-1
18		0		0		18		47		-1		-1		D8		-1		-1		2		-1
19		0		0		19		47		23		0		D8		2		0		2		1
21		0		0		21		47		23		1		D8		2		0		2		1
32		0		0		32		47		23		2		D8		2		3		2		1
34		0		0		34		47		23		3		D8		2		3		2		1
27		0		0		27		47		-1		-1		D8		-1		-1		2		-1
28		0		0		28		47		23		4		D8		2		2		2		1
30		0		0		30		47		23		5		D8		2		2		2		1
23		0		0		23		47		23		6		D8		2		1		2		1
25		0		0		25		47		23		7		D8		2		1		2		1
14		0		0		14		47		24		0		D8		1		3		2		1
16		0		0		16		47		24		1		D8		1		3		2		1
10		0		0		10		47		24		2		D8		1		2		2		1
12		0		0		12		47		24		3		D8		1		2		2		1
1		0		0		1		47		24		4		D8		1		0		2		1
3		0		0		3		47		24		5		D8		1		0		2		1
5		0		0		5		47		24		6		D8		1		1		2		1
7		0		0		7		47		24		7		D8		1		1		2		1
8		0		0		8		47		-1		-1		D8		-1		-1		2		-1
13		0		0		13		47		25		0		D8		1		3		2		1
15		0		0		15		47		25		1		D8		1		3		2		1
9		0		0		9		47		25		2		D8		1		2		2		1
11		0		0		11		47		25		3		D8		1		2		2		1
0		0		0		0		47		25		4		D8		1		0		2		1
2		0		0		2		47		25		5		D8		1		0		2		1
4		0		0		4		47		25		6		D8		1		1		2		1
6		0		0		6		47		25		7		D8		1		1		2		1
69		0		1		33		47		26		0		E8		4		3		3		1
71		0		1		35		47		26		1		E8		4		3		3		1
65		0		1		29		47		26		2		E8		4		2		3		1
67		0		1		31		47		26		3		E8		4		2		3		1
60		0		1		24		47		26		4		E8		4		1		3		1
62		0		1		26		47		26		5		E8		4		1		3		1
56		0		1		20		47		26		6		E8		4		0		3		1
58		0		1		22		47		26		7		E8		4		0		3		1
68		0		1		32		47		27		0		E8		4		3		3		1
70		0		1		34		47		27		1		E8		4		3		3		1
63		0		1		27		47		-1		-1		E8		-1		-1		3		-1
64		0		1		28		47		27		2		E8		4		2		3		1
66		0		1		30		47		27		3		E8		4		2		3		1
59		0		1		23		47		27		4		E8		4		1		3		1
61		0		1		25		47		27		5		E8		4		1		3		1
53		0		1		17		47		-1		-1		E8		-1		-1		3		-1
54		0		1		18		47		-1		-1		E8		-1		-1		3		-1
55		0		1		19		47		27		6		E8		4		0		3		1
57		0		1		21		47		27		7		E8		4		0		3		1
41		0		1		5		47		28		0		E8		3		1		3		1
43		0		1		7		47		28		1		E8		3		1		3		1
37		0		1		1		47		28		2		E8		3		0		3		1
39		0		1		3		47		28		3		E8		3		0		3		1
50		0		1		14		47		28		4		E8		3		3		3		1
52		0		1		16		47		28		5		E8		3		3		3		1
46		0		1		10		47		28		6		E8		3		2		3		1
48		0		1		12		47		28		7		E8		3		2		3		1
40		0		1		4		47		29		0		E8		3		1		3		1
42		0		1		6		47		29		1		E8		3		1		3		1
36		0		1		0		47		29		2		E8		3		0		3		1
38		0		1		2		47		29		3		E8		3		0		3		1
49		0		1		13		47		29		4		E8		3		3		3		1
51		0		1		15		47		29		5		E8		3		3		3		1
44		0		1		8		47		-1		-1		E8		-1		-1		3		-1
45		0		1		9		47		29		6		E8		3		2		3		1
47		0		1		11		47		29		7		E8		3		2		3		1
20		0		0		20		47		30		0		E8		2		0		3		1
22		0		0		22		47		30		1		E8		2		0		3		1
33		0		0		33		47		30		2		E8		2		3		3		1
35		0		0		35		47		30		3		E8		2		3		3		1
29		0		0		29		47		30		4		E8		2		2		3		1
31		0		0		31		47		30		5		E8		2		2		3		1
24		0		0		24		47		30		6		E8		2		1		3		1
26		0		0		26		47		30		7		E8		2		1		3		1
17		0		0		17		47		-1		-1		E8		-1		-1		3		-1
18		0		0		18		47		-1		-1		E8		-1		-1		3		-1
19		0		0		19		47		31		0		E8		2		0		3		1
21		0		0		21		47		31		1		E8		2		0		3		1
32		0		0		32		47		31		2		E8		2		3		3		1
34		0		0		34		47		31		3		E8		2		3		3		1
27		0		0		27		47		-1		-1		E8		-1		-1		3		-1
28		0		0		28		47		31		4		E8		2		2		3		1
30		0		0		30		47		31		5		E8		2		2		3		1
23		0		0		23		47		31		6		E8		2		1		3		1
25		0		0		25		47		31		7		E8		2		1		3		1
14		0		0		14		47		32		0		E8		1		3		3		1
16		0		0		16		47		32		1		E8		1		3		3		1
10		0		0		10		47		32		2		E8		1		2		3		1
12		0		0		12		47		32		3		E8		1		2		3		1
1		0		0		1		47		32		4		E8		1		0		3		1
3		0		0		3		47		32		5		E8		1		0		3		1
5		0		0		5		47		32		6		E8		1		1		3		1
7		0		0		7		47		32		7		E8		1		1		3		1
8		0		0		8		47		-1		-1		E8		-1		-1		3		-1
13		0		0		13		47		33		0		E8		1		3		3		1
15		0		0		15		47		33		1		E8		1		3		3		1
9		0		0		9		47		33		2		E8		1		2		3		1
11		0		0		11		47		33		3		E8		1		2		3		1
0		0		0		0		47		33		4		E8		1		0		3		1
2		0		0		2		47		33		5		E8		1		0		3		1
4		0		0		4		47		33		6		E8		1		1		3		1
6		0		0		6		47		33		7		E8		1		1		3		1
41		0		1		5		47		34		0		G6		3		1		4		1
43		0		1		7		47		34		1		G6		3		1		4		1
37		0		1		1		47		34		2		G6		3		0		4		1
39		0		1		3		47		34		3		G6		3		0		4		1
50		0		1		14		47		34		4		G6		3		3		4		1
52		0		1		16		47		34		5		G6		3		3		4		1
46		0		1		10		47		34		6		G6		3		2		4		1
48		0		1		12		47		34		7		G6		3		2		4		1
40		0		1		4		47		35		0		G6		3		1		4		1
42		0		1		6		47		35		1		G6		3		1		4		1
36		0		1		0		47		35		2		G6		3		0		4		1
38		0		1		2		47		35		3		G6		3		0		4		1
49		0		1		13		47		35		4		G6		3		3		4		1
51		0		1		15		47		35		5		G6		3		3		4		1
44		0		1		8		47		-1		-1		G6		-1		-1		4		-1
45		0		1		9		47		35		6		G6		3		2		4		1
47		0		1		11		47		35		7		G6		3		2		4		1
20		0		0		20		47		36		0		G6		2		0		4		1
22		0		0		22		47		36		1		G6		2		0		4		1
33		0		0		33		47		36		2		G6		2		3		4		1
35		0		0		35		47		36		3		G6		2		3		4		1
29		0		0		29		47		36		4		G6		2		2		4		1
31		0		0		31		47		36		5		G6		2		2		4		1
24		0		0		24		47		36		6		G6		2		1		4		1
26		0		0		26		47		36		7		G6		2		1		4		1
17		0		0		17		47		-1		-1		G6		-1		-1		4		-1
18		0		0		18		47		-1		-1		G6		-1		-1		4		-1
19		0		0		19		47		37		0		G6		2		0		4		1
21		0		0		21		47		37		1		G6		2		0		4		1
32		0		0		32		47		37		2		G6		2		3		4		1
34		0		0		34		47		37		3		G6		2		3		4		1
27		0		0		27		47		-1		-1		G6		-1		-1		4		-1
28		0		0		28		47		37		4		G6		2		2		4		1
30		0		0		30		47		37		5		G6		2		2		4		1
23		0		0		23		47		37		6		G6		2		1		4		1
25		0		0		25		47		37		7		G6		2		1		4		1
14		0		0		14		47		38		0		G6		1		3		4		1
16		0		0		16		47		38		1		G6		1		3		4		1
10		0		0		10		47		38		2		G6		1		2		4		1
12		0		0		12		47		38		3		G6		1		2		4		1
1		0		0		1		47		38		4		G6		1		0		4		1
3		0		0		3		47		38		5		G6		1		0		4		1
5		0		0		5		47		38		6		G6		1		1		4		1
7		0		0		7		47		38		7		G6		1		1		4		1
8		0		0		8		47		-1		-1		G6		-1		-1		4		-1
13		0		0		13		47		39		0		G6		1		3		4		1
15		0		0		15		47		39		1		G6		1		3		4		1
9		0		0		9		47		39		2		G6		1		2		4		1
11		0		0		11		47		39		3		G6		1		2		4		1
0		0		0		0		47		39		4		G6		1		0		4		1
2		0		0		2		47		39		5		G6		1		0		4		1
4		0		0		4		47		39		6		G6		1		1		4		1
6		0		0		6		47		39		7		G6		1		1		4		1
