plane u v typecode idx captureblock slink captureblockidx fedid zside
1 -10 -7 ML-T3W 3 1 1 0 290 -1
1 -10 -6 ML-53W 5 0 0 0 301 -1
1 -10 -5 ML-R3W 7 0 0 0 301 -1
1 -10 -4 ML-53W 8 0 0 0 301 -1
1 -10 -3 ML-B3W 2 1 1 0 338 -1
1 -9 -8 ML-T3W 6 0 0 0 289 -1
1 -9 -7 ML-F3W 10 0 0 0 289 -1
1 -9 -6 ML-F3W 2 1 1 0 290 -1
1 -9 -5 ML-F3W 4 0 0 0 301 -1
1 -9 -4 ML-F3W 6 0 0 0 301 -1
1 -9 -3 ML-F3W 1 1 1 0 338 -1
1 -9 -2 ML-F3W 7 1 1 0 290 -1
1 -9 -1 ML-F3W 11 1 1 0 290 -1
1 -8 -9 ML-F3W 11 1 1 0 398 -1
1 -8 -8 ML-F3W 10 0 0 0 445 -1
1 -8 -7 ML-F3W 5 0 0 0 289 -1
1 -8 -6 ML-F3W 9 0 0 0 289 -1
1 -8 -5 ML-F3W 1 1 1 0 290 -1
1 -8 -4 ML-F3W 3 0 0 0 301 -1
1 -8 -3 ML-F3W 0 1 1 0 338 -1
1 -8 -2 ML-F3W 6 1 1 0 290 -1
1 -8 -1 ML-F3W 10 1 1 0 290 -1
1 -8 0 ML-F3W 10 0 0 0 337 -1
1 -8 1 ML-T3W 6 0 0 0 205 -1
1 -7 -10 ML-B3W 2 1 1 0 446 -1
1 -7 -9 ML-F3W 7 1 1 0 398 -1
1 -7 -8 ML-F3W 10 1 1 0 398 -1
1 -7 -7 ML-F3W 9 0 0 0 445 -1
1 -7 -6 ML-F3W 4 0 0 0 289 -1
1 -7 -5 ML-F3W 8 0 0 0 289 -1
1 -7 -4 ML-F3W 0 1 1 0 290 -1
1 -7 -3 ML-F3W 11 0 0 0 337 -1
1 -7 -2 ML-F3W 5 1 1 0 290 -1
1 -7 -1 ML-F3W 9 1 1 0 290 -1
1 -7 0 ML-F3W 9 0 0 0 337 -1
1 -7 1 ML-F3W 5 0 0 0 205 -1
1 -7 2 ML-F3W 10 0 0 0 205 -1
1 -7 3 ML-T3W 3 1 1 0 206 -1
1 -6 -10 ML-53W 6 0 0 0 409 -1
1 -6 -9 ML-F3W 1 1 1 0 446 -1
1 -6 -8 ML-F3W 6 1 1 0 398 -1
1 -6 -7 ML-F3W 9 1 1 0 398 -1
1 -6 -6 ML-F3W 8 0 0 0 445 -1
1 -6 -5 ML-F3W 3 0 0 0 289 -1
1 -6 -4 ML-F3W 7 0 0 0 289 -1
1 -6 -3 ML-F3W 11 0 0 0 289 -1
1 -6 -2 ML-F3W 4 1 1 0 290 -1
1 -6 -1 ML-F3W 8 1 1 0 290 -1
1 -6 0 ML-F3W 8 0 0 0 337 -1
1 -6 1 ML-F3W 4 0 0 0 205 -1
1 -6 2 ML-F3W 9 0 0 0 205 -1
1 -6 3 ML-F3W 2 1 1 0 206 -1
1 -6 4 ML-53W 8 0 0 0 217 -1
1 -5 -10 ML-R3W 7 0 0 0 409 -1
1 -5 -9 ML-F3W 4 0 0 0 409 -1
1 -5 -8 ML-F3W 0 1 1 0 446 -1
1 -5 -7 ML-F3W 5 1 1 0 398 -1
1 -5 -6 ML-F3W 8 1 1 0 398 -1
1 -5 -5 ML-F3W 7 0 0 0 445 -1
1 -5 -4 MH-F2W 2 0 0 0 301 -1
1 -5 -3 MH-F2W 1 0 0 0 289 -1
1 -5 -2 MH-F2W 2 0 0 0 289 -1
1 -5 -1 MH-F2W 6 0 0 0 337 -1
1 -5 0 ML-F3W 7 0 0 0 337 -1
1 -5 1 ML-F3W 3 0 0 0 205 -1
1 -5 2 ML-F3W 8 0 0 0 205 -1
1 -5 3 ML-F3W 1 1 1 0 206 -1
1 -5 4 ML-F3W 5 0 0 0 217 -1
1 -5 5 ML-R3W 7 0 0 0 217 -1
1 -4 -10 ML-53W 8 0 0 0 409 -1
1 -4 -9 ML-F3W 5 0 0 0 409 -1
1 -4 -8 ML-F3W 3 0 0 0 409 -1
1 -4 -7 ML-F3W 11 0 0 0 445 -1
1 -4 -6 ML-F3W 4 1 1 0 398 -1
1 -4 -5 MH-F2W 6 0 0 0 445 -1
1 -4 -4 MH-F2W 2 0 0 0 445 -1
1 -4 -3 MH-F2W 1 0 0 0 301 -1
1 -4 -2 MH-F2W 0 0 0 0 289 -1
1 -4 -1 MH-F2W 5 0 0 0 337 -1
1 -4 0 MH-F2W 2 0 0 0 337 -1
1 -4 1 MH-F2W 2 0 0 0 217 -1
1 -4 2 ML-F3W 7 0 0 0 205 -1
1 -4 3 ML-F3W 0 1 1 0 206 -1
1 -4 4 ML-F3W 3 0 0 0 217 -1
1 -4 5 ML-F3W 4 0 0 0 217 -1
1 -4 6 ML-53W 6 0 0 0 217 -1
1 -3 -10 ML-T3W 3 1 1 0 398 -1
1 -3 -9 ML-F3W 2 1 1 0 398 -1
1 -3 -8 ML-F3W 1 1 1 0 398 -1
1 -3 -7 ML-F3W 0 1 1 0 398 -1
1 -3 -6 ML-F3W 11 0 0 0 397 -1
1 -3 -5 MH-F2W 1 0 0 0 397 -1
1 -3 -4 MH-F2W 5 0 0 0 445 -1
1 -3 -3 MH-F2W 1 0 0 0 445 -1
1 -3 -2 MH-F2W 0 0 0 0 301 -1
1 -3 -1 MH-F2W 4 0 0 0 337 -1
1 -3 0 MH-F2W 1 0 0 0 337 -1
1 -3 1 MH-F2W 1 0 0 0 217 -1
1 -3 2 MH-F2W 2 0 0 0 205 -1
1 -3 3 ML-F3W 11 0 0 0 205 -1
1 -3 4 ML-F3W 11 0 0 0 253 -1
1 -3 5 ML-F3W 0 1 1 0 254 -1
1 -3 6 ML-F3W 1 1 1 0 254 -1
1 -3 7 ML-B3W 2 1 1 0 254 -1
1 -2 -9 ML-F3W 10 0 0 0 397 -1
1 -2 -8 ML-F3W 9 0 0 0 397 -1
1 -2 -7 ML-F3W 8 0 0 0 397 -1
1 -2 -6 ML-F3W 7 0 0 0 397 -1
1 -2 -5 MH-F2W 2 0 0 0 397 -1
1 -2 -4 MH-F2W 0 0 0 0 397 -1
1 -2 -3 MH-F2W 4 0 0 0 445 -1
1 -2 -2 MH-B1W 0 0 0 0 445 -1
1 -2 -1 MH-L1W 3 0 0 0 337 -1
1 -2 0 MH-B1W 0 0 0 0 337 -1
1 -2 1 MH-F2W 0 0 0 0 217 -1
1 -2 2 MH-F2W 0 0 0 0 205 -1
1 -2 3 MH-F2W 1 0 0 0 205 -1
1 -2 4 ML-F3W 4 1 1 0 206 -1
1 -2 5 ML-F3W 5 1 1 0 206 -1
1 -2 6 ML-F3W 6 1 1 0 206 -1
1 -2 7 ML-F3W 7 1 1 0 206 -1
1 -1 -9 ML-T3W 6 0 0 0 397 -1
1 -1 -8 ML-F3W 5 0 0 0 397 -1
1 -1 -7 ML-F3W 4 0 0 0 397 -1
1 -1 -6 ML-F3W 3 0 0 0 397 -1
1 -1 -5 MH-F2W 2 0 0 0 409 -1
1 -1 -4 MH-F2W 1 0 0 0 409 -1
1 -1 -3 MH-F2W 0 0 0 0 409 -1
1 -1 -2 MH-L1W 3 0 0 0 445 -1
1 -1 1 MH-L1W 3 0 0 0 253 -1
1 -1 2 MH-F2W 4 0 0 0 253 -1
1 -1 3 MH-F2W 5 0 0 0 253 -1
1 -1 4 MH-F2W 6 0 0 0 253 -1
1 -1 5 ML-F3W 8 1 1 0 206 -1
1 -1 6 ML-F3W 9 1 1 0 206 -1
1 -1 7 ML-F3W 10 1 1 0 206 -1
1 -1 8 ML-F3W 11 1 1 0 206 -1
1 0 -8 ML-F3W 10 0 0 0 529 -1
1 0 -7 ML-F3W 9 0 0 0 529 -1
1 0 -6 ML-F3W 8 0 0 0 529 -1
1 0 -5 ML-F3W 7 0 0 0 529 -1
1 0 -4 MH-F2W 2 0 0 0 529 -1
1 0 -3 MH-F2W 1 0 0 0 529 -1
1 0 -2 MH-B1W 0 0 0 0 529 -1
1 0 2 MH-B1W 0 0 0 0 253 -1
1 0 3 MH-F2W 1 0 0 0 253 -1
1 0 4 MH-F2W 2 0 0 0 253 -1
1 0 5 ML-F3W 7 0 0 0 253 -1
1 0 6 ML-F3W 8 0 0 0 253 -1
1 0 7 ML-F3W 9 0 0 0 253 -1
1 0 8 ML-F3W 10 0 0 0 253 -1
1 1 -8 ML-F3W 11 1 1 0 482 -1
1 1 -7 ML-F3W 10 1 1 0 482 -1
1 1 -6 ML-F3W 9 1 1 0 482 -1
1 1 -5 ML-F3W 8 1 1 0 482 -1
1 1 -4 MH-F2W 6 0 0 0 529 -1
1 1 -3 MH-F2W 5 0 0 0 529 -1
1 1 -2 MH-F2W 4 0 0 0 529 -1
1 1 -1 MH-L1W 3 0 0 0 529 -1
1 1 2 MH-L1W 3 0 0 0 145 -1
1 1 3 MH-F2W 0 0 0 0 109 -1
1 1 4 MH-F2W 1 0 0 0 109 -1
1 1 5 MH-F2W 2 0 0 0 109 -1
1 1 6 ML-F3W 3 0 0 0 97 -1
1 1 7 ML-F3W 4 0 0 0 97 -1
1 1 8 ML-F3W 5 0 0 0 97 -1
1 1 9 ML-T3W 6 0 0 0 97 -1
1 2 -7 ML-F3W 7 1 1 0 482 -1
1 2 -6 ML-F3W 6 1 1 0 482 -1
1 2 -5 ML-F3W 5 1 1 0 482 -1
1 2 -4 ML-F3W 4 1 1 0 482 -1
1 2 -3 MH-F2W 2 0 0 0 481 -1
1 2 -2 MH-F2W 0 0 0 0 481 -1
1 2 -1 MH-F2W 0 0 0 0 493 -1
1 2 0 MH-B1W 0 0 0 0 61 -1
1 2 1 MH-L1W 3 0 0 0 61 -1
1 2 2 MH-B1W 0 0 0 0 145 -1
1 2 3 MH-F2W 4 0 0 0 145 -1
1 2 4 MH-F2W 0 0 0 0 97 -1
1 2 5 MH-F2W 1 0 0 0 97 -1
1 2 6 ML-F3W 7 0 0 0 97 -1
1 2 7 ML-F3W 8 0 0 0 97 -1
1 2 8 ML-F3W 9 0 0 0 97 -1
1 2 9 ML-F3W 10 0 0 0 97 -1
1 3 -7 ML-B3W 2 1 1 0 530 -1
1 3 -6 ML-F3W 1 1 1 0 530 -1
1 3 -5 ML-F3W 0 1 1 0 530 -1
1 3 -4 ML-F3W 11 0 0 0 529 -1
1 3 -3 ML-F3W 11 0 0 0 481 -1
1 3 -2 MH-F2W 1 0 0 0 481 -1
1 3 -1 MH-F2W 1 0 0 0 493 -1
1 3 0 MH-F2W 1 0 0 0 61 -1
1 3 1 MH-F2W 4 0 0 0 61 -1
1 3 2 MH-F2W 0 0 0 0 25 -1
1 3 3 MH-F2W 1 0 0 0 145 -1
1 3 4 MH-F2W 5 0 0 0 145 -1
1 3 5 MH-F2W 2 0 0 0 97 -1
1 3 6 ML-F3W 11 0 0 0 97 -1
1 3 7 ML-F3W 0 1 1 0 98 -1
1 3 8 ML-F3W 1 1 1 0 98 -1
1 3 9 ML-F3W 2 1 1 0 98 -1
1 3 10 ML-T3W 3 1 1 0 98 -1
1 4 -6 ML-53W 8 0 0 0 493 -1
1 4 -5 ML-F3W 6 0 0 0 493 -1
1 4 -4 ML-F3W 3 0 0 0 493 -1
1 4 -3 ML-F3W 0 1 1 0 482 -1
1 4 -2 ML-F3W 7 0 0 0 481 -1
1 4 -1 MH-F2W 2 0 0 0 493 -1
1 4 0 MH-F2W 2 0 0 0 61 -1
1 4 1 MH-F2W 5 0 0 0 61 -1
1 4 2 MH-F2W 0 0 0 0 13 -1
1 4 3 MH-F2W 1 0 0 0 25 -1
1 4 4 MH-F2W 2 0 0 0 145 -1
1 4 5 MH-F2W 6 0 0 0 145 -1
1 4 6 ML-F3W 4 1 1 0 98 -1
1 4 7 ML-F3W 11 0 0 0 145 -1
1 4 8 ML-F3W 3 0 0 0 109 -1
1 4 9 ML-F3W 4 0 0 0 109 -1
1 4 10 ML-53W 5 0 0 0 109 -1
1 5 -5 ML-R3W 7 0 0 0 493 -1
1 5 -4 ML-F3W 4 0 0 0 493 -1
1 5 -3 ML-F3W 1 1 1 0 482 -1
1 5 -2 ML-F3W 8 0 0 0 481 -1
1 5 -1 ML-F3W 3 0 0 0 481 -1
1 5 0 ML-F3W 7 0 0 0 61 -1
1 5 1 MH-F2W 6 0 0 0 61 -1
1 5 2 MH-F2W 1 0 0 0 13 -1
1 5 3 MH-F2W 2 0 0 0 13 -1
1 5 4 MH-F2W 2 0 0 0 25 -1
1 5 5 ML-F3W 7 0 0 0 145 -1
1 5 6 ML-F3W 8 1 1 0 98 -1
1 5 7 ML-F3W 5 1 1 0 98 -1
1 5 8 ML-F3W 0 1 1 0 146 -1
1 5 9 ML-F3W 6 0 0 0 109 -1
1 5 10 ML-R3W 7 0 0 0 109 -1
1 6 -4 ML-53W 5 0 0 0 493 -1
1 6 -3 ML-F3W 2 1 1 0 482 -1
1 6 -2 ML-F3W 9 0 0 0 481 -1
1 6 -1 ML-F3W 4 0 0 0 481 -1
1 6 0 ML-F3W 8 0 0 0 61 -1
1 6 1 ML-F3W 8 1 1 0 14 -1
1 6 2 ML-F3W 4 1 1 0 14 -1
1 6 3 ML-F3W 11 0 0 0 13 -1
1 6 4 ML-F3W 7 0 0 0 13 -1
1 6 5 ML-F3W 3 0 0 0 13 -1
1 6 6 ML-F3W 8 0 0 0 145 -1
1 6 7 ML-F3W 9 1 1 0 98 -1
1 6 8 ML-F3W 6 1 1 0 98 -1
1 6 9 ML-F3W 1 1 1 0 146 -1
1 6 10 ML-53W 8 0 0 0 109 -1
1 7 -3 ML-T3W 3 1 1 0 482 -1
1 7 -2 ML-F3W 10 0 0 0 481 -1
1 7 -1 ML-F3W 5 0 0 0 481 -1
1 7 0 ML-F3W 9 0 0 0 61 -1
1 7 1 ML-F3W 9 1 1 0 14 -1
1 7 2 ML-F3W 5 1 1 0 14 -1
1 7 3 ML-F3W 11 0 0 0 61 -1
1 7 4 ML-F3W 0 1 1 0 14 -1
1 7 5 ML-F3W 8 0 0 0 13 -1
1 7 6 ML-F3W 4 0 0 0 13 -1
1 7 7 ML-F3W 9 0 0 0 145 -1
1 7 8 ML-F3W 10 1 1 0 98 -1
1 7 9 ML-F3W 7 1 1 0 98 -1
1 7 10 ML-B3W 2 1 1 0 146 -1
1 8 -1 ML-T3W 6 0 0 0 481 -1
1 8 0 ML-F3W 10 0 0 0 61 -1
1 8 1 ML-F3W 10 1 1 0 14 -1
1 8 2 ML-F3W 6 1 1 0 14 -1
1 8 3 ML-F3W 0 1 1 0 62 -1
1 8 4 ML-F3W 3 0 0 0 25 -1
1 8 5 ML-F3W 1 1 1 0 14 -1
1 8 6 ML-F3W 9 0 0 0 13 -1
1 8 7 ML-F3W 5 0 0 0 13 -1
1 8 8 ML-F3W 10 0 0 0 145 -1
1 8 9 ML-F3W 11 1 1 0 98 -1
1 9 1 ML-F3W 11 1 1 0 14 -1
1 9 2 ML-F3W 7 1 1 0 14 -1
1 9 3 ML-F3W 1 1 1 0 62 -1
1 9 4 ML-F3W 4 0 0 0 25 -1
1 9 5 ML-F3W 5 0 0 0 25 -1
1 9 6 ML-F3W 2 1 1 0 14 -1
1 9 7 ML-F3W 10 0 0 0 13 -1
1 9 8 ML-T3W 6 0 0 0 13 -1
1 10 3 ML-B3W 2 1 1 0 62 -1
1 10 4 ML-53W 6 0 0 0 25 -1
1 10 5 ML-R3W 7 0 0 0 25 -1
1 10 6 ML-53W 8 0 0 0 25 -1
1 10 7 ML-T3W 3 1 1 0 14 -1
2 -10 -6 ML-R3W 4 1 1 0 326 -1
2 -10 -5 ML-L3W 3 1 1 0 326 -1
2 -10 -4 ML-L3W 1 1 1 0 326 -1
2 -9 -8 ML-T3W 10 1 1 0 314 -1
2 -9 -7 ML-F3W 6 1 1 0 314 -1
2 -9 -6 ML-F3W 5 0 0 0 277 -1
2 -9 -5 ML-F3W 2 1 1 0 326 -1
2 -9 -4 ML-F3W 0 1 1 0 326 -1
2 -9 -3 ML-F3W 2 1 1 0 314 -1
2 -9 -2 ML-F3W 10 0 0 0 313 -1
2 -9 -1 ML-B3W 6 0 0 0 313 -1
2 -8 -9 ML-B3W 6 0 0 0 229 -1
2 -8 -8 ML-F3W 10 0 0 0 325 -1
2 -8 -7 ML-F3W 9 1 1 0 314 -1
2 -8 -6 ML-F3W 5 1 1 0 314 -1
2 -8 -5 ML-F3W 4 0 0 0 277 -1
2 -8 -4 ML-F3W 11 0 0 0 325 -1
2 -8 -3 ML-F3W 1 1 1 0 314 -1
2 -8 -2 ML-F3W 9 0 0 0 313 -1
2 -8 -1 ML-F3W 5 0 0 0 313 -1
2 -7 -9 ML-F3W 10 0 0 0 229 -1
2 -7 -8 ML-F3W 5 0 0 0 229 -1
2 -7 -7 ML-F3W 9 0 0 0 325 -1
2 -7 -6 ML-F3W 8 1 1 0 314 -1
2 -7 -5 ML-F3W 4 1 1 0 314 -1
2 -7 -4 ML-F3W 3 0 0 0 277 -1
2 -7 -3 ML-F3W 0 1 1 0 314 -1
2 -7 -2 ML-F3W 8 0 0 0 313 -1
2 -7 -1 ML-F3W 4 0 0 0 313 -1
2 -6 -10 ML-L3W 4 1 1 0 242 -1
2 -6 -9 ML-F3W 2 1 1 0 230 -1
2 -6 -8 ML-F3W 9 0 0 0 229 -1
2 -6 -7 ML-F3W 4 0 0 0 229 -1
2 -6 -6 ML-F3W 8 0 0 0 325 -1
2 -6 -5 ML-F3W 7 1 1 0 314 -1
2 -6 -4 ML-F3W 3 1 1 0 314 -1
2 -6 -3 ML-F3W 11 0 0 0 313 -1
2 -6 -2 ML-F3W 7 0 0 0 313 -1
2 -6 -1 ML-F3W 3 0 0 0 313 -1
2 -5 -10 ML-L3W 3 1 1 0 242 -1
2 -5 -9 ML-F3W 1 1 1 0 242 -1
2 -5 -8 ML-F3W 1 1 1 0 230 -1
2 -5 -7 ML-F3W 8 0 0 0 229 -1
2 -5 -6 ML-F3W 3 0 0 0 229 -1
2 -5 -5 ML-F3W 7 0 0 0 325 -1
2 -5 -4 MH-F2W 2 0 0 0 313 -1
2 -5 -3 MH-F2W 1 0 0 0 313 -1
2 -5 -2 MH-F2W 2 0 0 0 277 -1
2 -5 -1 MH-F2W 6 0 0 0 325 -1
2 -4 -10 ML-R3W 2 1 1 0 242 -1
2 -4 -9 ML-F3W 0 1 1 0 242 -1
2 -4 -8 ML-F3W 11 0 0 0 241 -1
2 -4 -7 ML-F3W 0 1 1 0 230 -1
2 -4 -6 ML-F3W 7 0 0 0 229 -1
2 -4 -5 MH-F2W 6 0 0 0 241 -1
2 -4 -4 MH-F2W 2 0 0 0 325 -1
2 -4 -3 MH-F2W 0 0 0 0 313 -1
2 -4 -2 MH-F2W 1 0 0 0 277 -1
2 -4 -1 MH-F2W 5 0 0 0 325 -1
2 -3 -9 ML-F3W 5 2 0 1 205 -1
2 -3 -8 ML-F3W 4 2 0 1 205 -1
2 -3 -7 ML-F3W 3 2 0 1 205 -1
2 -3 -6 ML-F3W 11 0 0 0 229 -1
2 -3 -5 MH-F2W 2 2 0 1 205 -1
2 -3 -4 MH-F2W 5 0 0 0 241 -1
2 -3 -3 MH-F2W 1 0 0 0 325 -1
2 -3 -2 MH-F1W 0 0 0 0 277 -1
2 -3 -1 MH-F1W 4 0 0 0 325 -1
2 -2 -9 ML-F3W 6 1 1 0 230 -1
2 -2 -8 ML-F3W 5 1 1 0 230 -1
2 -2 -7 ML-F3W 4 1 1 0 230 -1
2 -2 -6 ML-F3W 3 1 1 0 230 -1
2 -2 -5 MH-F2W 2 0 0 0 229 -1
2 -2 -4 MH-F2W 1 2 0 1 205 -1
2 -2 -3 MH-F1W 4 0 0 0 241 -1
2 -2 -2 MH-B1W 0 0 0 0 325 -1
2 -2 -1 MH-R1W 3 0 0 0 325 -1
2 -1 -9 ML-T3W 10 1 1 0 230 -1
2 -1 -8 ML-F3W 9 1 1 0 230 -1
2 -1 -7 ML-F3W 8 1 1 0 230 -1
2 -1 -6 ML-F3W 7 1 1 0 230 -1
2 -1 -5 MH-F2W 1 0 0 0 229 -1
2 -1 -4 MH-F2W 0 0 0 0 229 -1
2 -1 -3 MH-F1W 0 2 0 1 205 -1
2 -1 -2 MH-R1W 3 0 0 0 241 -1
2 0 -8 ML-F3W 10 0 0 0 241 -1
2 0 -7 ML-F3W 9 0 0 0 241 -1
2 0 -6 ML-F3W 8 0 0 0 241 -1
2 0 -5 ML-F3W 7 0 0 0 241 -1
2 0 -4 MH-F2W 2 0 0 0 241 -1
2 0 -3 MH-F2W 1 0 0 0 241 -1
2 0 -2 MH-B1W 0 0 0 0 241 -1
2 1 -8 ML-B3W 6 0 0 0 505 -1
2 1 -7 ML-F3W 5 0 0 0 505 -1
2 1 -6 ML-F3W 4 0 0 0 505 -1
2 1 -5 ML-F3W 3 0 0 0 505 -1
2 1 -4 MH-F2W 6 0 0 0 517 -1
2 1 -3 MH-F2W 5 0 0 0 517 -1
2 1 -2 MH-F1W 4 0 0 0 517 -1
2 1 -1 MH-R1W 3 0 0 0 517 -1
2 1 2 MH-R1W 3 0 0 0 133 -1
2 1 3 MH-F1W 4 0 0 0 133 -1
2 1 4 MH-F2W 5 0 0 0 133 -1
2 1 5 MH-F2W 6 0 0 0 133 -1
2 1 6 ML-F3W 3 0 0 0 121 -1
2 1 7 ML-F3W 4 0 0 0 121 -1
2 1 8 ML-F3W 5 0 0 0 121 -1
2 1 9 ML-B3W 6 0 0 0 121 -1
2 2 -7 ML-F3W 10 0 0 0 505 -1
2 2 -6 ML-F3W 9 0 0 0 505 -1
2 2 -5 ML-F3W 8 0 0 0 505 -1
2 2 -4 ML-F3W 7 0 0 0 505 -1
2 2 -3 MH-F2W 2 0 0 0 469 -1
2 2 -2 MH-F2W 1 0 0 0 469 -1
2 2 -1 MH-F1W 0 0 0 0 469 -1
2 2 0 MH-B1W 0 0 0 0 49 -1
2 2 0 MH-B1W 0 0 0 0 517 -1
2 2 1 MH-R1W 3 0 0 0 49 -1
2 2 1 MH-R1W 3 0 0 0 433 -1
2 2 2 MH-B1W 0 0 0 0 433 -1
2 2 2 MH-B1W 0 0 0 0 133 -1
2 2 3 MH-F1W 0 0 0 0 85 -1
2 2 4 MH-F2W 1 0 0 0 85 -1
2 2 5 MH-F2W 2 0 0 0 85 -1
2 2 6 ML-F3W 7 0 0 0 121 -1
2 2 7 ML-F3W 8 0 0 0 121 -1
2 2 8 ML-F3W 9 0 0 0 121 -1
2 2 9 ML-F3W 10 0 0 0 121 -1
2 3 -6 ML-F3W 2 1 1 0 506 -1
2 3 -5 ML-F3W 1 1 1 0 506 -1
2 3 -4 ML-F3W 0 1 1 0 506 -1
2 3 -3 ML-F3W 11 0 0 0 505 -1
2 3 -2 MH-F2W 1 0 0 0 505 -1
2 3 -1 MH-F2W 0 0 0 0 505 -1
2 3 0 MH-F2W 1 0 0 0 49 -1
2 3 0 MH-F2W 1 0 0 0 517 -1
2 3 1 MH-F1W 0 2 0 1 13 -1
2 3 1 MH-F1W 4 0 0 0 433 -1
2 3 2 MH-F1W 0 2 0 1 397 -1
2 3 2 MH-F1W 4 0 0 0 49 -1
2 3 3 MH-F2W 1 0 0 0 433 -1
2 3 3 MH-F2W 1 0 0 0 133 -1
2 3 4 MH-F2W 0 0 0 0 121 -1
2 3 5 MH-F2W 1 0 0 0 121 -1
2 3 6 ML-F3W 11 0 0 0 121 -1
2 3 7 ML-F3W 0 1 1 0 122 -1
2 3 8 ML-F3W 1 1 1 0 122 -1
2 3 9 ML-F3W 2 1 1 0 122 -1
2 4 -6 ML-L3W 1 1 1 0 518 -1
2 4 -5 ML-F3W 0 1 1 0 518 -1
2 4 -4 ML-F3W 11 0 0 0 517 -1
2 4 -3 ML-F3W 3 0 0 0 469 -1
2 4 -2 ML-F3W 3 1 1 0 506 -1
2 4 -1 MH-F2W 2 0 0 0 505 -1
2 4 0 MH-F2W 2 0 0 0 49 -1
2 4 0 MH-F2W 2 0 0 0 517 -1
2 4 1 MH-F2W 0 0 0 0 37 -1
2 4 1 MH-F2W 5 0 0 0 433 -1
2 4 2 MH-F2W 1 2 0 1 13 -1
2 4 2 MH-F2W 1 2 0 1 397 -1
2 4 3 MH-F2W 0 0 0 0 421 -1
2 4 3 MH-F2W 5 0 0 0 49 -1
2 4 4 MH-F2W 2 0 0 0 433 -1
2 4 4 MH-F2W 2 0 0 0 133 -1
2 4 5 MH-F2W 2 0 0 0 121 -1
2 4 6 ML-F3W 3 1 1 0 122 -1
2 4 7 ML-F3W 3 0 0 0 85 -1
2 4 8 ML-F3W 11 0 0 0 133 -1
2 4 9 ML-F3W 0 1 1 0 134 -1
2 4 10 ML-L3W 1 1 1 0 134 -1
2 5 -5 ML-L3W 3 1 1 0 518 -1
2 5 -4 ML-F3W 2 1 1 0 518 -1
2 5 -3 ML-F3W 4 0 0 0 469 -1
2 5 -2 ML-F3W 4 1 1 0 506 -1
2 5 -1 ML-F3W 7 1 1 0 506 -1
2 5 0 ML-F3W 7 0 0 0 49 -1
2 5 0 ML-F3W 7 0 0 0 517 -1
2 5 1 MH-F2W 1 0 0 0 37 -1
2 5 1 MH-F2W 6 0 0 0 433 -1
2 5 2 MH-F2W 2 2 0 1 397 -1
2 5 2 MH-F2W 2 0 0 0 37 -1
2 5 3 MH-F2W 2 2 0 1 13 -1
2 5 3 MH-F2W 2 0 0 0 421 -1
2 5 4 MH-F2W 1 0 0 0 421 -1
2 5 4 MH-F2W 6 0 0 0 49 -1
2 5 5 ML-F3W 7 0 0 0 433 -1
2 5 5 ML-F3W 7 0 0 0 133 -1
2 5 6 ML-F3W 7 1 1 0 122 -1
2 5 7 ML-F3W 4 1 1 0 122 -1
2 5 8 ML-F3W 4 0 0 0 85 -1
2 5 9 ML-F3W 2 1 1 0 134 -1
2 5 10 ML-L3W 3 1 1 0 134 -1
2 6 -4 ML-R3W 4 1 1 0 518 -1
2 6 -3 ML-F3W 5 0 0 0 469 -1
2 6 -2 ML-F3W 5 1 1 0 506 -1
2 6 -1 ML-F3W 8 1 1 0 506 -1
2 6 0 ML-F3W 8 0 0 0 49 -1
2 6 0 ML-F3W 8 0 0 0 517 -1
2 6 1 ML-F3W 3 0 0 0 421 -1
2 6 1 ML-F3W 7 1 1 0 38 -1
2 6 2 ML-F3W 7 0 0 0 421 -1
2 6 2 ML-F3W 3 1 1 0 38 -1
2 6 3 ML-F3W 11 0 0 0 37 -1
2 6 3 ML-F3W 11 0 0 0 421 -1
2 6 4 ML-F3W 7 0 0 0 37 -1
2 6 4 ML-F3W 3 1 1 0 422 -1
2 6 5 ML-F3W 3 0 0 0 37 -1
2 6 5 ML-F3W 7 1 1 0 422 -1
2 6 6 ML-F3W 8 0 0 0 433 -1
2 6 6 ML-F3W 8 0 0 0 133 -1
2 6 7 ML-F3W 8 1 1 0 122 -1
2 6 8 ML-F3W 5 1 1 0 122 -1
2 6 9 ML-F3W 5 0 0 0 85 -1
2 6 10 ML-R3W 4 1 1 0 134 -1
2 7 -2 ML-F3W 6 1 1 0 506 -1
2 7 -1 ML-F3W 9 1 1 0 506 -1
2 7 0 ML-F3W 9 0 0 0 49 -1
2 7 0 ML-F3W 9 0 0 0 517 -1
2 7 1 ML-F3W 4 0 0 0 421 -1
2 7 1 ML-F3W 8 1 1 0 38 -1
2 7 2 ML-F3W 8 0 0 0 421 -1
2 7 2 ML-F3W 4 1 1 0 38 -1
2 7 3 ML-F3W 3 2 0 1 13 -1
2 7 3 ML-F3W 0 1 1 0 422 -1
2 7 4 ML-F3W 3 2 0 1 397 -1
2 7 4 ML-F3W 0 1 1 0 38 -1
2 7 5 ML-F3W 8 0 0 0 37 -1
2 7 5 ML-F3W 4 1 1 0 422 -1
2 7 6 ML-F3W 4 0 0 0 37 -1
2 7 6 ML-F3W 8 1 1 0 422 -1
2 7 7 ML-F3W 9 0 0 0 433 -1
2 7 7 ML-F3W 9 0 0 0 133 -1
2 7 8 ML-F3W 9 1 1 0 122 -1
2 7 9 ML-F3W 6 1 1 0 122 -1
2 8 -1 ML-T3W 10 1 1 0 506 -1
2 8 0 ML-F3W 10 0 0 0 49 -1
2 8 0 ML-F3W 10 0 0 0 517 -1
2 8 1 ML-F3W 5 0 0 0 421 -1
2 8 1 ML-F3W 9 1 1 0 38 -1
2 8 2 ML-F3W 9 0 0 0 421 -1
2 8 2 ML-F3W 5 1 1 0 38 -1
2 8 3 ML-F3W 4 2 0 1 13 -1
2 8 3 ML-F3W 1 1 1 0 422 -1
2 8 4 ML-F3W 11 0 0 0 49 -1
2 8 4 ML-F3W 11 0 0 0 433 -1
2 8 5 ML-F3W 4 2 0 1 397 -1
2 8 5 ML-F3W 1 1 1 0 38 -1
2 8 6 ML-F3W 9 0 0 0 37 -1
2 8 6 ML-F3W 5 1 1 0 422 -1
2 8 7 ML-F3W 5 0 0 0 37 -1
2 8 7 ML-F3W 9 1 1 0 422 -1
2 8 8 ML-F3W 10 0 0 0 433 -1
2 8 8 ML-F3W 10 0 0 0 133 -1
2 8 9 ML-T3W 10 1 1 0 122 -1
2 9 1 ML-B3W 6 0 0 0 421 -1
2 9 1 ML-T3W 10 1 1 0 38 -1
2 9 2 ML-F3W 10 0 0 0 421 -1
2 9 2 ML-F3W 6 1 1 0 38 -1
2 9 3 ML-F3W 5 2 0 1 13 -1
2 9 3 ML-F3W 2 1 1 0 422 -1
2 9 4 ML-F3W 0 1 1 0 50 -1
2 9 4 ML-F3W 1 1 1 0 434 -1
2 9 5 ML-F3W 0 1 1 0 434 -1
2 9 5 ML-F3W 1 1 1 0 50 -1
2 9 6 ML-F3W 5 2 0 1 397 -1
2 9 6 ML-F3W 2 1 1 0 38 -1
2 9 7 ML-F3W 10 0 0 0 37 -1
2 9 7 ML-F3W 6 1 1 0 422 -1
2 9 8 ML-B3W 6 0 0 0 37 -1
2 9 8 ML-T3W 10 1 1 0 422 -1
2 10 4 ML-R3W 2 1 1 0 50 -1
2 10 4 ML-L3W 4 1 1 0 434 -1
2 10 5 ML-L3W 3 1 1 0 50 -1
2 10 5 ML-L3W 3 1 1 0 434 -1
2 10 6 ML-R3W 2 1 1 0 434 -1
2 10 6 ML-L3W 4 1 1 0 50 -1
3 -10 -7 ML-T3W 3 3 1 1 314 -1
3 -10 -6 ML-53W 4 3 1 1 314 -1
3 -10 -5 ML-R3W 9 2 0 1 313 -1
3 -10 -4 ML-53W 10 2 0 1 313 -1
3 -10 -3 ML-B3W 5 2 0 1 313 -1
3 -9 -8 ML-T3W 9 1 1 0 338 -1
3 -9 -7 ML-F3W 1 2 0 1 337 -1
3 -9 -6 ML-F3W 2 3 1 1 314 -1
3 -9 -5 ML-F3W 7 2 0 1 313 -1
3 -9 -4 ML-F3W 8 2 0 1 313 -1
3 -9 -3 ML-F3W 4 2 0 1 313 -1
3 -9 -2 ML-F3W 5 2 0 1 337 -1
3 -9 -1 ML-F3W 9 2 0 1 337 -1
3 -8 -9 ML-F3W 9 2 0 1 445 -1
3 -8 -8 ML-F3W 1 4 0 2 421 -1
3 -8 -7 ML-F3W 8 1 1 0 338 -1
3 -8 -6 ML-F3W 0 2 0 1 337 -1
3 -8 -5 ML-F3W 1 3 1 1 314 -1
3 -8 -4 ML-F3W 6 2 0 1 313 -1
3 -8 -3 ML-F3W 3 2 0 1 313 -1
3 -8 -2 ML-F3W 4 2 0 1 337 -1
3 -8 -1 ML-F3W 8 2 0 1 337 -1
3 -8 0 ML-F3W 5 1 1 0 302 -1
3 -8 1 ML-T3W 9 1 1 0 254 -1
3 -7 -10 ML-B3W 0 3 1 1 422 -1
3 -7 -9 ML-F3W 5 2 0 1 445 -1
3 -7 -8 ML-F3W 8 2 0 1 445 -1
3 -7 -7 ML-F3W 0 4 0 2 421 -1
3 -7 -6 ML-F3W 7 1 1 0 338 -1
3 -7 -5 ML-F3W 11 1 1 0 338 -1
3 -7 -4 ML-F3W 0 3 1 1 314 -1
3 -7 -3 ML-F3W 2 2 0 1 313 -1
3 -7 -2 ML-F3W 3 2 0 1 337 -1
3 -7 -1 ML-F3W 7 2 0 1 337 -1
3 -7 0 ML-F3W 4 1 1 0 302 -1
3 -7 1 ML-F3W 8 1 1 0 254 -1
3 -7 2 ML-F3W 1 2 0 1 253 -1
3 -7 3 ML-T3W 11 3 1 1 230 -1
3 -6 -10 ML-53W 4 3 1 1 422 -1
3 -6 -9 ML-F3W 11 2 0 1 421 -1
3 -6 -8 ML-F3W 4 2 0 1 445 -1
3 -6 -7 ML-F3W 7 2 0 1 445 -1
3 -6 -6 ML-F3W 11 2 0 1 445 -1
3 -6 -5 ML-F3W 6 1 1 0 338 -1
3 -6 -4 ML-F3W 10 1 1 0 338 -1
3 -6 -3 ML-F3W 11 2 0 1 313 -1
3 -6 -2 ML-F3W 2 2 0 1 337 -1
3 -6 -1 ML-F3W 6 2 0 1 337 -1
3 -6 0 ML-F3W 11 2 0 1 337 -1
3 -6 1 ML-F3W 7 1 1 0 254 -1
3 -6 2 ML-F3W 0 2 0 1 253 -1
3 -6 3 ML-F3W 9 3 1 1 230 -1
3 -6 4 ML-53W 10 3 1 1 230 -1
3 -5 -10 ML-R3W 5 3 1 1 422 -1
3 -5 -9 ML-F3W 2 3 1 1 422 -1
3 -5 -8 ML-F3W 10 2 0 1 421 -1
3 -5 -7 ML-F3W 3 2 0 1 445 -1
3 -5 -6 ML-F3W 6 2 0 1 445 -1
3 -5 -5 ML-F3W 10 2 0 1 445 -1
3 -5 -4 MH-F2W 3 1 1 0 302 -1
3 -5 -3 MH-F2W 4 1 1 0 338 -1
3 -5 -2 MH-F2W 5 1 1 0 338 -1
3 -5 -1 MH-F2W 0 1 1 0 302 -1
3 -5 0 ML-F3W 10 2 0 1 337 -1
3 -5 1 ML-F3W 6 1 1 0 254 -1
3 -5 2 ML-F3W 11 1 1 0 254 -1
3 -5 3 ML-F3W 8 3 1 1 230 -1
3 -5 4 ML-F3W 3 3 1 1 230 -1
3 -5 5 ML-R3W 5 3 1 1 230 -1
3 -4 -10 ML-53W 10 3 1 1 422 -1
3 -4 -9 ML-F3W 3 3 1 1 422 -1
3 -4 -8 ML-F3W 1 3 1 1 422 -1
3 -4 -7 ML-F3W 9 2 0 1 421 -1
3 -4 -6 ML-F3W 2 2 0 1 445 -1
3 -4 -5 MH-F2W 5 2 0 1 421 -1
3 -4 -4 MH-F2W 1 2 0 1 421 -1
3 -4 -3 MH-F2W 2 1 1 0 302 -1
3 -4 -2 MH-F2W 3 1 1 0 338 -1
3 -4 -1 MH-F2W 11 0 0 0 301 -1
3 -4 0 MH-F2W 1 2 0 1 313 -1
3 -4 1 MH-F2W 8 2 0 1 229 -1
3 -4 2 ML-F3W 10 1 1 0 254 -1
3 -4 3 ML-F3W 7 3 1 1 230 -1
3 -4 4 ML-F3W 1 3 1 1 230 -1
3 -4 5 ML-F3W 2 3 1 1 230 -1
3 -4 6 ML-53W 4 3 1 1 230 -1
3 -3 -10 ML-T3W 11 3 1 1 422 -1
3 -3 -9 ML-F3W 9 3 1 1 422 -1
3 -3 -8 ML-F3W 8 3 1 1 422 -1
3 -3 -7 ML-F3W 7 3 1 1 422 -1
3 -3 -6 ML-F3W 6 3 1 1 422 -1
3 -3 -5 MH-F2W 4 1 1 0 446 -1
3 -3 -4 MH-F2W 4 2 0 1 421 -1
3 -3 -3 MH-F1W 0 2 0 1 421 -1
3 -3 -2 MH-F1W 1 1 1 0 302 -1
3 -3 -1 MH-F1W 10 0 0 0 301 -1
3 -3 0 MH-F1W 0 2 0 1 313 -1
3 -3 1 MH-F2W 7 2 0 1 229 -1
3 -3 2 MH-F2W 5 1 1 0 254 -1
3 -3 3 ML-F3W 6 3 1 1 230 -1
3 -3 4 ML-F3W 9 2 0 1 229 -1
3 -3 5 ML-F3W 10 2 0 1 229 -1
3 -3 6 ML-F3W 11 2 0 1 229 -1
3 -3 7 ML-B3W 0 3 1 1 230 -1
3 -2 -9 ML-F3W 1 2 0 1 445 -1
3 -2 -8 ML-F3W 0 2 0 1 445 -1
3 -2 -7 ML-F3W 11 1 1 0 446 -1
3 -2 -6 ML-F3W 10 1 1 0 446 -1
3 -2 -5 MH-F2W 5 1 1 0 446 -1
3 -2 -4 MH-F2W 3 1 1 0 446 -1
3 -2 -3 MH-F1W 3 2 0 1 421 -1
3 -2 -2 MH-B1W 11 1 1 0 422 -1
3 -2 -1 MH-L1W 9 0 0 0 301 -1
3 -2 0 MH-B1W 11 1 1 0 314 -1
3 -2 1 MH-F1W 6 2 0 1 229 -1
3 -2 2 MH-F2W 3 1 1 0 254 -1
3 -2 3 MH-F2W 4 1 1 0 254 -1
3 -2 4 ML-F3W 2 2 0 1 253 -1
3 -2 5 ML-F3W 3 2 0 1 253 -1
3 -2 6 ML-F3W 4 2 0 1 253 -1
3 -2 7 ML-F3W 5 2 0 1 253 -1
3 -1 -9 ML-T3W 9 1 1 0 446 -1
3 -1 -8 ML-F3W 8 1 1 0 446 -1
3 -1 -7 ML-F3W 7 1 1 0 446 -1
3 -1 -6 ML-F3W 6 1 1 0 446 -1
3 -1 -5 MH-F2W 8 2 0 1 421 -1
3 -1 -4 MH-F2W 7 2 0 1 421 -1
3 -1 -3 MH-F1W 6 2 0 1 421 -1
3 -1 -2 MH-L1W 2 2 0 1 421 -1
3 -1 1 MH-L1W 2 2 0 1 229 -1
3 -1 2 MH-F1W 3 2 0 1 229 -1
3 -1 3 MH-F2W 4 2 0 1 229 -1
3 -1 4 MH-F2W 5 2 0 1 229 -1
3 -1 5 ML-F3W 6 2 0 1 253 -1
3 -1 6 ML-F3W 7 2 0 1 253 -1
3 -1 7 ML-F3W 8 2 0 1 253 -1
3 -1 8 ML-F3W 9 2 0 1 253 -1
3 0 -8 ML-F3W 5 1 1 0 494 -1
3 0 -7 ML-F3W 4 1 1 0 494 -1
3 0 -6 ML-F3W 11 2 0 1 529 -1
3 0 -5 ML-F3W 10 2 0 1 529 -1
3 0 -4 MH-F2W 1 2 0 1 505 -1
3 0 -3 MH-F1W 0 2 0 1 505 -1
3 0 -2 MH-B1W 11 1 1 0 506 -1
3 0 2 MH-B1W 11 1 1 0 230 -1
3 0 3 MH-F1W 0 2 0 1 229 -1
3 0 4 MH-F2W 1 2 0 1 229 -1
3 0 5 ML-F3W 10 2 0 1 253 -1
3 0 6 ML-F3W 11 2 0 1 253 -1
3 0 7 ML-F3W 0 4 0 2 229 -1
3 0 8 ML-F3W 1 4 0 2 229 -1
3 1 -8 ML-F3W 9 2 0 1 529 -1
3 1 -7 ML-F3W 8 2 0 1 529 -1
3 1 -6 ML-F3W 7 2 0 1 529 -1
3 1 -5 ML-F3W 6 2 0 1 529 -1
3 1 -4 MH-F2W 0 1 1 0 494 -1
3 1 -3 MH-F2W 11 0 0 0 493 -1
3 1 -2 MH-F1W 10 0 0 0 493 -1
3 1 -1 MH-L1W 9 0 0 0 493 -1
3 1 2 MH-L1W 9 0 0 0 109 -1
3 1 3 MH-F1W 1 1 1 0 110 -1
3 1 4 MH-F2W 2 1 1 0 110 -1
3 1 5 MH-F2W 3 1 1 0 110 -1
3 1 6 ML-F3W 6 1 1 0 146 -1
3 1 7 ML-F3W 7 1 1 0 146 -1
3 1 8 ML-F3W 8 1 1 0 146 -1
3 1 9 ML-T3W 9 1 1 0 146 -1
3 2 -7 ML-F3W 5 2 0 1 529 -1
3 2 -6 ML-F3W 4 2 0 1 529 -1
3 2 -5 ML-F3W 3 2 0 1 529 -1
3 2 -4 ML-F3W 2 2 0 1 529 -1
3 2 -3 MH-F2W 5 1 1 0 530 -1
3 2 -2 MH-F2W 3 1 1 0 530 -1
3 2 -1 MH-F1W 1 1 1 0 494 -1
3 2 0 MH-B1W 11 1 1 0 38 -1
3 2 1 MH-L1W 2 2 0 1 37 -1
3 2 2 MH-B1W 11 1 1 0 122 -1
3 2 3 MH-F1W 10 0 0 0 109 -1
3 2 4 MH-F2W 3 1 1 0 146 -1
3 2 5 MH-F2W 4 1 1 0 146 -1
3 2 6 ML-F3W 10 1 1 0 146 -1
3 2 7 ML-F3W 11 1 1 0 146 -1
3 2 8 ML-F3W 0 2 0 1 145 -1
3 2 9 ML-F3W 1 2 0 1 145 -1
3 3 -7 ML-B3W 5 2 0 1 505 -1
3 3 -6 ML-F3W 4 2 0 1 505 -1
3 3 -5 ML-F3W 3 2 0 1 505 -1
3 3 -4 ML-F3W 2 2 0 1 505 -1
3 3 -3 ML-F3W 11 2 0 1 505 -1
3 3 -2 MH-F2W 4 1 1 0 530 -1
3 3 -1 MH-F2W 2 1 1 0 494 -1
3 3 0 MH-F1W 0 2 0 1 37 -1
3 3 1 MH-F1W 3 2 0 1 37 -1
3 3 2 MH-F1W 6 2 0 1 37 -1
3 3 3 MH-F1W 0 2 0 1 121 -1
3 3 4 MH-F2W 11 0 0 0 109 -1
3 3 5 MH-F2W 5 1 1 0 146 -1
3 3 6 ML-F3W 11 2 0 1 121 -1
3 3 7 ML-F3W 0 3 1 1 122 -1
3 3 8 ML-F3W 1 3 1 1 122 -1
3 3 9 ML-F3W 2 3 1 1 122 -1
3 3 10 ML-T3W 3 3 1 1 122 -1
3 4 -6 ML-53W 10 2 0 1 505 -1
3 4 -5 ML-F3W 8 2 0 1 505 -1
3 4 -4 ML-F3W 6 2 0 1 505 -1
3 4 -3 ML-F3W 0 3 1 1 506 -1
3 4 -2 ML-F3W 10 1 1 0 530 -1
3 4 -1 MH-F2W 3 1 1 0 494 -1
3 4 0 MH-F2W 1 2 0 1 37 -1
3 4 1 MH-F2W 4 2 0 1 37 -1
3 4 2 MH-F2W 3 1 1 0 62 -1
3 4 3 MH-F2W 7 2 0 1 37 -1
3 4 4 MH-F2W 1 2 0 1 121 -1
3 4 5 MH-F2W 0 1 1 0 110 -1
3 4 6 ML-F3W 2 2 0 1 145 -1
3 4 7 ML-F3W 2 2 0 1 121 -1
3 4 8 ML-F3W 6 2 0 1 121 -1
3 4 9 ML-F3W 7 2 0 1 121 -1
3 4 10 ML-53W 4 3 1 1 122 -1
3 5 -5 ML-R3W 9 2 0 1 505 -1
3 5 -4 ML-F3W 7 2 0 1 505 -1
3 5 -3 ML-F3W 1 3 1 1 506 -1
3 5 -2 ML-F3W 11 1 1 0 530 -1
3 5 -1 ML-F3W 6 1 1 0 530 -1
3 5 0 ML-F3W 10 2 0 1 61 -1
3 5 1 MH-F2W 5 2 0 1 37 -1
3 5 2 MH-F2W 4 1 1 0 62 -1
3 5 3 MH-F2W 5 1 1 0 62 -1
3 5 4 MH-F2W 8 2 0 1 37 -1
3 5 5 ML-F3W 10 2 0 1 145 -1
3 5 6 ML-F3W 6 2 0 1 145 -1
3 5 7 ML-F3W 3 2 0 1 145 -1
3 5 8 ML-F3W 3 2 0 1 121 -1
3 5 9 ML-F3W 8 2 0 1 121 -1
3 5 10 ML-R3W 9 2 0 1 121 -1
3 6 -4 ML-53W 4 3 1 1 506 -1
3 6 -3 ML-F3W 2 3 1 1 506 -1
3 6 -2 ML-F3W 0 2 0 1 529 -1
3 6 -1 ML-F3W 7 1 1 0 530 -1
3 6 0 ML-F3W 11 2 0 1 61 -1
3 6 1 ML-F3W 6 2 0 1 61 -1
3 6 2 ML-F3W 2 2 0 1 61 -1
3 6 3 ML-F3W 6 3 1 1 38 -1
3 6 4 ML-F3W 10 1 1 0 62 -1
3 6 5 ML-F3W 6 1 1 0 62 -1
3 6 6 ML-F3W 11 2 0 1 145 -1
3 6 7 ML-F3W 7 2 0 1 145 -1
3 6 8 ML-F3W 4 2 0 1 145 -1
3 6 9 ML-F3W 4 2 0 1 121 -1
3 6 10 ML-53W 10 2 0 1 121 -1
3 7 -3 ML-T3W 3 3 1 1 506 -1
3 7 -2 ML-F3W 1 2 0 1 529 -1
3 7 -1 ML-F3W 8 1 1 0 530 -1
3 7 0 ML-F3W 0 4 0 2 37 -1
3 7 1 ML-F3W 7 2 0 1 61 -1
3 7 2 ML-F3W 3 2 0 1 61 -1
3 7 3 ML-F3W 9 2 0 1 37 -1
3 7 4 ML-F3W 7 3 1 1 38 -1
3 7 5 ML-F3W 11 1 1 0 62 -1
3 7 6 ML-F3W 7 1 1 0 62 -1
3 7 7 ML-F3W 4 1 1 0 110 -1
3 7 8 ML-F3W 8 2 0 1 145 -1
3 7 9 ML-F3W 5 2 0 1 145 -1
3 7 10 ML-B3W 5 2 0 1 121 -1
3 8 -1 ML-T3W 9 1 1 0 530 -1
3 8 0 ML-F3W 1 4 0 2 37 -1
3 8 1 ML-F3W 8 2 0 1 61 -1
3 8 2 ML-F3W 4 2 0 1 61 -1
3 8 3 ML-F3W 10 2 0 1 37 -1
3 8 4 ML-F3W 1 3 1 1 38 -1
3 8 5 ML-F3W 8 3 1 1 38 -1
3 8 6 ML-F3W 0 2 0 1 61 -1
3 8 7 ML-F3W 8 1 1 0 62 -1
3 8 8 ML-F3W 5 1 1 0 110 -1
3 8 9 ML-F3W 9 2 0 1 145 -1
3 9 1 ML-F3W 9 2 0 1 61 -1
3 9 2 ML-F3W 5 2 0 1 61 -1
3 9 3 ML-F3W 11 2 0 1 37 -1
3 9 4 ML-F3W 2 3 1 1 38 -1
3 9 5 ML-F3W 3 3 1 1 38 -1
3 9 6 ML-F3W 9 3 1 1 38 -1
3 9 7 ML-F3W 1 2 0 1 61 -1
3 9 8 ML-T3W 9 1 1 0 62 -1
3 10 3 ML-B3W 0 3 1 1 38 -1
3 10 4 ML-53W 4 3 1 1 38 -1
3 10 5 ML-R3W 5 3 1 1 38 -1
3 10 6 ML-53W 10 3 1 1 38 -1
3 10 7 ML-T3W 11 3 1 1 38 -1
4 -10 -6 ML-R3W 10 1 1 0 278 -1
4 -10 -5 ML-L3W 9 1 1 0 278 -1
4 -10 -4 ML-L3W 7 1 1 0 278 -1
4 -9 -8 ML-T3W 10 3 1 1 290 -1
4 -9 -7 ML-F3W 6 3 1 1 290 -1
4 -9 -6 ML-F3W 5 3 1 1 338 -1
4 -9 -5 ML-F3W 8 1 1 0 278 -1
4 -9 -4 ML-F3W 6 1 1 0 278 -1
4 -9 -3 ML-F3W 2 3 1 1 290 -1
4 -9 -2 ML-F3W 10 2 0 1 289 -1
4 -9 -1 ML-B3W 6 2 0 1 289 -1
4 -8 -9 ML-B3W 3 1 1 0 218 -1
4 -8 -8 ML-F3W 4 1 1 0 278 -1
4 -8 -7 ML-F3W 9 3 1 1 290 -1
4 -8 -6 ML-F3W 5 3 1 1 290 -1
4 -8 -5 ML-F3W 4 3 1 1 338 -1
4 -8 -4 ML-F3W 5 1 1 0 278 -1
4 -8 -3 ML-F3W 1 3 1 1 290 -1
4 -8 -2 ML-F3W 9 2 0 1 289 -1
4 -8 -1 ML-F3W 5 2 0 1 289 -1
4 -7 -9 ML-F3W 7 1 1 0 218 -1
4 -7 -8 ML-F3W 2 1 1 0 218 -1
4 -7 -7 ML-F3W 3 1 1 0 278 -1
4 -7 -6 ML-F3W 8 3 1 1 290 -1
4 -7 -5 ML-F3W 4 3 1 1 290 -1
4 -7 -4 ML-F3W 3 3 1 1 338 -1
4 -7 -3 ML-F3W 0 3 1 1 290 -1
4 -7 -2 ML-F3W 8 2 0 1 289 -1
4 -7 -1 ML-F3W 4 2 0 1 289 -1
4 -6 -10 ML-L3W 4 1 1 0 194 -1
4 -6 -9 ML-F3W 11 1 1 0 218 -1
4 -6 -8 ML-F3W 6 1 1 0 218 -1
4 -6 -7 ML-F3W 1 1 1 0 218 -1
4 -6 -6 ML-F3W 2 1 1 0 278 -1
4 -6 -5 ML-F3W 7 3 1 1 290 -1
4 -6 -4 ML-F3W 3 3 1 1 290 -1
4 -6 -3 ML-F3W 11 2 0 1 289 -1
4 -6 -2 ML-F3W 7 2 0 1 289 -1
4 -6 -1 ML-F3W 3 2 0 1 289 -1
4 -5 -10 ML-L3W 3 1 1 0 194 -1
4 -5 -9 ML-F3W 1 1 1 0 194 -1
4 -5 -8 ML-F3W 10 1 1 0 218 -1
4 -5 -7 ML-F3W 5 1 1 0 218 -1
4 -5 -6 ML-F3W 0 1 1 0 218 -1
4 -5 -5 ML-F2W 1 1 1 0 278 -1
4 -5 -4 MH-F2W 2 2 0 1 289 -1
4 -5 -3 MH-F2W 1 2 0 1 289 -1
4 -5 -2 MH-F2W 2 3 1 1 338 -1
4 -5 -1 MH-F2W 0 1 1 0 278 -1
4 -4 -10 ML-R3W 2 1 1 0 194 -1
4 -4 -9 ML-F3W 0 1 1 0 194 -1
4 -4 -8 ML-F3W 11 0 0 0 193 -1
4 -4 -7 ML-F3W 9 1 1 0 218 -1
4 -4 -6 ML-F3W 4 1 1 0 218 -1
4 -4 -5 MH-F2W 6 0 0 0 193 -1
4 -4 -4 MH-F2W 8 0 0 0 277 -1
4 -4 -3 MH-F2W 0 2 0 1 289 -1
4 -4 -2 MH-F2W 1 3 1 1 338 -1
4 -4 -1 MH-F2W 11 0 0 0 277 -1
4 -3 -9 ML-F3W 5 0 0 0 265 -1
4 -3 -8 ML-F3W 4 0 0 0 265 -1
4 -3 -7 ML-F3W 3 0 0 0 265 -1
4 -3 -6 ML-F3W 8 1 1 0 218 -1
4 -3 -5 MH-F2W 2 0 0 0 265 -1
4 -3 -4 MH-F2W 5 0 0 0 193 -1
4 -3 -3 MH-F1W 7 0 0 0 277 -1
4 -3 -2 MH-F1W 0 3 1 1 338 -1
4 -3 -1 MH-F1W 10 0 0 0 277 -1
4 -2 -9 ML-F3W 3 2 0 1 217 -1
4 -2 -8 ML-F3W 2 2 0 1 217 -1
4 -2 -7 ML-F3W 1 2 0 1 217 -1
4 -2 -6 ML-F3W 0 2 0 1 217 -1
4 -2 -5 MH-F2W 11 0 0 0 217 -1
4 -2 -4 MH-F2W 1 0 0 0 265 -1
4 -2 -3 MH-F1W 4 0 0 0 193 -1
4 -2 -2 MH-B1W 6 0 0 0 277 -1
4 -2 -1 MH-R1W 9 0 0 0 277 -1
4 -1 -9 ML-T3W 7 2 0 1 217 -1
4 -1 -8 ML-F3W 6 2 0 1 217 -1
4 -1 -7 ML-F3W 5 2 0 1 217 -1
4 -1 -6 ML-F3W 4 2 0 1 217 -1
4 -1 -5 MH-F2W 10 0 0 0 217 -1
4 -1 -4 MH-F2W 9 0 0 0 217 -1
4 -1 -3 MH-F1W 0 0 0 0 265 -1
4 -1 -2 MH-R1W 3 0 0 0 193 -1
4 0 -8 ML-F3W 10 0 0 0 193 -1
4 0 -7 ML-F3W 9 0 0 0 193 -1
4 0 -6 ML-F3W 8 0 0 0 193 -1
4 0 -5 ML-F2W 7 0 0 0 193 -1
4 0 -4 MH-F2W 2 0 0 0 193 -1
4 0 -3 MH-F1W 1 0 0 0 193 -1
4 0 -2 MH-B1W 0 0 0 0 193 -1
4 1 -8 ML-B3W 6 2 0 1 481 -1
4 1 -7 ML-F3W 5 2 0 1 481 -1
4 1 -6 ML-F3W 4 2 0 1 481 -1
4 1 -5 ML-F3W 3 2 0 1 481 -1
4 1 -4 MH-F2W 0 1 1 0 470 -1
4 1 -3 MH-F2W 11 0 0 0 469 -1
4 1 -2 MH-F1W 10 0 0 0 469 -1
4 1 -1 MH-R1W 9 0 0 0 469 -1
4 1 2 MH-R1W 9 0 0 0 85 -1
4 1 3 MH-F1W 10 0 0 0 85 -1
4 1 4 MH-F2W 11 0 0 0 85 -1
4 1 5 MH-F2W 0 1 1 0 86 -1
4 1 6 ML-F3W 3 2 0 1 97 -1
4 1 7 ML-F3W 4 2 0 1 97 -1
4 1 8 ML-F3W 5 2 0 1 97 -1
4 1 9 ML-B3W 6 2 0 1 97 -1
4 2 -7 ML-F3W 10 2 0 1 481 -1
4 2 -6 ML-F3W 9 2 0 1 481 -1
4 2 -5 ML-F3W 8 2 0 1 481 -1
4 2 -4 ML-F3W 7 2 0 1 481 -1
4 2 -3 MH-F2W 2 3 1 1 530 -1
4 2 -2 MH-F2W 1 3 1 1 530 -1
4 2 -1 MH-F1W 0 3 1 1 530 -1
4 2 0 MH-B1W 0 0 0 0 1 -1
4 2 0 MH-B1W 6 0 0 0 469 -1
4 2 1 MH-R1W 3 0 0 0 1 -1
4 2 1 MH-R1W 3 0 0 0 385 -1
4 2 2 MH-B1W 0 0 0 0 385 -1
4 2 2 MH-B1W 6 0 0 0 85 -1
4 2 3 MH-F1W 0 3 1 1 146 -1
4 2 4 MH-F2W 1 3 1 1 146 -1
4 2 5 MH-F2W 2 3 1 1 146 -1
4 2 6 ML-F3W 7 2 0 1 97 -1
4 2 7 ML-F3W 8 2 0 1 97 -1
4 2 8 ML-F3W 9 2 0 1 97 -1
4 2 9 ML-F3W 10 2 0 1 97 -1
4 3 -6 ML-F3W 2 3 1 1 482 -1
4 3 -5 ML-F3W 1 3 1 1 482 -1
4 3 -4 ML-F3W 0 3 1 1 482 -1
4 3 -3 ML-F3W 11 2 0 1 481 -1
4 3 -2 MH-F2W 1 2 0 1 481 -1
4 3 -1 MH-F2W 0 2 0 1 481 -1
4 3 0 MH-F1W 1 0 0 0 1 -1
4 3 0 MH-F1W 7 0 0 0 469 -1
4 3 1 MH-F1W 4 0 0 0 385 -1
4 3 1 MH-F1W 0 0 0 0 73 -1
4 3 2 MH-F1W 4 0 0 0 1 -1
4 3 2 MH-F1W 0 0 0 0 457 -1
4 3 3 MH-F1W 1 0 0 0 385 -1
4 3 3 MH-F1W 7 0 0 0 85 -1
4 3 4 MH-F2W 0 2 0 1 97 -1
4 3 5 MH-F2W 1 2 0 1 97 -1
4 3 6 ML-F3W 11 2 0 1 97 -1
4 3 7 ML-F3W 0 3 1 1 98 -1
4 3 8 ML-F3W 1 3 1 1 98 -1
4 3 9 ML-F3W 2 3 1 1 98 -1
4 4 -6 ML-L3W 7 1 1 0 470 -1
4 4 -5 ML-F3W 6 1 1 0 470 -1
4 4 -4 ML-F3W 5 1 1 0 470 -1
4 4 -3 ML-F3W 3 3 1 1 530 -1
4 4 -2 ML-F3W 3 3 1 1 482 -1
4 4 -1 MH-F2W 2 2 0 1 481 -1
4 4 0 MH-F2W 2 0 0 0 1 -1
4 4 0 MH-F2W 8 0 0 0 469 -1
4 4 1 MH-F2W 5 0 0 0 385 -1
4 4 1 MH-F2W 9 0 0 0 25 -1
4 4 2 MH-F2W 1 0 0 0 73 -1
4 4 2 MH-F2W 1 0 0 0 457 -1
4 4 3 MH-F2W 5 0 0 0 1 -1
4 4 3 MH-F2W 9 0 0 0 409 -1
4 4 4 MH-F2W 2 0 0 0 385 -1
4 4 4 MH-F2W 8 0 0 0 85 -1
4 4 5 MH-F2W 2 2 0 1 97 -1
4 4 6 ML-F3W 3 3 1 1 98 -1
4 4 7 ML-F3W 3 3 1 1 146 -1
4 4 8 ML-F3W 5 1 1 0 86 -1
4 4 9 ML-F3W 6 1 1 0 86 -1
4 4 10 ML-L3W 7 1 1 0 86 -1
4 5 -5 ML-L3W 9 1 1 0 470 -1
4 5 -4 ML-F3W 8 1 1 0 470 -1
4 5 -3 ML-F3W 4 3 1 1 530 -1
4 5 -2 ML-F3W 4 3 1 1 482 -1
4 5 -1 ML-F3W 7 3 1 1 482 -1
4 5 0 ML-F2W 7 0 0 0 1 -1
4 5 0 ML-F2W 1 1 1 0 470 -1
4 5 1 MH-F2W 6 0 0 0 385 -1
4 5 1 MH-F2W 10 0 0 0 25 -1
4 5 2 MH-F2W 11 0 0 0 25 -1
4 5 2 MH-F2W 2 0 0 0 457 -1
4 5 3 MH-F2W 11 0 0 0 409 -1
4 5 3 MH-F2W 2 0 0 0 73 -1
4 5 4 MH-F2W 6 0 0 0 1 -1
4 5 4 MH-F2W 10 0 0 0 409 -1
4 5 5 ML-F2W 7 0 0 0 385 -1
4 5 5 ML-F2W 1 1 1 0 86 -1
4 5 6 ML-F3W 7 3 1 1 98 -1
4 5 7 ML-F3W 4 3 1 1 98 -1
4 5 8 ML-F3W 4 3 1 1 146 -1
4 5 9 ML-F3W 8 1 1 0 86 -1
4 5 10 ML-L3W 9 1 1 0 86 -1
4 6 -4 ML-R3W 10 1 1 0 470 -1
4 6 -3 ML-F3W 5 3 1 1 530 -1
4 6 -2 ML-F3W 5 3 1 1 482 -1
4 6 -1 ML-F3W 8 3 1 1 482 -1
4 6 0 ML-F3W 8 0 0 0 1 -1
4 6 0 ML-F3W 2 1 1 0 470 -1
4 6 1 ML-F3W 0 1 1 0 410 -1
4 6 1 ML-F3W 4 2 0 1 25 -1
4 6 2 ML-F3W 4 1 1 0 410 -1
4 6 2 ML-F3W 0 2 0 1 25 -1
4 6 3 ML-F3W 8 1 1 0 26 -1
4 6 3 ML-F3W 8 1 1 0 410 -1
4 6 4 ML-F3W 4 1 1 0 26 -1
4 6 4 ML-F3W 0 2 0 1 409 -1
4 6 5 ML-F3W 0 1 1 0 26 -1
4 6 5 ML-F3W 4 2 0 1 409 -1
4 6 6 ML-F3W 8 0 0 0 385 -1
4 6 6 ML-F3W 2 1 1 0 86 -1
4 6 7 ML-F3W 8 3 1 1 98 -1
4 6 8 ML-F3W 5 3 1 1 98 -1
4 6 9 ML-F3W 5 3 1 1 146 -1
4 6 10 ML-R3W 10 1 1 0 86 -1
4 7 -2 ML-F3W 6 3 1 1 482 -1
4 7 -1 ML-F3W 9 3 1 1 482 -1
4 7 0 ML-F3W 9 0 0 0 1 -1
4 7 0 ML-F3W 3 1 1 0 470 -1
4 7 1 ML-F3W 1 1 1 0 410 -1
4 7 1 ML-F3W 5 2 0 1 25 -1
4 7 2 ML-F3W 5 1 1 0 410 -1
4 7 2 ML-F3W 1 2 0 1 25 -1
4 7 3 ML-F3W 9 1 1 0 410 -1
4 7 3 ML-F3W 3 0 0 0 73 -1
4 7 4 ML-F3W 9 1 1 0 26 -1
4 7 4 ML-F3W 3 0 0 0 457 -1
4 7 5 ML-F3W 5 1 1 0 26 -1
4 7 5 ML-F3W 1 2 0 1 409 -1
4 7 6 ML-F3W 1 1 1 0 26 -1
4 7 6 ML-F3W 5 2 0 1 409 -1
4 7 7 ML-F3W 9 0 0 0 385 -1
4 7 7 ML-F3W 3 1 1 0 86 -1
4 7 8 ML-F3W 9 3 1 1 98 -1
4 7 9 ML-F3W 6 3 1 1 98 -1
4 8 -1 ML-T3W 10 3 1 1 482 -1
4 8 0 ML-F3W 10 0 0 0 1 -1
4 8 0 ML-F3W 4 1 1 0 470 -1
4 8 1 ML-F3W 2 1 1 0 410 -1
4 8 1 ML-F3W 6 2 0 1 25 -1
4 8 2 ML-F3W 6 1 1 0 410 -1
4 8 2 ML-F3W 2 2 0 1 25 -1
4 8 3 ML-F3W 10 1 1 0 410 -1
4 8 3 ML-F3W 4 0 0 0 73 -1
4 8 4 ML-F3W 11 0 0 0 1 -1
4 8 4 ML-F3W 11 0 0 0 385 -1
4 8 5 ML-F3W 10 1 1 0 26 -1
4 8 5 ML-F3W 4 0 0 0 457 -1
4 8 6 ML-F3W 6 1 1 0 26 -1
4 8 6 ML-F3W 2 2 0 1 409 -1
4 8 7 ML-F3W 2 1 1 0 26 -1
4 8 7 ML-F3W 6 2 0 1 409 -1
4 8 8 ML-F3W 10 0 0 0 385 -1
4 8 8 ML-F3W 4 1 1 0 86 -1
4 8 9 ML-T3W 10 3 1 1 98 -1
4 9 1 ML-B3W 3 1 1 0 410 -1
4 9 1 ML-T3W 7 2 0 1 25 -1
4 9 2 ML-F3W 7 1 1 0 410 -1
4 9 2 ML-F3W 3 2 0 1 25 -1
4 9 3 ML-F3W 11 1 1 0 410 -1
4 9 3 ML-F3W 5 0 0 0 73 -1
4 9 4 ML-F3W 0 1 1 0 2 -1
4 9 4 ML-F3W 1 1 1 0 386 -1
4 9 5 ML-F3W 0 1 1 0 386 -1
4 9 5 ML-F3W 1 1 1 0 2 -1
4 9 6 ML-F3W 11 1 1 0 26 -1
4 9 6 ML-F3W 5 0 0 0 457 -1
4 9 7 ML-F3W 7 1 1 0 26 -1
4 9 7 ML-F3W 3 2 0 1 409 -1
4 9 8 ML-B3W 3 1 1 0 26 -1
4 9 8 ML-T3W 7 2 0 1 409 -1
4 10 4 ML-R3W 2 1 1 0 2 -1
4 10 4 ML-L3W 4 1 1 0 386 -1
4 10 5 ML-L3W 3 1 1 0 2 -1
4 10 5 ML-L3W 3 1 1 0 386 -1
4 10 6 ML-R3W 2 1 1 0 386 -1
4 10 6 ML-L3W 4 1 1 0 2 -1
5 -10 -7 ML-T3W 5 3 1 1 302 -1
5 -10 -6 ML-53W 6 3 1 1 302 -1
5 -10 -5 ML-R3W 11 2 0 1 301 -1
5 -10 -4 ML-53W 0 3 1 1 302 -1
5 -10 -3 ML-B3W 7 2 0 1 301 -1
5 -9 -8 ML-T3W 5 2 0 1 277 -1
5 -9 -7 ML-F3W 9 2 0 1 277 -1
5 -9 -6 ML-F3W 4 3 1 1 302 -1
5 -9 -5 ML-F3W 9 2 0 1 301 -1
5 -9 -4 ML-F3W 10 2 0 1 301 -1
5 -9 -3 ML-F3W 6 2 0 1 301 -1
5 -9 -2 ML-F3W 1 3 1 1 278 -1
5 -9 -1 ML-F3W 5 3 1 1 278 -1
5 -8 -9 ML-F3W 11 2 0 1 385 -1
5 -8 -8 ML-F3W 3 3 1 1 386 -1
5 -8 -7 ML-F3W 4 2 0 1 277 -1
5 -8 -6 ML-F3W 8 2 0 1 277 -1
5 -8 -5 ML-F3W 3 3 1 1 302 -1
5 -8 -4 ML-F3W 8 2 0 1 301 -1
5 -8 -3 ML-F3W 5 2 0 1 301 -1
5 -8 -2 ML-F3W 0 3 1 1 278 -1
5 -8 -1 ML-F3W 4 3 1 1 278 -1
5 -8 0 ML-F3W 9 3 1 1 278 -1
5 -8 1 ML-T3W 11 1 1 0 194 -1
5 -7 -10 ML-B3W 9 3 1 1 410 -1
5 -7 -9 ML-F3W 7 2 0 1 385 -1
5 -7 -8 ML-F3W 10 2 0 1 385 -1
5 -7 -7 ML-F3W 2 3 1 1 386 -1
5 -7 -6 ML-F3W 3 2 0 1 277 -1
5 -7 -5 ML-F3W 7 2 0 1 277 -1
5 -7 -4 ML-F3W 2 3 1 1 302 -1
5 -7 -3 ML-F3W 4 2 0 1 301 -1
5 -7 -2 ML-F3W 11 2 0 1 277 -1
5 -7 -1 ML-F3W 3 3 1 1 278 -1
5 -7 0 ML-F3W 8 3 1 1 278 -1
5 -7 1 ML-F3W 10 1 1 0 194 -1
5 -7 2 ML-F3W 3 2 0 1 193 -1
5 -7 3 ML-T3W 8 4 0 2 217 -1
5 -6 -10 ML-53W 1 4 0 2 409 -1
5 -6 -9 ML-F3W 8 3 1 1 410 -1
5 -6 -8 ML-F3W 6 2 0 1 385 -1
5 -6 -7 ML-F3W 9 2 0 1 385 -1
5 -6 -6 ML-F3W 1 3 1 1 386 -1
5 -6 -5 ML-F3W 2 2 0 1 277 -1
5 -6 -4 ML-F3W 6 2 0 1 277 -1
5 -6 -3 ML-F2W 1 3 1 1 302 -1
5 -6 -2 ML-F3W 10 2 0 1 277 -1
5 -6 -1 ML-F3W 2 3 1 1 278 -1
5 -6 0 ML-F3W 7 3 1 1 278 -1
5 -6 1 ML-F3W 9 1 1 0 194 -1
5 -6 2 ML-F3W 2 2 0 1 193 -1
5 -6 3 ML-F3W 6 4 0 2 217 -1
5 -6 4 ML-53W 7 4 0 2 217 -1
5 -5 -10 ML-R3W 2 4 0 2 409 -1
5 -5 -9 ML-F3W 11 3 1 1 410 -1
5 -5 -8 ML-F3W 7 3 1 1 410 -1
5 -5 -7 ML-F3W 5 2 0 1 385 -1
5 -5 -6 ML-F3W 8 2 0 1 385 -1
5 -5 -5 ML-F2W 0 3 1 1 386 -1
5 -5 -4 MH-F2W 3 2 0 1 301 -1
5 -5 -3 MH-F2W 0 2 0 1 277 -1
5 -5 -2 MH-F2W 1 2 0 1 277 -1
5 -5 -1 MH-F2W 0 2 0 1 301 -1
5 -5 0 ML-F2W 6 3 1 1 278 -1
5 -5 1 ML-F3W 8 1 1 0 194 -1
5 -5 2 ML-F3W 1 2 0 1 193 -1
5 -5 3 ML-F3W 5 4 0 2 217 -1
5 -5 4 ML-F3W 0 4 0 2 217 -1
5 -5 5 ML-R3W 2 4 0 2 217 -1
5 -4 -10 ML-53W 7 4 0 2 409 -1
5 -4 -9 ML-F3W 0 4 0 2 409 -1
5 -4 -8 ML-F3W 10 3 1 1 410 -1
5 -4 -7 ML-F3W 6 3 1 1 410 -1
5 -4 -6 ML-F3W 4 2 0 1 385 -1
5 -4 -5 MH-F2W 2 3 1 1 410 -1
5 -4 -4 MH-F2W 10 2 0 1 409 -1
5 -4 -3 MH-F2W 2 2 0 1 301 -1
5 -4 -2 MH-F2W 11 1 1 0 278 -1
5 -4 -1 MH-F2W 11 1 1 0 302 -1
5 -4 0 MH-F2W 8 1 1 0 302 -1
5 -4 1 MH-F2W 5 3 1 1 218 -1
5 -4 2 ML-F3W 0 2 0 1 193 -1
5 -4 3 ML-F3W 4 4 0 2 217 -1
5 -4 4 ML-F3W 10 3 1 1 218 -1
5 -4 5 ML-F3W 11 3 1 1 218 -1
5 -4 6 ML-53W 1 4 0 2 217 -1
5 -3 -10 ML-T3W 8 4 0 2 409 -1
5 -3 -9 ML-F3W 6 4 0 2 409 -1
5 -3 -8 ML-F3W 5 4 0 2 409 -1
5 -3 -7 ML-F3W 4 4 0 2 409 -1
5 -3 -6 ML-F2W 3 4 0 2 409 -1
5 -3 -5 MH-F2W 6 1 1 0 386 -1
5 -3 -4 MH-F2W 1 3 1 1 410 -1
5 -3 -3 MH-F1W 9 2 0 1 409 -1
5 -3 -2 MH-F1W 1 2 0 1 301 -1
5 -3 -1 MH-F1W 10 1 1 0 302 -1
5 -3 0 MH-F1W 7 1 1 0 302 -1
5 -3 1 MH-F2W 4 3 1 1 218 -1
5 -3 2 MH-F2W 7 1 1 0 194 -1
5 -3 3 ML-F2W 3 4 0 2 217 -1
5 -3 4 ML-F3W 6 3 1 1 218 -1
5 -3 5 ML-F3W 7 3 1 1 218 -1
5 -3 6 ML-F3W 8 3 1 1 218 -1
5 -3 7 ML-B3W 9 3 1 1 218 -1
5 -2 -9 ML-F3W 3 2 0 1 385 -1
5 -2 -8 ML-F3W 2 2 0 1 385 -1
5 -2 -7 ML-F3W 1 2 0 1 385 -1
5 -2 -6 ML-F3W 0 2 0 1 385 -1
5 -2 -5 MH-F2W 7 1 1 0 386 -1
5 -2 -4 MH-F2W 5 1 1 0 386 -1
5 -2 -3 MH-F1W 0 3 1 1 410 -1
5 -2 -2 MH-B1W 8 2 0 1 409 -1
5 -2 -1 MH-L1W 9 1 1 0 302 -1
5 -2 0 MH-B1W 6 1 1 0 302 -1
5 -2 1 MH-F1W 3 3 1 1 218 -1
5 -2 2 MH-F2W 5 1 1 0 194 -1
5 -2 3 MH-F2W 6 1 1 0 194 -1
5 -2 4 ML-F3W 4 2 0 1 193 -1
5 -2 5 ML-F3W 5 2 0 1 193 -1
5 -2 6 ML-F3W 6 2 0 1 193 -1
5 -2 7 ML-F3W 7 2 0 1 193 -1
5 -1 -9 ML-T3W 11 1 1 0 386 -1
5 -1 -8 ML-F3W 10 1 1 0 386 -1
5 -1 -7 ML-F3W 9 1 1 0 386 -1
5 -1 -6 ML-F3W 8 1 1 0 386 -1
5 -1 -5 MH-F2W 5 3 1 1 410 -1
5 -1 -4 MH-F2W 4 3 1 1 410 -1
5 -1 -3 MH-F1W 3 3 1 1 410 -1
5 -1 -2 MH-L1W 11 2 0 1 409 -1
5 -1 1 MH-L1W 11 2 0 1 217 -1
5 -1 2 MH-F1W 0 3 1 1 218 -1
5 -1 3 MH-F2W 1 3 1 1 218 -1
5 -1 4 MH-F2W 2 3 1 1 218 -1
5 -1 5 ML-F3W 8 2 0 1 193 -1
5 -1 6 ML-F3W 9 2 0 1 193 -1
5 -1 7 ML-F3W 10 2 0 1 193 -1
5 -1 8 ML-F3W 11 2 0 1 193 -1
5 0 -8 ML-F3W 9 3 1 1 470 -1
5 0 -7 ML-F3W 8 3 1 1 470 -1
5 0 -6 ML-F3W 7 3 1 1 470 -1
5 0 -5 ML-F2W 6 3 1 1 470 -1
5 0 -4 MH-F2W 8 1 1 0 494 -1
5 0 -3 MH-F1W 7 1 1 0 494 -1
5 0 -2 MH-B1W 6 1 1 0 494 -1
5 0 2 MH-B1W 8 2 0 1 217 -1
5 0 3 MH-F1W 9 2 0 1 217 -1
5 0 4 MH-F2W 10 2 0 1 217 -1
5 0 5 ML-F2W 0 3 1 1 194 -1
5 0 6 ML-F3W 1 3 1 1 194 -1
5 0 7 ML-F3W 2 3 1 1 194 -1
5 0 8 ML-F3W 3 3 1 1 194 -1
5 1 -8 ML-F3W 5 3 1 1 470 -1
5 1 -7 ML-F3W 4 3 1 1 470 -1
5 1 -6 ML-F3W 3 3 1 1 470 -1
5 1 -5 ML-F3W 2 3 1 1 470 -1
5 1 -4 MH-F2W 0 2 0 1 493 -1
5 1 -3 MH-F2W 11 1 1 0 494 -1
5 1 -2 MH-F1W 10 1 1 0 494 -1
5 1 -1 MH-L1W 9 1 1 0 494 -1
5 1 2 MH-L1W 9 1 1 0 110 -1
5 1 3 MH-F1W 1 2 0 1 109 -1
5 1 4 MH-F2W 2 2 0 1 109 -1
5 1 5 MH-F2W 3 2 0 1 109 -1
5 1 6 ML-F3W 2 2 0 1 85 -1
5 1 7 ML-F3W 3 2 0 1 85 -1
5 1 8 ML-F3W 4 2 0 1 85 -1
5 1 9 ML-T3W 5 2 0 1 85 -1
5 2 -7 ML-F3W 1 3 1 1 470 -1
5 2 -6 ML-F3W 0 3 1 1 470 -1
5 2 -5 ML-F3W 11 2 0 1 469 -1
5 2 -4 ML-F3W 10 2 0 1 469 -1
5 2 -3 MH-F2W 1 2 0 1 469 -1
5 2 -2 MH-F2W 11 1 1 0 470 -1
5 2 -1 MH-F1W 1 2 0 1 493 -1
5 2 0 MH-B1W 8 2 0 1 25 -1
5 2 1 MH-L1W 11 2 0 1 25 -1
5 2 2 MH-B1W 6 1 1 0 110 -1
5 2 3 MH-F1W 10 1 1 0 110 -1
5 2 4 MH-F2W 11 1 1 0 86 -1
5 2 5 MH-F2W 0 2 0 1 85 -1
5 2 6 ML-F3W 6 2 0 1 85 -1
5 2 7 ML-F3W 7 2 0 1 85 -1
5 2 8 ML-F3W 8 2 0 1 85 -1
5 2 9 ML-F3W 9 2 0 1 85 -1
5 3 -7 ML-B3W 7 2 0 1 493 -1
5 3 -6 ML-F3W 6 2 0 1 493 -1
5 3 -5 ML-F3W 5 2 0 1 493 -1
5 3 -4 ML-F3W 4 2 0 1 493 -1
5 3 -3 ML-F2W 1 3 1 1 494 -1
5 3 -2 MH-F2W 0 2 0 1 469 -1
5 3 -1 MH-F2W 2 2 0 1 493 -1
5 3 0 MH-F1W 9 2 0 1 25 -1
5 3 1 MH-F1W 0 3 1 1 26 -1
5 3 2 MH-F1W 3 3 1 1 26 -1
5 3 3 MH-F1W 7 1 1 0 110 -1
5 3 4 MH-F2W 11 1 1 0 110 -1
5 3 5 MH-F2W 1 2 0 1 85 -1
5 3 6 ML-F2W 1 3 1 1 110 -1
5 3 7 ML-F3W 2 3 1 1 110 -1
5 3 8 ML-F3W 3 3 1 1 110 -1
5 3 9 ML-F3W 4 3 1 1 110 -1
5 3 10 ML-T3W 5 3 1 1 110 -1
5 4 -6 ML-53W 0 3 1 1 494 -1
5 4 -5 ML-F3W 10 2 0 1 493 -1
5 4 -4 ML-F3W 8 2 0 1 493 -1
5 4 -3 ML-F3W 2 3 1 1 494 -1
5 4 -2 ML-F3W 6 2 0 1 469 -1
5 4 -1 MH-F2W 3 2 0 1 493 -1
5 4 0 MH-F2W 10 2 0 1 25 -1
5 4 1 MH-F2W 1 3 1 1 26 -1
5 4 2 MH-F2W 5 1 1 0 2 -1
5 4 3 MH-F2W 4 3 1 1 26 -1
5 4 4 MH-F2W 8 1 1 0 110 -1
5 4 5 MH-F2W 0 2 0 1 109 -1
5 4 6 ML-F3W 10 2 0 1 85 -1
5 4 7 ML-F3W 4 2 0 1 109 -1
5 4 8 ML-F3W 8 2 0 1 109 -1
5 4 9 ML-F3W 9 2 0 1 109 -1
5 4 10 ML-53W 6 3 1 1 110 -1
5 5 -5 ML-R3W 11 2 0 1 493 -1
5 5 -4 ML-F3W 9 2 0 1 493 -1
5 5 -3 ML-F3W 3 3 1 1 494 -1
5 5 -2 ML-F3W 7 2 0 1 469 -1
5 5 -1 ML-F3W 2 2 0 1 469 -1
5 5 0 ML-F2W 0 3 1 1 2 -1
5 5 1 MH-F2W 2 3 1 1 26 -1
5 5 2 MH-F2W 6 1 1 0 2 -1
5 5 3 MH-F2W 7 1 1 0 2 -1
5 5 4 MH-F2W 5 3 1 1 26 -1
5 5 5 ML-F2W 6 3 1 1 86 -1
5 5 6 ML-F3W 2 3 1 1 86 -1
5 5 7 ML-F3W 11 2 0 1 85 -1
5 5 8 ML-F3W 5 2 0 1 109 -1
5 5 9 ML-F3W 10 2 0 1 109 -1
5 5 10 ML-R3W 11 2 0 1 109 -1
5 6 -4 ML-53W 6 3 1 1 494 -1
5 6 -3 ML-F3W 4 3 1 1 494 -1
5 6 -2 ML-F3W 8 2 0 1 469 -1
5 6 -1 ML-F3W 3 2 0 1 469 -1
5 6 0 ML-F3W 1 3 1 1 2 -1
5 6 1 ML-F3W 8 2 0 1 1 -1
5 6 2 ML-F3W 4 2 0 1 1 -1
5 6 3 ML-F2W 3 4 0 2 25 -1
5 6 4 ML-F3W 0 2 0 1 1 -1
5 6 5 ML-F3W 8 1 1 0 2 -1
5 6 6 ML-F3W 7 3 1 1 86 -1
5 6 7 ML-F3W 3 3 1 1 86 -1
5 6 8 ML-F3W 0 3 1 1 86 -1
5 6 9 ML-F3W 6 2 0 1 109 -1
5 6 10 ML-53W 0 3 1 1 110 -1
5 7 -3 ML-T3W 5 3 1 1 494 -1
5 7 -2 ML-F3W 9 2 0 1 469 -1
5 7 -1 ML-F3W 4 2 0 1 469 -1
5 7 0 ML-F3W 2 3 1 1 2 -1
5 7 1 ML-F3W 9 2 0 1 1 -1
5 7 2 ML-F3W 5 2 0 1 1 -1
5 7 3 ML-F3W 6 3 1 1 26 -1
5 7 4 ML-F3W 4 4 0 2 25 -1
5 7 5 ML-F3W 1 2 0 1 1 -1
5 7 6 ML-F3W 9 1 1 0 2 -1
5 7 7 ML-F3W 8 3 1 1 86 -1
5 7 8 ML-F3W 4 3 1 1 86 -1
5 7 9 ML-F3W 1 3 1 1 86 -1
5 7 10 ML-B3W 7 2 0 1 109 -1
5 8 -1 ML-T3W 5 2 0 1 469 -1
5 8 0 ML-F3W 3 3 1 1 2 -1
5 8 1 ML-F3W 10 2 0 1 1 -1
5 8 2 ML-F3W 6 2 0 1 1 -1
5 8 3 ML-F3W 7 3 1 1 26 -1
5 8 4 ML-F3W 10 3 1 1 26 -1
5 8 5 ML-F3W 5 4 0 2 25 -1
5 8 6 ML-F3W 2 2 0 1 1 -1
5 8 7 ML-F3W 10 1 1 0 2 -1
5 8 8 ML-F3W 9 3 1 1 86 -1
5 8 9 ML-F3W 5 3 1 1 86 -1
5 9 1 ML-F3W 11 2 0 1 1 -1
5 9 2 ML-F3W 7 2 0 1 1 -1
5 9 3 ML-F3W 8 3 1 1 26 -1
5 9 4 ML-F3W 11 3 1 1 26 -1
5 9 5 ML-F3W 0 4 0 2 25 -1
5 9 6 ML-F3W 6 4 0 2 25 -1
5 9 7 ML-F3W 3 2 0 1 1 -1
5 9 8 ML-T3W 11 1 1 0 2 -1
5 10 3 ML-B3W 9 3 1 1 26 -1
5 10 4 ML-53W 1 4 0 2 25 -1
5 10 5 ML-R3W 2 4 0 2 25 -1
5 10 6 ML-53W 7 4 0 2 25 -1
5 10 7 ML-T3W 8 4 0 2 25 -1
6 -10 -7 ML-R3W 8 3 1 1 266 -1
6 -10 -6 ML-R3W 6 4 0 2 277 -1
6 -10 -5 ML-L3W 5 4 0 2 277 -1
6 -10 -4 ML-L3W 3 4 0 2 277 -1
6 -10 -3 ML-L3W 4 2 0 1 265 -1
6 -9 -8 ML-T3W 0 3 1 1 266 -1
6 -9 -7 ML-F3W 8 2 0 1 265 -1
6 -9 -6 ML-F3W 7 3 1 1 266 -1
6 -9 -5 ML-F3W 4 4 0 2 277 -1
6 -9 -4 ML-F3W 2 4 0 2 277 -1
6 -9 -3 ML-F3W 3 2 0 1 265 -1
6 -9 -2 ML-F3W 11 1 1 0 266 -1
6 -9 -1 ML-B3W 7 1 1 0 266 -1
6 -8 -9 ML-B3W 5 4 0 2 193 -1
6 -8 -8 ML-F3W 4 3 1 1 266 -1
6 -8 -7 ML-F3W 11 2 0 1 265 -1
6 -8 -6 ML-F3W 7 2 0 1 265 -1
6 -8 -5 ML-F3W 6 3 1 1 266 -1
6 -8 -4 ML-F3W 1 4 0 2 277 -1
6 -8 -3 ML-F3W 2 2 0 1 265 -1
6 -8 -2 ML-F3W 10 1 1 0 266 -1
6 -8 -1 ML-F3W 6 1 1 0 266 -1
6 -7 -10 ML-L3W 2 5 1 2 194 -1
6 -7 -9 ML-F3W 9 4 0 2 193 -1
6 -7 -8 ML-F3W 4 4 0 2 193 -1
6 -7 -7 ML-F3W 3 3 1 1 266 -1
6 -7 -6 ML-F3W 10 2 0 1 265 -1
6 -7 -5 ML-F3W 6 2 0 1 265 -1
6 -7 -4 ML-F3W 5 3 1 1 266 -1
6 -7 -3 ML-F3W 1 2 0 1 265 -1
6 -7 -2 ML-F3W 9 1 1 0 266 -1
6 -7 -1 ML-F3W 5 1 1 0 266 -1
6 -6 -10 ML-L3W 2 3 1 1 206 -1
6 -6 -9 ML-F3W 1 5 1 2 194 -1
6 -6 -8 ML-F3W 8 4 0 2 193 -1
6 -6 -7 ML-F3W 3 4 0 2 193 -1
6 -6 -6 ML-F3W 2 3 1 1 266 -1
6 -6 -5 ML-F3W 9 2 0 1 265 -1
6 -6 -4 ML-F3W 5 2 0 1 265 -1
6 -6 -3 ML-F2W 0 2 0 1 265 -1
6 -6 -2 ML-F3W 8 1 1 0 266 -1
6 -6 -1 ML-F3W 4 1 1 0 266 -1
6 -5 -10 ML-L3W 1 3 1 1 206 -1
6 -5 -9 ML-F3W 11 2 0 1 205 -1
6 -5 -8 ML-F3W 0 5 1 2 194 -1
6 -5 -7 ML-F3W 7 4 0 2 193 -1
6 -5 -6 ML-F3W 2 4 0 2 193 -1
6 -5 -5 ML-F2W 1 3 1 1 266 -1
6 -5 -4 MH-F2W 11 0 0 0 265 -1
6 -5 -3 MH-F2W 10 0 0 0 265 -1
6 -5 -2 MH-F2W 0 4 0 2 277 -1
6 -5 -1 MH-F2W 3 1 1 0 266 -1
6 -4 -10 ML-R3W 0 3 1 1 206 -1
6 -4 -9 ML-F3W 10 2 0 1 205 -1
6 -4 -8 ML-F3W 9 2 0 1 205 -1
6 -4 -7 ML-F3W 11 4 0 2 193 -1
6 -4 -6 ML-F3W 6 4 0 2 193 -1
6 -4 -5 MH-F2W 1 4 0 2 193 -1
6 -4 -4 MH-F2W 8 0 0 0 265 -1
6 -4 -3 MH-F2W 9 0 0 0 265 -1
6 -4 -2 MH-F2W 11 3 1 1 278 -1
6 -4 -1 MH-F2W 2 1 1 0 266 -1
6 -3 -10 ML-R3W 6 6 2 0 195 -1
6 -3 -9 ML-F3W 5 6 2 0 195 -1
6 -3 -8 ML-F3W 4 6 2 0 195 -1
6 -3 -7 ML-F3W 3 6 2 0 195 -1
6 -3 -6 ML-F2W 10 4 0 2 193 -1
6 -3 -5 MH-F2W 8 2 0 1 205 -1
6 -3 -4 MH-F2W 0 4 0 2 193 -1
6 -3 -3 MH-F1W 7 0 0 0 265 -1
6 -3 -2 MH-F1W 10 3 1 1 278 -1
6 -3 -1 MH-F1W 1 1 1 0 266 -1
6 -2 -9 ML-F3W 6 5 1 2 194 -1
6 -2 -8 ML-F3W 5 5 1 2 194 -1
6 -2 -7 ML-F3W 4 5 1 2 194 -1
6 -2 -6 ML-F3W 3 5 1 2 194 -1
6 -2 -5 MH-F2W 9 3 1 1 194 -1
6 -2 -4 MH-F2W 7 2 0 1 205 -1
6 -2 -3 MH-F1W 11 3 1 1 194 -1
6 -2 -2 MH-B1W 6 0 0 0 265 -1
6 -2 -1 MH-R1W 0 1 1 0 266 -1
6 -1 -9 ML-T3W 10 5 1 2 194 -1
6 -1 -8 ML-F3W 9 5 1 2 194 -1
6 -1 -7 ML-F3W 8 5 1 2 194 -1
6 -1 -6 ML-F3W 7 5 1 2 194 -1
6 -1 -5 MH-F2W 8 3 1 1 194 -1
6 -1 -4 MH-F2W 7 3 1 1 194 -1
6 -1 -3 MH-F1W 6 2 0 1 205 -1
6 -1 -2 MH-R1W 10 3 1 1 194 -1
6 0 -8 ML-F3W 2 6 2 0 195 -1
6 0 -7 ML-F3W 1 6 2 0 195 -1
6 0 -6 ML-F3W 0 6 2 0 195 -1
6 0 -5 ML-F2W 11 5 1 2 194 -1
6 0 -4 MH-F2W 6 3 1 1 194 -1
6 0 -3 MH-F1W 5 3 1 1 194 -1
6 0 -2 MH-B1W 4 3 1 1 194 -1
6 1 -8 ML-B3W 7 1 1 0 458 -1
6 1 -7 ML-F3W 6 1 1 0 458 -1
6 1 -6 ML-F3W 5 1 1 0 458 -1
6 1 -5 ML-F3W 4 1 1 0 458 -1
6 1 -4 MH-F2W 3 1 1 0 458 -1
6 1 -3 MH-F2W 2 1 1 0 458 -1
6 1 -2 MH-F1W 1 1 1 0 458 -1
6 1 -1 MH-R1W 0 1 1 0 458 -1
6 1 2 MH-R1W 0 1 1 0 74 -1
6 1 3 MH-F1W 1 1 1 0 74 -1
6 1 4 MH-F2W 2 1 1 0 74 -1
6 1 5 MH-F2W 3 1 1 0 74 -1
6 1 6 ML-F3W 4 1 1 0 74 -1
6 1 7 ML-F3W 5 1 1 0 74 -1
6 1 8 ML-F3W 6 1 1 0 74 -1
6 1 9 ML-B3W 7 1 1 0 74 -1
6 2 -7 ML-F3W 11 1 1 0 458 -1
6 2 -6 ML-F3W 10 1 1 0 458 -1
6 2 -5 ML-F3W 9 1 1 0 458 -1
6 2 -4 ML-F3W 8 1 1 0 458 -1
6 2 -3 MH-F2W 0 4 0 2 469 -1
6 2 -2 MH-F2W 11 3 1 1 470 -1
6 2 -1 MH-F1W 10 3 1 1 470 -1
6 2 0 MH-B1W 4 3 1 1 2 -1
6 2 0 MH-B1W 6 0 0 0 457 -1
6 2 1 MH-R1W 10 3 1 1 2 -1
6 2 1 MH-R1W 10 3 1 1 386 -1
6 2 2 MH-B1W 4 3 1 1 386 -1
6 2 2 MH-B1W 6 0 0 0 73 -1
6 2 3 MH-F1W 10 3 1 1 86 -1
6 2 4 MH-F2W 11 3 1 1 86 -1
6 2 5 MH-F2W 0 4 0 2 85 -1
6 2 6 ML-F3W 8 1 1 0 74 -1
6 2 7 ML-F3W 9 1 1 0 74 -1
6 2 8 ML-F3W 10 1 1 0 74 -1
6 2 9 ML-F3W 11 1 1 0 74 -1
6 3 -7 ML-L3W 4 2 0 1 457 -1
6 3 -6 ML-F3W 3 2 0 1 457 -1
6 3 -5 ML-F3W 2 2 0 1 457 -1
6 3 -4 ML-F3W 1 2 0 1 457 -1
6 3 -3 ML-F2W 0 2 0 1 457 -1
6 3 -2 MH-F2W 10 0 0 0 457 -1
6 3 -1 MH-F2W 9 0 0 0 457 -1
6 3 0 MH-F1W 5 3 1 1 2 -1
6 3 0 MH-F1W 7 0 0 0 457 -1
6 3 1 MH-F1W 11 3 1 1 386 -1
6 3 1 MH-F1W 6 2 0 1 13 -1
6 3 2 MH-F1W 11 3 1 1 2 -1
6 3 2 MH-F1W 6 2 0 1 397 -1
6 3 3 MH-F1W 5 3 1 1 386 -1
6 3 3 MH-F1W 7 0 0 0 73 -1
6 3 4 MH-F2W 9 0 0 0 73 -1
6 3 5 MH-F2W 10 0 0 0 73 -1
6 3 6 ML-F2W 0 2 0 1 73 -1
6 3 7 ML-F3W 1 2 0 1 73 -1
6 3 8 ML-F3W 2 2 0 1 73 -1
6 3 9 ML-F3W 3 2 0 1 73 -1
6 3 10 ML-L3W 4 2 0 1 73 -1
6 4 -6 ML-L3W 3 4 0 2 469 -1
6 4 -5 ML-F3W 2 4 0 2 469 -1
6 4 -4 ML-F3W 1 4 0 2 469 -1
6 4 -3 ML-F3W 5 3 1 1 458 -1
6 4 -2 ML-F3W 5 2 0 1 457 -1
6 4 -1 MH-F2W 11 0 0 0 457 -1
6 4 0 MH-F2W 6 3 1 1 2 -1
6 4 0 MH-F2W 8 0 0 0 457 -1
6 4 1 MH-F2W 7 3 1 1 2 -1
6 4 1 MH-F2W 0 4 0 2 385 -1
6 4 2 MH-F2W 7 2 0 1 13 -1
6 4 2 MH-F2W 7 2 0 1 397 -1
6 4 3 MH-F2W 7 3 1 1 386 -1
6 4 3 MH-F2W 0 4 0 2 1 -1
6 4 4 MH-F2W 6 3 1 1 386 -1
6 4 4 MH-F2W 8 0 0 0 73 -1
6 4 5 MH-F2W 11 0 0 0 73 -1
6 4 6 ML-F3W 5 2 0 1 73 -1
6 4 7 ML-F3W 5 3 1 1 74 -1
6 4 8 ML-F3W 1 4 0 2 85 -1
6 4 9 ML-F3W 2 4 0 2 85 -1
6 4 10 ML-L3W 3 4 0 2 85 -1
6 5 -5 ML-L3W 5 4 0 2 469 -1
6 5 -4 ML-F3W 4 4 0 2 469 -1
6 5 -3 ML-F3W 6 3 1 1 458 -1
6 5 -2 ML-F3W 6 2 0 1 457 -1
6 5 -1 ML-F3W 9 2 0 1 457 -1
6 5 0 ML-F2W 11 5 1 2 2 -1
6 5 0 ML-F2W 1 3 1 1 458 -1
6 5 1 MH-F2W 8 3 1 1 2 -1
6 5 1 MH-F2W 1 4 0 2 385 -1
6 5 2 MH-F2W 9 3 1 1 2 -1
6 5 2 MH-F2W 8 2 0 1 397 -1
6 5 3 MH-F2W 9 3 1 1 386 -1
6 5 3 MH-F2W 8 2 0 1 13 -1
6 5 4 MH-F2W 8 3 1 1 386 -1
6 5 4 MH-F2W 1 4 0 2 1 -1
6 5 5 ML-F2W 11 5 1 2 386 -1
6 5 5 ML-F2W 1 3 1 1 74 -1
6 5 6 ML-F3W 9 2 0 1 73 -1
6 5 7 ML-F3W 6 2 0 1 73 -1
6 5 8 ML-F3W 6 3 1 1 74 -1
6 5 9 ML-F3W 4 4 0 2 85 -1
6 5 10 ML-L3W 5 4 0 2 85 -1
6 6 -4 ML-R3W 6 4 0 2 469 -1
6 6 -3 ML-F3W 7 3 1 1 458 -1
6 6 -2 ML-F3W 7 2 0 1 457 -1
6 6 -1 ML-F3W 10 2 0 1 457 -1
6 6 0 ML-F3W 0 6 2 0 3 -1
6 6 0 ML-F3W 2 3 1 1 458 -1
6 6 1 ML-F3W 2 4 0 2 385 -1
6 6 1 ML-F3W 7 5 1 2 2 -1
6 6 2 ML-F3W 6 4 0 2 385 -1
6 6 2 ML-F3W 3 5 1 2 2 -1
6 6 3 ML-F2W 10 4 0 2 1 -1
6 6 3 ML-F2W 10 4 0 2 385 -1
6 6 4 ML-F3W 6 4 0 2 1 -1
6 6 4 ML-F3W 3 5 1 2 386 -1
6 6 5 ML-F3W 2 4 0 2 1 -1
6 6 5 ML-F3W 7 5 1 2 386 -1
6 6 6 ML-F3W 0 6 2 0 387 -1
6 6 6 ML-F3W 2 3 1 1 74 -1
6 6 7 ML-F3W 10 2 0 1 73 -1
6 6 8 ML-F3W 7 2 0 1 73 -1
6 6 9 ML-F3W 7 3 1 1 74 -1
6 6 10 ML-R3W 6 4 0 2 85 -1
6 7 -3 ML-R3W 8 3 1 1 458 -1
6 7 -2 ML-F3W 8 2 0 1 457 -1
6 7 -1 ML-F3W 11 2 0 1 457 -1
6 7 0 ML-F3W 1 6 2 0 3 -1
6 7 0 ML-F3W 3 3 1 1 458 -1
6 7 1 ML-F3W 3 4 0 2 385 -1
6 7 1 ML-F3W 8 5 1 2 2 -1
6 7 2 ML-F3W 7 4 0 2 385 -1
6 7 2 ML-F3W 4 5 1 2 2 -1
6 7 3 ML-F3W 11 4 0 2 385 -1
6 7 3 ML-F3W 3 6 2 0 3 -1
6 7 4 ML-F3W 11 4 0 2 1 -1
6 7 4 ML-F3W 3 6 2 0 387 -1
6 7 5 ML-F3W 7 4 0 2 1 -1
6 7 5 ML-F3W 4 5 1 2 386 -1
6 7 6 ML-F3W 3 4 0 2 1 -1
6 7 6 ML-F3W 8 5 1 2 386 -1
6 7 7 ML-F3W 1 6 2 0 387 -1
6 7 7 ML-F3W 3 3 1 1 74 -1
6 7 8 ML-F3W 11 2 0 1 73 -1
6 7 9 ML-F3W 8 2 0 1 73 -1
6 7 10 ML-R3W 8 3 1 1 74 -1
6 8 -1 ML-T3W 0 3 1 1 458 -1
6 8 0 ML-F3W 2 6 2 0 3 -1
6 8 0 ML-F3W 4 3 1 1 458 -1
6 8 1 ML-F3W 4 4 0 2 385 -1
6 8 1 ML-F3W 9 5 1 2 2 -1
6 8 2 ML-F3W 8 4 0 2 385 -1
6 8 2 ML-F3W 5 5 1 2 2 -1
6 8 3 ML-F3W 0 5 1 2 386 -1
6 8 3 ML-F3W 4 6 2 0 3 -1
6 8 4 ML-F3W 9 2 0 1 13 -1
6 8 4 ML-F3W 9 2 0 1 397 -1
6 8 5 ML-F3W 0 5 1 2 2 -1
6 8 5 ML-F3W 4 6 2 0 387 -1
6 8 6 ML-F3W 8 4 0 2 1 -1
6 8 6 ML-F3W 5 5 1 2 386 -1
6 8 7 ML-F3W 4 4 0 2 1 -1
6 8 7 ML-F3W 9 5 1 2 386 -1
6 8 8 ML-F3W 2 6 2 0 387 -1
6 8 8 ML-F3W 4 3 1 1 74 -1
6 8 9 ML-T3W 0 3 1 1 74 -1
6 9 1 ML-B3W 5 4 0 2 385 -1
6 9 1 ML-T3W 10 5 1 2 2 -1
6 9 2 ML-F3W 9 4 0 2 385 -1
6 9 2 ML-F3W 6 5 1 2 2 -1
6 9 3 ML-F3W 1 5 1 2 386 -1
6 9 3 ML-F3W 5 6 2 0 3 -1
6 9 4 ML-F3W 10 2 0 1 13 -1
6 9 4 ML-F3W 11 2 0 1 397 -1
6 9 5 ML-F3W 10 2 0 1 397 -1
6 9 5 ML-F3W 11 2 0 1 13 -1
6 9 6 ML-F3W 1 5 1 2 2 -1
6 9 6 ML-F3W 5 6 2 0 387 -1
6 9 7 ML-F3W 9 4 0 2 1 -1
6 9 7 ML-F3W 6 5 1 2 386 -1
6 9 8 ML-B3W 5 4 0 2 1 -1
6 9 8 ML-T3W 10 5 1 2 386 -1
6 10 3 ML-L3W 2 5 1 2 386 -1
6 10 3 ML-R3W 6 6 2 0 3 -1
6 10 4 ML-R3W 0 3 1 1 14 -1
6 10 4 ML-L3W 2 3 1 1 398 -1
6 10 5 ML-L3W 1 3 1 1 14 -1
6 10 5 ML-L3W 1 3 1 1 398 -1
6 10 6 ML-R3W 0 3 1 1 398 -1
6 10 6 ML-L3W 2 3 1 1 14 -1
6 10 7 ML-L3W 2 5 1 2 2 -1
6 10 7 ML-R3W 6 6 2 0 387 -1
7 -10 -7 ML-T3W 8 5 1 2 302 -1
7 -10 -6 ML-53W 9 5 1 2 302 -1
7 -10 -5 ML-R3W 4 5 1 2 302 -1
7 -10 -4 ML-53W 5 5 1 2 302 -1
7 -10 -3 ML-B3W 0 5 1 2 302 -1
7 -9 -8 ML-T3W 1 5 1 2 278 -1
7 -9 -7 ML-F3W 5 5 1 2 278 -1
7 -9 -6 ML-F3W 7 5 1 2 302 -1
7 -9 -5 ML-F3W 2 5 1 2 302 -1
7 -9 -4 ML-F3W 3 5 1 2 302 -1
7 -9 -3 ML-F3W 11 4 0 2 301 -1
7 -9 -2 ML-F3W 11 5 1 2 278 -1
7 -9 -1 ML-F3W 3 6 2 0 279 -1
7 -8 -9 ML-F3W 3 8 2 2 387 -1
7 -8 -8 ML-F3W 10 5 1 2 410 -1
7 -8 -7 ML-F3W 0 5 1 2 278 -1
7 -8 -6 ML-F3W 4 5 1 2 278 -1
7 -8 -5 ML-F3W 6 5 1 2 302 -1
7 -8 -4 ML-F3W 1 5 1 2 302 -1
7 -8 -3 ML-F3W 10 4 0 2 301 -1
7 -8 -2 ML-F3W 10 5 1 2 278 -1
7 -8 -1 ML-F3W 2 6 2 0 279 -1
7 -8 0 ML-F3W 8 4 0 2 301 -1
7 -8 1 ML-T3W 1 7 2 1 195 -1
7 -7 -10 ML-B3W 2 6 2 0 411 -1
7 -7 -9 ML-F3W 11 7 2 1 387 -1
7 -7 -8 ML-F3W 2 8 2 2 387 -1
7 -7 -7 ML-F3W 9 5 1 2 410 -1
7 -7 -6 ML-F3W 11 4 0 2 277 -1
7 -7 -5 ML-F3W 3 5 1 2 278 -1
7 -7 -4 ML-F3W 7 5 1 2 278 -1
7 -7 -3 ML-F3W 9 4 0 2 301 -1
7 -7 -2 ML-F3W 9 5 1 2 278 -1
7 -7 -1 ML-F3W 1 6 2 0 279 -1
7 -7 0 ML-F3W 7 4 0 2 301 -1
7 -7 1 ML-F3W 0 7 2 1 195 -1
7 -7 2 ML-F3W 5 7 2 1 195 -1
7 -7 3 ML-T3W 11 6 2 0 219 -1
7 -6 -10 ML-53W 6 6 2 0 411 -1
7 -6 -9 ML-F3W 1 6 2 0 411 -1
7 -6 -8 ML-F3W 10 7 2 1 387 -1
7 -6 -7 ML-F3W 1 8 2 2 387 -1
7 -6 -6 ML-F3W 8 5 1 2 410 -1
7 -6 -5 ML-F3W 10 4 0 2 277 -1
7 -6 -4 ML-F2W 2 5 1 2 278 -1
7 -6 -3 ML-F2W 6 5 1 2 278 -1
7 -6 -2 ML-F2W 8 5 1 2 278 -1
7 -6 -1 ML-F3W 0 6 2 0 279 -1
7 -6 0 ML-F3W 6 4 0 2 301 -1
7 -6 1 ML-F3W 11 6 2 0 195 -1
7 -6 2 ML-F3W 4 7 2 1 195 -1
7 -6 3 ML-F3W 9 6 2 0 219 -1
7 -6 4 ML-53W 10 6 2 0 219 -1
7 -5 -10 ML-R3W 7 6 2 0 411 -1
7 -5 -9 ML-F3W 4 6 2 0 411 -1
7 -5 -8 ML-F3W 0 6 2 0 411 -1
7 -5 -7 ML-F3W 9 7 2 1 387 -1
7 -5 -6 ML-F3W 0 8 2 2 387 -1
7 -5 -5 ML-F2W 7 5 1 2 410 -1
7 -5 -4 MH-F2W 4 4 0 2 301 -1
7 -5 -3 MH-F2W 8 4 0 2 277 -1
7 -5 -2 MH-F2W 9 4 0 2 277 -1
7 -5 -1 MH-F2W 1 4 0 2 301 -1
7 -5 0 ML-F2W 5 4 0 2 301 -1
7 -5 1 ML-F3W 10 6 2 0 195 -1
7 -5 2 ML-F3W 3 7 2 1 195 -1
7 -5 3 ML-F3W 8 6 2 0 219 -1
7 -5 4 ML-F3W 5 6 2 0 219 -1
7 -5 5 ML-R3W 7 6 2 0 219 -1
7 -4 -10 ML-53W 10 6 2 0 411 -1
7 -4 -9 ML-F3W 5 6 2 0 411 -1
7 -4 -8 ML-F3W 3 6 2 0 411 -1
7 -4 -7 ML-F3W 11 5 1 2 410 -1
7 -4 -6 ML-F2W 8 7 2 1 387 -1
7 -4 -5 MH-F2W 3 5 1 2 410 -1
7 -4 -4 MH-F2W 11 4 0 2 409 -1
7 -4 -3 MH-F2W 3 4 0 2 301 -1
7 -4 -2 MH-F1W 7 4 0 2 277 -1
7 -4 -1 MH-F2W 0 4 0 2 301 -1
7 -4 0 MH-F2W 9 3 1 1 302 -1
7 -4 1 MH-F2W 6 5 1 2 218 -1
7 -4 2 ML-F2W 2 7 2 1 195 -1
7 -4 3 ML-F3W 7 7 2 1 195 -1
7 -4 4 ML-F3W 3 6 2 0 219 -1
7 -4 5 ML-F3W 4 6 2 0 219 -1
7 -4 6 ML-53W 6 6 2 0 219 -1
7 -3 -10 ML-T3W 11 6 2 0 411 -1
7 -3 -9 ML-F3W 9 6 2 0 411 -1
7 -3 -8 ML-F3W 8 6 2 0 411 -1
7 -3 -7 ML-F3W 7 7 2 1 387 -1
7 -3 -6 ML-F2W 6 7 2 1 387 -1
7 -3 -5 MH-F2W 8 6 2 0 387 -1
7 -3 -4 MH-F2W 2 5 1 2 410 -1
7 -3 -3 MH-F1W 10 4 0 2 409 -1
7 -3 -2 MH-F1W 2 4 0 2 301 -1
7 -3 -1 MH-F1W 11 3 1 1 302 -1
7 -3 0 MH-F1W 8 3 1 1 302 -1
7 -3 1 MH-F2W 5 5 1 2 218 -1
7 -3 2 MH-F2W 9 6 2 0 195 -1
7 -3 3 ML-F2W 6 7 2 1 195 -1
7 -3 4 ML-F3W 11 5 1 2 218 -1
7 -3 5 ML-F3W 0 6 2 0 219 -1
7 -3 6 ML-F3W 1 6 2 0 219 -1
7 -3 7 ML-B3W 2 6 2 0 219 -1
7 -2 -9 ML-F3W 5 7 2 1 387 -1
7 -2 -8 ML-F3W 4 7 2 1 387 -1
7 -2 -7 ML-F3W 3 7 2 1 387 -1
7 -2 -6 ML-F2W 2 7 2 1 387 -1
7 -2 -5 MH-F2W 9 6 2 0 387 -1
7 -2 -4 MH-F1W 7 6 2 0 387 -1
7 -2 -3 MH-F1W 1 5 1 2 410 -1
7 -2 -2 MH-B1W 9 4 0 2 409 -1
7 -2 -1 MH-L1W 10 3 1 1 302 -1
7 -2 0 MH-B1W 7 3 1 1 302 -1
7 -2 1 MH-F1W 4 5 1 2 218 -1
7 -2 2 MH-F1W 7 6 2 0 195 -1
7 -2 3 MH-F2W 8 6 2 0 195 -1
7 -2 4 ML-F2W 8 7 2 1 195 -1
7 -2 5 ML-F3W 9 7 2 1 195 -1
7 -2 6 ML-F3W 10 7 2 1 195 -1
7 -2 7 ML-F3W 11 7 2 1 195 -1
7 -1 -9 ML-T3W 1 7 2 1 387 -1
7 -1 -8 ML-F3W 0 7 2 1 387 -1
7 -1 -7 ML-F3W 11 6 2 0 387 -1
7 -1 -6 ML-F3W 10 6 2 0 387 -1
7 -1 -5 MH-F2W 6 5 1 2 410 -1
7 -1 -4 MH-F2W 5 5 1 2 410 -1
7 -1 -3 MH-F1W 4 5 1 2 410 -1
7 -1 -2 MH-L1W 0 5 1 2 410 -1
7 -1 1 MH-L1W 0 5 1 2 218 -1
7 -1 2 MH-F1W 1 5 1 2 218 -1
7 -1 3 MH-F2W 2 5 1 2 218 -1
7 -1 4 MH-F2W 3 5 1 2 218 -1
7 -1 5 ML-F3W 0 8 2 2 195 -1
7 -1 6 ML-F3W 1 8 2 2 195 -1
7 -1 7 ML-F3W 2 8 2 2 195 -1
7 -1 8 ML-F3W 3 8 2 2 195 -1
7 0 -8 ML-F3W 8 4 0 2 493 -1
7 0 -7 ML-F3W 7 4 0 2 493 -1
7 0 -6 ML-F3W 6 4 0 2 493 -1
7 0 -5 ML-F2W 5 4 0 2 493 -1
7 0 -4 MH-F2W 9 3 1 1 494 -1
7 0 -3 MH-F1W 8 3 1 1 494 -1
7 0 -2 MH-B1W 7 3 1 1 494 -1
7 0 2 MH-B1W 9 4 0 2 217 -1
7 0 3 MH-F1W 10 4 0 2 217 -1
7 0 4 MH-F2W 11 4 0 2 217 -1
7 0 5 ML-F2W 7 5 1 2 218 -1
7 0 6 ML-F3W 8 5 1 2 218 -1
7 0 7 ML-F3W 9 5 1 2 218 -1
7 0 8 ML-F3W 10 5 1 2 218 -1
7 1 -8 ML-F3W 3 6 2 0 471 -1
7 1 -7 ML-F3W 2 6 2 0 471 -1
7 1 -6 ML-F3W 1 6 2 0 471 -1
7 1 -5 ML-F3W 0 6 2 0 471 -1
7 1 -4 MH-F2W 1 4 0 2 493 -1
7 1 -3 MH-F2W 0 4 0 2 493 -1
7 1 -2 MH-F1W 11 3 1 1 494 -1
7 1 -1 MH-L1W 10 3 1 1 494 -1
7 1 2 MH-L1W 10 3 1 1 110 -1
7 1 3 MH-F1W 2 4 0 2 109 -1
7 1 4 MH-F2W 3 4 0 2 109 -1
7 1 5 MH-F2W 4 4 0 2 109 -1
7 1 6 ML-F3W 10 4 0 2 85 -1
7 1 7 ML-F3W 11 4 0 2 85 -1
7 1 8 ML-F3W 0 5 1 2 86 -1
7 1 9 ML-T3W 1 5 1 2 86 -1
7 2 -7 ML-F3W 11 5 1 2 470 -1
7 2 -6 ML-F3W 10 5 1 2 470 -1
7 2 -5 ML-F3W 9 5 1 2 470 -1
7 2 -4 ML-F2W 8 5 1 2 470 -1
7 2 -3 MH-F2W 9 4 0 2 469 -1
7 2 -2 MH-F1W 7 4 0 2 469 -1
7 2 -1 MH-F1W 2 4 0 2 493 -1
7 2 0 MH-B1W 9 4 0 2 25 -1
7 2 1 MH-L1W 0 5 1 2 26 -1
7 2 2 MH-B1W 7 3 1 1 110 -1
7 2 3 MH-F1W 11 3 1 1 110 -1
7 2 4 MH-F1W 7 4 0 2 85 -1
7 2 5 MH-F2W 8 4 0 2 85 -1
7 2 6 ML-F2W 2 5 1 2 86 -1
7 2 7 ML-F3W 3 5 1 2 86 -1
7 2 8 ML-F3W 4 5 1 2 86 -1
7 2 9 ML-F3W 5 5 1 2 86 -1
7 3 -7 ML-B3W 0 5 1 2 494 -1
7 3 -6 ML-F3W 11 4 0 2 493 -1
7 3 -5 ML-F3W 10 4 0 2 493 -1
7 3 -4 ML-F3W 9 4 0 2 493 -1
7 3 -3 ML-F2W 6 5 1 2 470 -1
7 3 -2 MH-F2W 8 4 0 2 469 -1
7 3 -1 MH-F2W 3 4 0 2 493 -1
7 3 0 MH-F1W 10 4 0 2 25 -1
7 3 1 MH-F1W 1 5 1 2 26 -1
7 3 2 MH-F1W 4 5 1 2 26 -1
7 3 3 MH-F1W 8 3 1 1 110 -1
7 3 4 MH-F2W 0 4 0 2 109 -1
7 3 5 MH-F2W 9 4 0 2 85 -1
7 3 6 ML-F2W 6 5 1 2 86 -1
7 3 7 ML-F3W 7 5 1 2 86 -1
7 3 8 ML-F3W 6 5 1 2 110 -1
7 3 9 ML-F3W 7 5 1 2 110 -1
7 3 10 ML-T3W 8 5 1 2 110 -1
7 4 -6 ML-53W 5 5 1 2 494 -1
7 4 -5 ML-F3W 3 5 1 2 494 -1
7 4 -4 ML-F3W 1 5 1 2 494 -1
7 4 -3 ML-F3W 7 5 1 2 470 -1
7 4 -2 ML-F2W 2 5 1 2 470 -1
7 4 -1 MH-F2W 4 4 0 2 493 -1
7 4 0 MH-F2W 11 4 0 2 25 -1
7 4 1 MH-F2W 2 5 1 2 26 -1
7 4 2 MH-F1W 7 6 2 0 3 -1
7 4 3 MH-F2W 5 5 1 2 26 -1
7 4 4 MH-F2W 9 3 1 1 110 -1
7 4 5 MH-F2W 1 4 0 2 109 -1
7 4 6 ML-F2W 8 5 1 2 86 -1
7 4 7 ML-F3W 9 4 0 2 109 -1
7 4 8 ML-F3W 1 5 1 2 110 -1
7 4 9 ML-F3W 2 5 1 2 110 -1
7 4 10 ML-53W 9 5 1 2 110 -1
7 5 -5 ML-R3W 4 5 1 2 494 -1
7 5 -4 ML-F3W 2 5 1 2 494 -1
7 5 -3 ML-F3W 6 5 1 2 494 -1
7 5 -2 ML-F3W 3 5 1 2 470 -1
7 5 -1 ML-F3W 10 4 0 2 469 -1
7 5 0 ML-F2W 7 5 1 2 26 -1
7 5 1 MH-F2W 3 5 1 2 26 -1
7 5 2 MH-F2W 8 6 2 0 3 -1
7 5 3 MH-F2W 9 6 2 0 3 -1
7 5 4 MH-F2W 6 5 1 2 26 -1
7 5 5 ML-F2W 5 4 0 2 109 -1
7 5 6 ML-F3W 0 6 2 0 87 -1
7 5 7 ML-F3W 9 5 1 2 86 -1
7 5 8 ML-F3W 10 4 0 2 109 -1
7 5 9 ML-F3W 3 5 1 2 110 -1
7 5 10 ML-R3W 4 5 1 2 110 -1
7 6 -4 ML-53W 9 5 1 2 494 -1
7 6 -3 ML-F3W 7 5 1 2 494 -1
7 6 -2 ML-F3W 4 5 1 2 470 -1
7 6 -1 ML-F3W 11 4 0 2 469 -1
7 6 0 ML-F3W 8 5 1 2 26 -1
7 6 1 ML-F3W 0 8 2 2 3 -1
7 6 2 ML-F2W 8 7 2 1 3 -1
7 6 3 ML-F2W 6 7 2 1 3 -1
7 6 4 ML-F2W 2 7 2 1 3 -1
7 6 5 ML-F3W 10 6 2 0 3 -1
7 6 6 ML-F3W 6 4 0 2 109 -1
7 6 7 ML-F3W 1 6 2 0 87 -1
7 6 8 ML-F3W 10 5 1 2 86 -1
7 6 9 ML-F3W 11 4 0 2 109 -1
7 6 10 ML-53W 5 5 1 2 110 -1
7 7 -3 ML-T3W 8 5 1 2 494 -1
7 7 -2 ML-F3W 5 5 1 2 470 -1
7 7 -1 ML-F3W 0 5 1 2 470 -1
7 7 0 ML-F3W 9 5 1 2 26 -1
7 7 1 ML-F3W 1 8 2 2 3 -1
7 7 2 ML-F3W 9 7 2 1 3 -1
7 7 3 ML-F3W 11 5 1 2 26 -1
7 7 4 ML-F3W 7 7 2 1 3 -1
7 7 5 ML-F3W 3 7 2 1 3 -1
7 7 6 ML-F3W 11 6 2 0 3 -1
7 7 7 ML-F3W 7 4 0 2 109 -1
7 7 8 ML-F3W 2 6 2 0 87 -1
7 7 9 ML-F3W 11 5 1 2 86 -1
7 7 10 ML-B3W 0 5 1 2 110 -1
7 8 -1 ML-T3W 1 5 1 2 470 -1
7 8 0 ML-F3W 10 5 1 2 26 -1
7 8 1 ML-F3W 2 8 2 2 3 -1
7 8 2 ML-F3W 10 7 2 1 3 -1
7 8 3 ML-F3W 0 6 2 0 27 -1
7 8 4 ML-F3W 3 6 2 0 27 -1
7 8 5 ML-F3W 8 6 2 0 27 -1
7 8 6 ML-F3W 4 7 2 1 3 -1
7 8 7 ML-F3W 0 7 2 1 3 -1
7 8 8 ML-F3W 8 4 0 2 109 -1
7 8 9 ML-F3W 3 6 2 0 87 -1
7 9 1 ML-F3W 3 8 2 2 3 -1
7 9 2 ML-F3W 11 7 2 1 3 -1
7 9 3 ML-F3W 1 6 2 0 27 -1
7 9 4 ML-F3W 4 6 2 0 27 -1
7 9 5 ML-F3W 5 6 2 0 27 -1
7 9 6 ML-F3W 9 6 2 0 27 -1
7 9 7 ML-F3W 5 7 2 1 3 -1
7 9 8 ML-T3W 1 7 2 1 3 -1
7 10 3 ML-B3W 2 6 2 0 27 -1
7 10 4 ML-53W 6 6 2 0 27 -1
7 10 5 ML-R3W 7 6 2 0 27 -1
7 10 6 ML-53W 10 6 2 0 27 -1
7 10 7 ML-T3W 11 6 2 0 27 -1
8 -10 -7 ML-R3W 8 4 0 2 337 -1
8 -10 -6 ML-R3W 1 4 0 2 313 -1
8 -10 -5 ML-L3W 0 4 0 2 313 -1
8 -10 -4 ML-L3W 10 3 1 1 314 -1
8 -10 -3 ML-L3W 7 7 2 1 279 -1
8 -9 -8 ML-T3W 3 8 2 2 279 -1
8 -9 -7 ML-F3W 11 7 2 1 279 -1
8 -9 -6 ML-F3W 7 4 0 2 337 -1
8 -9 -5 ML-F3W 11 3 1 1 314 -1
8 -9 -4 ML-F3W 9 3 1 1 314 -1
8 -9 -3 ML-F3W 6 7 2 1 279 -1
8 -9 -2 ML-F3W 2 7 2 1 279 -1
8 -9 -1 ML-B3W 10 6 2 0 279 -1
8 -8 -9 ML-B3W 10 8 2 2 195 -1
8 -8 -8 ML-F3W 4 4 0 2 337 -1
8 -8 -7 ML-F3W 2 8 2 2 279 -1
8 -8 -6 ML-F3W 10 7 2 1 279 -1
8 -8 -5 ML-F3W 6 4 0 2 337 -1
8 -8 -4 ML-F3W 8 3 1 1 314 -1
8 -8 -3 ML-F3W 5 7 2 1 279 -1
8 -8 -2 ML-F3W 1 7 2 1 279 -1
8 -8 -1 ML-F3W 9 6 2 0 279 -1
8 -7 -10 ML-L3W 7 9 0 3 193 -1
8 -7 -9 ML-F3W 2 9 0 3 193 -1
8 -7 -8 ML-F3W 9 8 2 2 195 -1
8 -7 -7 ML-F3W 3 4 0 2 337 -1
8 -7 -6 ML-F3W 1 8 2 2 279 -1
8 -7 -5 ML-F3W 9 7 2 1 279 -1
8 -7 -4 ML-F3W 5 4 0 2 337 -1
8 -7 -3 ML-F3W 4 7 2 1 279 -1
8 -7 -2 ML-F3W 0 7 2 1 279 -1
8 -7 -1 ML-F3W 8 6 2 0 279 -1
8 -6 -10 ML-L3W 10 4 0 2 229 -1
8 -6 -9 ML-F3W 6 9 0 3 193 -1
8 -6 -8 ML-F3W 1 9 0 3 193 -1
8 -6 -7 ML-F3W 8 8 2 2 195 -1
8 -6 -6 ML-F3W 2 4 0 2 337 -1
8 -6 -5 ML-F3W 0 8 2 2 279 -1
8 -6 -4 ML-F2W 8 7 2 1 279 -1
8 -6 -3 ML-F2W 3 7 2 1 279 -1
8 -6 -2 ML-F2W 11 6 2 0 279 -1
8 -6 -1 ML-F3W 7 6 2 0 279 -1
8 -5 -10 ML-L3W 9 4 0 2 229 -1
8 -5 -9 ML-F3W 7 4 0 2 229 -1
8 -5 -8 ML-F3W 5 9 0 3 193 -1
8 -5 -7 ML-F3W 0 9 0 3 193 -1
8 -5 -6 ML-F3W 7 8 2 2 195 -1
8 -5 -5 ML-F2W 1 4 0 2 337 -1
8 -5 -4 MH-F2W 6 6 2 0 279 -1
8 -5 -3 MH-F2W 5 6 2 0 279 -1
8 -5 -2 MH-F2W 7 3 1 1 314 -1
8 -5 -1 MH-F2W 0 4 0 2 337 -1
8 -4 -10 ML-R3W 8 4 0 2 229 -1
8 -4 -9 ML-F3W 6 4 0 2 229 -1
8 -4 -8 ML-F3W 5 4 0 2 229 -1
8 -4 -7 ML-F3W 4 9 0 3 193 -1
8 -4 -6 ML-F2W 11 8 2 2 195 -1
8 -4 -5 MH-F2W 3 4 0 2 265 -1
8 -4 -4 MH-F2W 8 3 1 1 338 -1
8 -4 -3 MH-F2W 4 6 2 0 279 -1
8 -4 -2 MH-F1W 6 3 1 1 314 -1
8 -4 -1 MH-F2W 11 3 1 1 338 -1
8 -3 -10 ML-R3W 11 4 0 2 265 -1
8 -3 -9 ML-F3W 10 4 0 2 265 -1
8 -3 -8 ML-F3W 9 4 0 2 265 -1
8 -3 -7 ML-F3W 8 4 0 2 265 -1
8 -3 -6 ML-F2W 3 9 0 3 193 -1
8 -3 -5 MH-F2W 4 4 0 2 229 -1
8 -3 -4 MH-F2W 2 4 0 2 265 -1
8 -3 -3 MH-F1W 7 3 1 1 338 -1
8 -3 -2 MH-F1W 5 3 1 1 314 -1
8 -3 -1 MH-F1W 10 3 1 1 338 -1
8 -2 -9 ML-F3W 11 9 0 3 193 -1
8 -2 -8 ML-F3W 10 9 0 3 193 -1
8 -2 -7 ML-F3W 9 9 0 3 193 -1
8 -2 -6 ML-F2W 8 9 0 3 193 -1
8 -2 -5 MH-F2W 6 8 2 2 195 -1
8 -2 -4 MH-F1W 3 4 0 2 229 -1
8 -2 -3 MH-F1W 1 4 0 2 265 -1
8 -2 -2 MH-B1W 6 3 1 1 338 -1
8 -2 -1 MH-R1W 9 3 1 1 338 -1
8 -1 -9 ML-T3W 3 10 1 3 194 -1
8 -1 -8 ML-F3W 2 10 1 3 194 -1
8 -1 -7 ML-F3W 1 10 1 3 194 -1
8 -1 -6 ML-F3W 0 10 1 3 194 -1
8 -1 -5 MH-F2W 5 8 2 2 195 -1
8 -1 -4 MH-F2W 4 8 2 2 195 -1
8 -1 -3 MH-F1W 2 4 0 2 229 -1
8 -1 -2 MH-R1W 0 4 0 2 265 -1
8 0 -8 ML-F3W 7 4 0 2 265 -1
8 0 -7 ML-F3W 6 4 0 2 265 -1
8 0 -6 ML-F3W 5 4 0 2 265 -1
8 0 -5 ML-F2W 4 4 0 2 265 -1
8 0 -4 MH-F2W 11 3 1 1 266 -1
8 0 -3 MH-F1W 10 3 1 1 266 -1
8 0 -2 MH-B1W 9 3 1 1 266 -1
8 1 -8 ML-B3W 10 6 2 0 471 -1
8 1 -7 ML-F3W 9 6 2 0 471 -1
8 1 -6 ML-F3W 8 6 2 0 471 -1
8 1 -5 ML-F3W 7 6 2 0 471 -1
8 1 -4 MH-F2W 0 4 0 2 529 -1
8 1 -3 MH-F2W 11 3 1 1 530 -1
8 1 -2 MH-F1W 10 3 1 1 530 -1
8 1 -1 MH-R1W 9 3 1 1 530 -1
8 1 2 MH-R1W 9 3 1 1 146 -1
8 1 3 MH-F1W 10 3 1 1 146 -1
8 1 4 MH-F2W 11 3 1 1 146 -1
8 1 5 MH-F2W 0 4 0 2 145 -1
8 1 6 ML-F3W 7 6 2 0 87 -1
8 1 7 ML-F3W 8 6 2 0 87 -1
8 1 8 ML-F3W 9 6 2 0 87 -1
8 1 9 ML-B3W 10 6 2 0 87 -1
8 2 -7 ML-F3W 2 7 2 1 471 -1
8 2 -6 ML-F3W 1 7 2 1 471 -1
8 2 -5 ML-F3W 0 7 2 1 471 -1
8 2 -4 ML-F2W 11 6 2 0 471 -1
8 2 -3 MH-F2W 7 3 1 1 506 -1
8 2 -2 MH-F1W 6 3 1 1 506 -1
8 2 -1 MH-F1W 5 3 1 1 506 -1
8 2 0 MH-B1W 9 3 1 1 74 -1
8 2 0 MH-B1W 6 3 1 1 530 -1
8 2 1 MH-R1W 0 4 0 2 73 -1
8 2 1 MH-R1W 0 4 0 2 457 -1
8 2 2 MH-B1W 9 3 1 1 458 -1
8 2 2 MH-B1W 6 3 1 1 146 -1
8 2 3 MH-F1W 5 3 1 1 122 -1
8 2 4 MH-F1W 6 3 1 1 122 -1
8 2 5 MH-F2W 7 3 1 1 122 -1
8 2 6 ML-F2W 11 6 2 0 87 -1
8 2 7 ML-F3W 0 7 2 1 87 -1
8 2 8 ML-F3W 1 7 2 1 87 -1
8 2 9 ML-F3W 2 7 2 1 87 -1
8 3 -7 ML-L3W 7 7 2 1 471 -1
8 3 -6 ML-F3W 6 7 2 1 471 -1
8 3 -5 ML-F3W 5 7 2 1 471 -1
8 3 -4 ML-F3W 4 7 2 1 471 -1
8 3 -3 ML-F2W 3 7 2 1 471 -1
8 3 -2 MH-F2W 5 6 2 0 471 -1
8 3 -1 MH-F2W 4 6 2 0 471 -1
8 3 0 MH-F1W 10 3 1 1 74 -1
8 3 0 MH-F1W 7 3 1 1 530 -1
8 3 1 MH-F1W 2 4 0 2 37 -1
8 3 1 MH-F1W 1 4 0 2 457 -1
8 3 2 MH-F1W 2 4 0 2 421 -1
8 3 2 MH-F1W 1 4 0 2 73 -1
8 3 3 MH-F1W 10 3 1 1 458 -1
8 3 3 MH-F1W 7 3 1 1 146 -1
8 3 4 MH-F2W 4 6 2 0 87 -1
8 3 5 MH-F2W 5 6 2 0 87 -1
8 3 6 ML-F2W 3 7 2 1 87 -1
8 3 7 ML-F3W 4 7 2 1 87 -1
8 3 8 ML-F3W 5 7 2 1 87 -1
8 3 9 ML-F3W 6 7 2 1 87 -1
8 3 10 ML-L3W 7 7 2 1 87 -1
8 4 -6 ML-L3W 10 3 1 1 506 -1
8 4 -5 ML-F3W 9 3 1 1 506 -1
8 4 -4 ML-F3W 8 3 1 1 506 -1
8 4 -3 ML-F3W 5 4 0 2 529 -1
8 4 -2 ML-F2W 8 7 2 1 471 -1
8 4 -1 MH-F2W 6 6 2 0 471 -1
8 4 0 MH-F2W 11 3 1 1 74 -1
8 4 0 MH-F2W 8 3 1 1 530 -1
8 4 1 MH-F2W 4 8 2 2 3 -1
8 4 1 MH-F2W 2 4 0 2 457 -1
8 4 2 MH-F1W 3 4 0 2 37 -1
8 4 2 MH-F1W 3 4 0 2 421 -1
8 4 3 MH-F2W 4 8 2 2 387 -1
8 4 3 MH-F2W 2 4 0 2 73 -1
8 4 4 MH-F2W 11 3 1 1 458 -1
8 4 4 MH-F2W 8 3 1 1 146 -1
8 4 5 MH-F2W 6 6 2 0 87 -1
8 4 6 ML-F2W 8 7 2 1 87 -1
8 4 7 ML-F3W 5 4 0 2 145 -1
8 4 8 ML-F3W 8 3 1 1 122 -1
8 4 9 ML-F3W 9 3 1 1 122 -1
8 4 10 ML-L3W 10 3 1 1 122 -1
8 5 -5 ML-L3W 0 4 0 2 505 -1
8 5 -4 ML-F3W 11 3 1 1 506 -1
8 5 -3 ML-F3W 6 4 0 2 529 -1
8 5 -2 ML-F3W 9 7 2 1 471 -1
8 5 -1 ML-F3W 0 8 2 2 471 -1
8 5 0 ML-F2W 4 4 0 2 73 -1
8 5 0 ML-F2W 1 4 0 2 529 -1
8 5 1 MH-F2W 5 8 2 2 3 -1
8 5 1 MH-F2W 3 4 0 2 457 -1
8 5 2 MH-F2W 6 8 2 2 3 -1
8 5 2 MH-F2W 4 4 0 2 421 -1
8 5 3 MH-F2W 6 8 2 2 387 -1
8 5 3 MH-F2W 4 4 0 2 37 -1
8 5 4 MH-F2W 5 8 2 2 387 -1
8 5 4 MH-F2W 3 4 0 2 73 -1
8 5 5 ML-F2W 4 4 0 2 457 -1
8 5 5 ML-F2W 1 4 0 2 145 -1
8 5 6 ML-F3W 0 8 2 2 87 -1
8 5 7 ML-F3W 9 7 2 1 87 -1
8 5 8 ML-F3W 6 4 0 2 145 -1
8 5 9 ML-F3W 11 3 1 1 122 -1
8 5 10 ML-L3W 0 4 0 2 121 -1
8 6 -4 ML-R3W 1 4 0 2 505 -1
8 6 -3 ML-F3W 7 4 0 2 529 -1
8 6 -2 ML-F3W 10 7 2 1 471 -1
8 6 -1 ML-F3W 1 8 2 2 471 -1
8 6 0 ML-F3W 5 4 0 2 73 -1
8 6 0 ML-F3W 2 4 0 2 529 -1
8 6 1 ML-F3W 7 8 2 2 387 -1
8 6 1 ML-F3W 0 10 1 3 2 -1
8 6 2 ML-F2W 11 8 2 2 387 -1
8 6 2 ML-F2W 8 9 0 3 1 -1
8 6 3 ML-F2W 3 9 0 3 1 -1
8 6 3 ML-F2W 3 9 0 3 385 -1
8 6 4 ML-F2W 11 8 2 2 3 -1
8 6 4 ML-F2W 8 9 0 3 385 -1
8 6 5 ML-F3W 7 8 2 2 3 -1
8 6 5 ML-F3W 0 10 1 3 386 -1
8 6 6 ML-F3W 5 4 0 2 457 -1
8 6 6 ML-F3W 2 4 0 2 145 -1
8 6 7 ML-F3W 1 8 2 2 87 -1
8 6 8 ML-F3W 10 7 2 1 87 -1
8 6 9 ML-F3W 7 4 0 2 145 -1
8 6 10 ML-R3W 1 4 0 2 121 -1
8 7 -3 ML-R3W 8 4 0 2 529 -1
8 7 -2 ML-F3W 11 7 2 1 471 -1
8 7 -1 ML-F3W 2 8 2 2 471 -1
8 7 0 ML-F3W 6 4 0 2 73 -1
8 7 0 ML-F3W 3 4 0 2 529 -1
8 7 1 ML-F3W 8 8 2 2 387 -1
8 7 1 ML-F3W 1 10 1 3 2 -1
8 7 2 ML-F3W 0 9 0 3 385 -1
8 7 2 ML-F3W 9 9 0 3 1 -1
8 7 3 ML-F3W 4 9 0 3 385 -1
8 7 3 ML-F3W 8 4 0 2 73 -1
8 7 4 ML-F3W 4 9 0 3 1 -1
8 7 4 ML-F3W 8 4 0 2 457 -1
8 7 5 ML-F3W 0 9 0 3 1 -1
8 7 5 ML-F3W 9 9 0 3 385 -1
8 7 6 ML-F3W 8 8 2 2 3 -1
8 7 6 ML-F3W 1 10 1 3 386 -1
8 7 7 ML-F3W 6 4 0 2 457 -1
8 7 7 ML-F3W 3 4 0 2 145 -1
8 7 8 ML-F3W 2 8 2 2 87 -1
8 7 9 ML-F3W 11 7 2 1 87 -1
8 7 10 ML-R3W 8 4 0 2 145 -1
8 8 -1 ML-T3W 3 8 2 2 471 -1
8 8 0 ML-F3W 7 4 0 2 73 -1
8 8 0 ML-F3W 4 4 0 2 529 -1
8 8 1 ML-F3W 9 8 2 2 387 -1
8 8 1 ML-F3W 2 10 1 3 2 -1
8 8 2 ML-F3W 1 9 0 3 385 -1
8 8 2 ML-F3W 10 9 0 3 1 -1
8 8 3 ML-F3W 5 9 0 3 385 -1
8 8 3 ML-F3W 9 4 0 2 73 -1
8 8 4 ML-F3W 5 4 0 2 37 -1
8 8 4 ML-F3W 5 4 0 2 421 -1
8 8 5 ML-F3W 5 9 0 3 1 -1
8 8 5 ML-F3W 9 4 0 2 457 -1
8 8 6 ML-F3W 1 9 0 3 1 -1
8 8 6 ML-F3W 10 9 0 3 385 -1
8 8 7 ML-F3W 9 8 2 2 3 -1
8 8 7 ML-F3W 2 10 1 3 386 -1
8 8 8 ML-F3W 7 4 0 2 457 -1
8 8 8 ML-F3W 4 4 0 2 145 -1
8 8 9 ML-T3W 3 8 2 2 87 -1
8 9 1 ML-B3W 10 8 2 2 387 -1
8 9 1 ML-T3W 3 10 1 3 2 -1
8 9 2 ML-F3W 2 9 0 3 385 -1
8 9 2 ML-F3W 11 9 0 3 1 -1
8 9 3 ML-F3W 6 9 0 3 385 -1
8 9 3 ML-F3W 10 4 0 2 73 -1
8 9 4 ML-F3W 6 4 0 2 37 -1
8 9 4 ML-F3W 7 4 0 2 421 -1
8 9 5 ML-F3W 6 4 0 2 421 -1
8 9 5 ML-F3W 7 4 0 2 37 -1
8 9 6 ML-F3W 6 9 0 3 1 -1
8 9 6 ML-F3W 10 4 0 2 457 -1
8 9 7 ML-F3W 2 9 0 3 1 -1
8 9 7 ML-F3W 11 9 0 3 385 -1
8 9 8 ML-B3W 10 8 2 2 3 -1
8 9 8 ML-T3W 3 10 1 3 386 -1
8 10 3 ML-L3W 7 9 0 3 385 -1
8 10 3 ML-R3W 11 4 0 2 73 -1
8 10 4 ML-R3W 8 4 0 2 37 -1
8 10 4 ML-L3W 10 4 0 2 421 -1
8 10 5 ML-L3W 9 4 0 2 37 -1
8 10 5 ML-L3W 9 4 0 2 421 -1
8 10 6 ML-R3W 8 4 0 2 421 -1
8 10 6 ML-L3W 10 4 0 2 37 -1
8 10 7 ML-L3W 7 9 0 3 1 -1
8 10 7 ML-R3W 11 4 0 2 457 -1
9 -10 -8 ML-T3W 1 5 1 2 314 -1
9 -10 -7 ML-53W 3 7 2 1 303 -1
9 -10 -6 ML-F3W 7 4 0 2 289 -1
9 -10 -5 ML-L3W 8 4 0 2 289 -1
9 -10 -4 ML-F3W 0 7 2 1 303 -1
9 -10 -3 ML-53W 9 6 2 0 303 -1
9 -10 -2 ML-B3W 8 5 1 2 314 -1
9 -9 -9 ML-B3W 5 7 2 1 423 -1
9 -9 -8 ML-F3W 8 4 0 2 313 -1
9 -9 -7 ML-F3W 0 5 1 2 314 -1
9 -9 -6 ML-F3W 2 7 2 1 303 -1
9 -9 -5 ML-F3W 6 4 0 2 289 -1
9 -9 -4 ML-F3W 11 6 2 0 303 -1
9 -9 -3 ML-F3W 8 6 2 0 303 -1
9 -9 -2 ML-F3W 7 5 1 2 314 -1
9 -9 -1 ML-F3W 0 6 2 0 315 -1
9 -9 0 ML-B3W 5 6 2 0 303 -1
9 -8 -10 ML-B3W 8 6 2 0 423 -1
9 -8 -9 ML-F3W 0 7 2 1 423 -1
9 -8 -8 ML-F3W 4 7 2 1 423 -1
9 -8 -7 ML-F3W 7 4 0 2 313 -1
9 -8 -6 ML-F3W 11 4 0 2 313 -1
9 -8 -5 ML-F3W 1 7 2 1 303 -1
9 -8 -4 ML-F3W 10 6 2 0 303 -1
9 -8 -3 ML-F3W 7 6 2 0 303 -1
9 -8 -2 ML-F3W 6 5 1 2 314 -1
9 -8 -1 ML-F3W 11 5 1 2 314 -1
9 -8 0 ML-F3W 4 6 2 0 303 -1
9 -8 1 ML-F3W 8 5 1 2 230 -1
9 -8 2 ML-T3W 1 6 2 0 231 -1
9 -7 -10 ML-53W 9 7 2 1 423 -1
9 -7 -9 ML-F3W 7 6 2 0 423 -1
9 -7 -8 ML-F3W 11 6 2 0 423 -1
9 -7 -7 ML-F3W 3 7 2 1 423 -1
9 -7 -6 ML-F3W 6 4 0 2 313 -1
9 -7 -5 ML-F3W 10 4 0 2 313 -1
9 -7 -4 ML-F3W 3 5 1 2 314 -1
9 -7 -3 ML-F3W 6 6 2 0 303 -1
9 -7 -2 ML-F3W 5 5 1 2 314 -1
9 -7 -1 ML-F3W 10 5 1 2 314 -1
9 -7 0 ML-F3W 3 6 2 0 303 -1
9 -7 1 ML-F3W 7 5 1 2 230 -1
9 -7 2 ML-F3W 0 6 2 0 231 -1
9 -7 3 ML-53W 3 8 2 2 231 -1
9 -6 -10 ML-F3W 0 8 2 2 423 -1
9 -6 -9 ML-F3W 8 7 2 1 423 -1
9 -6 -8 ML-F3W 6 6 2 0 423 -1
9 -6 -7 ML-F3W 10 6 2 0 423 -1
9 -6 -6 ML-F3W 2 7 2 1 423 -1
9 -6 -5 ML-F3W 5 4 0 2 313 -1
9 -6 -4 ML-F2W 9 4 0 2 313 -1
9 -6 -3 ML-F2W 2 5 1 2 314 -1
9 -6 -2 ML-F2W 4 5 1 2 314 -1
9 -6 -1 ML-F3W 9 5 1 2 314 -1
9 -6 0 ML-F3W 2 6 2 0 303 -1
9 -6 1 ML-F3W 6 5 1 2 230 -1
9 -6 2 ML-F3W 11 5 1 2 230 -1
9 -6 3 ML-F3W 2 8 2 2 231 -1
9 -6 4 ML-F3W 9 7 2 1 219 -1
9 -5 -10 ML-L3W 8 7 2 1 411 -1
9 -5 -9 ML-F3W 11 7 2 1 423 -1
9 -5 -8 ML-F3W 7 7 2 1 423 -1
9 -5 -7 ML-F3W 5 6 2 0 423 -1
9 -5 -6 ML-F3W 9 6 2 0 423 -1
9 -5 -5 ML-F2W 1 7 2 1 423 -1
9 -5 -4 MH-F2W 5 4 0 2 289 -1
9 -5 -3 MH-F2W 3 4 0 2 313 -1
9 -5 -2 MH-F2W 4 4 0 2 313 -1
9 -5 -1 MH-F2W 2 4 0 2 289 -1
9 -5 0 ML-F2W 1 6 2 0 303 -1
9 -5 1 ML-F3W 5 5 1 2 230 -1
9 -5 2 ML-F3W 10 5 1 2 230 -1
9 -5 3 ML-F3W 1 8 2 2 231 -1
9 -5 4 ML-F3W 7 7 2 1 219 -1
9 -5 5 ML-L3W 8 7 2 1 219 -1
9 -4 -10 ML-F3W 9 7 2 1 411 -1
9 -4 -9 ML-F3W 7 7 2 1 411 -1
9 -4 -8 ML-F3W 10 7 2 1 423 -1
9 -4 -7 ML-F3W 6 7 2 1 423 -1
9 -4 -6 ML-F2W 4 6 2 0 423 -1
9 -4 -5 MH-F2W 3 7 2 1 411 -1
9 -4 -4 MH-F2W 1 5 1 2 422 -1
9 -4 -3 MH-F2W 4 4 0 2 289 -1
9 -4 -2 MH-F1W 2 4 0 2 313 -1
9 -4 -1 MH-F2W 1 4 0 2 289 -1
9 -4 0 MH-F2W 0 6 2 0 303 -1
9 -4 1 MH-F2W 6 7 2 1 219 -1
9 -4 2 ML-F2W 9 5 1 2 230 -1
9 -4 3 ML-F3W 3 6 2 0 231 -1
9 -4 4 ML-F3W 10 7 2 1 231 -1
9 -4 5 ML-F3W 11 7 2 1 231 -1
9 -4 6 ML-F3W 0 8 2 2 231 -1
9 -3 -10 ML-53W 3 8 2 2 423 -1
9 -3 -9 ML-F3W 2 8 2 2 423 -1
9 -3 -8 ML-F3W 1 8 2 2 423 -1
9 -3 -7 ML-F3W 3 6 2 0 423 -1
9 -3 -6 ML-F2W 2 6 2 0 423 -1
9 -3 -5 MH-F2W 3 5 1 2 422 -1
9 -3 -4 MH-F2W 2 7 2 1 411 -1
9 -3 -3 MH-F1W 0 5 1 2 422 -1
9 -3 -2 MH-F1W 3 4 0 2 289 -1
9 -3 -1 MH-F1W 0 4 0 2 289 -1
9 -3 0 MH-F1W 11 5 1 2 302 -1
9 -3 1 MH-F2W 5 7 2 1 219 -1
9 -3 2 MH-F2W 4 5 1 2 230 -1
9 -3 3 ML-F2W 2 6 2 0 231 -1
9 -3 4 ML-F3W 6 7 2 1 231 -1
9 -3 5 ML-F3W 7 7 2 1 231 -1
9 -3 6 ML-F3W 8 7 2 1 231 -1
9 -3 7 ML-53W 9 7 2 1 231 -1
9 -2 -10 ML-T3W 1 6 2 0 423 -1
9 -2 -9 ML-F3W 0 6 2 0 423 -1
9 -2 -8 ML-F3W 11 5 1 2 422 -1
9 -2 -7 ML-F3W 10 5 1 2 422 -1
9 -2 -6 ML-F2W 9 5 1 2 422 -1
9 -2 -5 MH-F2W 4 5 1 2 422 -1
9 -2 -4 MH-F1W 2 5 1 2 422 -1
9 -2 -3 MH-F1W 1 7 2 1 411 -1
9 -2 -2 MH-B1W 11 4 0 2 421 -1
9 -2 -1 MH-L1W 11 3 1 1 290 -1
9 -2 0 MH-B1W 10 5 1 2 302 -1
9 -2 1 MH-F1W 4 7 2 1 219 -1
9 -2 2 MH-F1W 2 5 1 2 230 -1
9 -2 3 MH-F2W 3 5 1 2 230 -1
9 -2 4 ML-F2W 4 6 2 0 231 -1
9 -2 5 ML-F3W 5 6 2 0 231 -1
9 -2 6 ML-F3W 6 6 2 0 231 -1
9 -2 7 ML-F3W 7 6 2 0 231 -1
9 -2 8 ML-B3W 8 6 2 0 231 -1
9 -1 -9 ML-F3W 8 5 1 2 422 -1
9 -1 -8 ML-F3W 7 5 1 2 422 -1
9 -1 -7 ML-F3W 6 5 1 2 422 -1
9 -1 -6 ML-F3W 5 5 1 2 422 -1
9 -1 -5 MH-F2W 6 7 2 1 411 -1
9 -1 -4 MH-F2W 5 7 2 1 411 -1
9 -1 -3 MH-F1W 4 7 2 1 411 -1
9 -1 -2 MH-L1W 0 7 2 1 411 -1
9 -1 1 MH-L1W 0 7 2 1 219 -1
9 -1 2 MH-F1W 1 7 2 1 219 -1
9 -1 3 MH-F2W 2 7 2 1 219 -1
9 -1 4 MH-F2W 3 7 2 1 219 -1
9 -1 5 ML-F3W 9 6 2 0 231 -1
9 -1 6 ML-F3W 10 6 2 0 231 -1
9 -1 7 ML-F3W 11 6 2 0 231 -1
9 -1 8 ML-F3W 0 7 2 1 231 -1
9 0 -9 ML-B3W 5 6 2 0 495 -1
9 0 -8 ML-F3W 4 6 2 0 495 -1
9 0 -7 ML-F3W 3 6 2 0 495 -1
9 0 -6 ML-F3W 2 6 2 0 495 -1
9 0 -5 ML-F2W 1 6 2 0 495 -1
9 0 -4 MH-F2W 0 6 2 0 495 -1
9 0 -3 MH-F1W 11 5 1 2 494 -1
9 0 -2 MH-B1W 10 5 1 2 494 -1
9 0 2 MH-B1W 11 4 0 2 229 -1
9 0 3 MH-F1W 0 5 1 2 230 -1
9 0 4 MH-F2W 1 5 1 2 230 -1
9 0 5 ML-F2W 1 7 2 1 231 -1
9 0 6 ML-F3W 2 7 2 1 231 -1
9 0 7 ML-F3W 3 7 2 1 231 -1
9 0 8 ML-F3W 4 7 2 1 231 -1
9 0 9 ML-B3W 5 7 2 1 231 -1
9 1 -8 ML-F3W 0 6 2 0 507 -1
9 1 -7 ML-F3W 11 5 1 2 506 -1
9 1 -6 ML-F3W 10 5 1 2 506 -1
9 1 -5 ML-F3W 9 5 1 2 506 -1
9 1 -4 MH-F2W 2 4 0 2 481 -1
9 1 -3 MH-F2W 1 4 0 2 481 -1
9 1 -2 MH-F1W 0 4 0 2 481 -1
9 1 -1 MH-L1W 11 3 1 1 482 -1
9 1 2 MH-L1W 11 3 1 1 98 -1
9 1 3 MH-F1W 3 4 0 2 97 -1
9 1 4 MH-F2W 4 4 0 2 97 -1
9 1 5 MH-F2W 5 4 0 2 97 -1
9 1 6 ML-F3W 5 4 0 2 121 -1
9 1 7 ML-F3W 6 4 0 2 121 -1
9 1 8 ML-F3W 7 4 0 2 121 -1
9 1 9 ML-F3W 8 4 0 2 121 -1
9 2 -8 ML-B3W 8 5 1 2 506 -1
9 2 -7 ML-F3W 7 5 1 2 506 -1
9 2 -6 ML-F3W 6 5 1 2 506 -1
9 2 -5 ML-F3W 5 5 1 2 506 -1
9 2 -4 ML-F2W 4 5 1 2 506 -1
9 2 -3 MH-F2W 4 4 0 2 505 -1
9 2 -2 MH-F1W 2 4 0 2 505 -1
9 2 -1 MH-F1W 3 4 0 2 481 -1
9 2 0 MH-B1W 11 4 0 2 37 -1
9 2 1 MH-L1W 0 7 2 1 27 -1
9 2 2 MH-B1W 10 5 1 2 110 -1
9 2 3 MH-F1W 0 4 0 2 97 -1
9 2 4 MH-F1W 2 4 0 2 121 -1
9 2 5 MH-F2W 3 4 0 2 121 -1
9 2 6 ML-F2W 9 4 0 2 121 -1
9 2 7 ML-F3W 10 4 0 2 121 -1
9 2 8 ML-F3W 11 4 0 2 121 -1
9 2 9 ML-F3W 0 5 1 2 122 -1
9 2 10 ML-T3W 1 5 1 2 122 -1
9 3 -7 ML-53W 9 6 2 0 495 -1
9 3 -6 ML-F3W 8 6 2 0 495 -1
9 3 -5 ML-F3W 7 6 2 0 495 -1
9 3 -4 ML-F3W 6 6 2 0 495 -1
9 3 -3 ML-F2W 2 5 1 2 506 -1
9 3 -2 MH-F2W 3 4 0 2 505 -1
9 3 -1 MH-F2W 4 4 0 2 481 -1
9 3 0 MH-F1W 0 5 1 2 38 -1
9 3 1 MH-F1W 1 7 2 1 27 -1
9 3 2 MH-F1W 4 7 2 1 27 -1
9 3 3 MH-F1W 11 5 1 2 110 -1
9 3 4 MH-F2W 1 4 0 2 97 -1
9 3 5 MH-F2W 4 4 0 2 121 -1
9 3 6 ML-F2W 2 5 1 2 122 -1
9 3 7 ML-F3W 3 5 1 2 122 -1
9 3 8 ML-F3W 1 7 2 1 111 -1
9 3 9 ML-F3W 2 7 2 1 111 -1
9 3 10 ML-53W 3 7 2 1 111 -1
9 4 -6 ML-F3W 0 7 2 1 495 -1
9 4 -5 ML-F3W 11 6 2 0 495 -1
9 4 -4 ML-F3W 10 6 2 0 495 -1
9 4 -3 ML-F3W 3 5 1 2 506 -1
9 4 -2 ML-F2W 9 4 0 2 505 -1
9 4 -1 MH-F2W 5 4 0 2 481 -1
9 4 0 MH-F2W 1 5 1 2 38 -1
9 4 1 MH-F2W 2 7 2 1 27 -1
9 4 2 MH-F1W 2 5 1 2 38 -1
9 4 3 MH-F2W 5 7 2 1 27 -1
9 4 4 MH-F2W 0 6 2 0 111 -1
9 4 5 MH-F2W 2 4 0 2 97 -1
9 4 6 ML-F2W 4 5 1 2 122 -1
9 4 7 ML-F3W 6 6 2 0 111 -1
9 4 8 ML-F3W 10 6 2 0 111 -1
9 4 9 ML-F3W 6 4 0 2 97 -1
9 4 10 ML-F3W 7 4 0 2 97 -1
9 5 -5 ML-L3W 8 4 0 2 481 -1
9 5 -4 ML-F3W 6 4 0 2 481 -1
9 5 -3 ML-F3W 1 7 2 1 495 -1
9 5 -2 ML-F3W 10 4 0 2 505 -1
9 5 -1 ML-F3W 5 4 0 2 505 -1
9 5 0 ML-F2W 1 7 2 1 39 -1
9 5 1 MH-F2W 3 7 2 1 27 -1
9 5 2 MH-F2W 3 5 1 2 38 -1
9 5 3 MH-F2W 4 5 1 2 38 -1
9 5 4 MH-F2W 6 7 2 1 27 -1
9 5 5 ML-F2W 1 6 2 0 111 -1
9 5 6 ML-F3W 9 5 1 2 122 -1
9 5 7 ML-F3W 5 5 1 2 122 -1
9 5 8 ML-F3W 7 6 2 0 111 -1
9 5 9 ML-F3W 11 6 2 0 111 -1
9 5 10 ML-L3W 8 4 0 2 97 -1
9 6 -4 ML-F3W 7 4 0 2 481 -1
9 6 -3 ML-F3W 2 7 2 1 495 -1
9 6 -2 ML-F3W 11 4 0 2 505 -1
9 6 -1 ML-F3W 6 4 0 2 505 -1
9 6 0 ML-F3W 2 7 2 1 39 -1
9 6 1 ML-F3W 9 6 2 0 39 -1
9 6 2 ML-F2W 4 6 2 0 39 -1
9 6 3 ML-F2W 2 6 2 0 39 -1
9 6 4 ML-F2W 9 5 1 2 38 -1
9 6 5 ML-F3W 5 5 1 2 38 -1
9 6 6 ML-F3W 2 6 2 0 111 -1
9 6 7 ML-F3W 10 5 1 2 122 -1
9 6 8 ML-F3W 6 5 1 2 122 -1
9 6 9 ML-F3W 8 6 2 0 111 -1
9 6 10 ML-F3W 0 7 2 1 111 -1
9 7 -3 ML-53W 3 7 2 1 495 -1
9 7 -2 ML-F3W 0 5 1 2 506 -1
9 7 -1 ML-F3W 7 4 0 2 505 -1
9 7 0 ML-F3W 3 7 2 1 39 -1
9 7 1 ML-F3W 10 6 2 0 39 -1
9 7 2 ML-F3W 5 6 2 0 39 -1
9 7 3 ML-F3W 6 7 2 1 39 -1
9 7 4 ML-F3W 3 6 2 0 39 -1
9 7 5 ML-F3W 10 5 1 2 38 -1
9 7 6 ML-F3W 6 5 1 2 38 -1
9 7 7 ML-F3W 3 6 2 0 111 -1
9 7 8 ML-F3W 11 5 1 2 122 -1
9 7 9 ML-F3W 7 5 1 2 122 -1
9 7 10 ML-53W 9 6 2 0 111 -1
9 8 -2 ML-T3W 1 5 1 2 506 -1
9 8 -1 ML-F3W 8 4 0 2 505 -1
9 8 0 ML-F3W 4 7 2 1 39 -1
9 8 1 ML-F3W 11 6 2 0 39 -1
9 8 2 ML-F3W 6 6 2 0 39 -1
9 8 3 ML-F3W 7 7 2 1 39 -1
9 8 4 ML-F3W 10 7 2 1 39 -1
9 8 5 ML-F3W 1 8 2 2 39 -1
9 8 6 ML-F3W 11 5 1 2 38 -1
9 8 7 ML-F3W 7 5 1 2 38 -1
9 8 8 ML-F3W 4 6 2 0 111 -1
9 8 9 ML-F3W 0 6 2 0 123 -1
9 8 10 ML-B3W 8 5 1 2 122 -1
9 9 0 ML-B3W 5 7 2 1 39 -1
9 9 1 ML-F3W 0 7 2 1 39 -1
9 9 2 ML-F3W 7 6 2 0 39 -1
9 9 3 ML-F3W 8 7 2 1 39 -1
9 9 4 ML-F3W 11 7 2 1 39 -1
9 9 5 ML-F3W 7 7 2 1 27 -1
9 9 6 ML-F3W 2 8 2 2 39 -1
9 9 7 ML-F3W 0 6 2 0 39 -1
9 9 8 ML-F3W 8 5 1 2 38 -1
9 9 9 ML-B3W 5 6 2 0 111 -1
9 10 2 ML-B3W 8 6 2 0 39 -1
9 10 3 ML-53W 9 7 2 1 39 -1
9 10 4 ML-F3W 0 8 2 2 39 -1
9 10 5 ML-L3W 8 7 2 1 27 -1
9 10 6 ML-F3W 9 7 2 1 27 -1
9 10 7 ML-53W 3 8 2 2 39 -1
9 10 8 ML-T3W 1 6 2 0 39 -1
10 -10 -7 ML-R3W 8 2 0 1 325 -1
10 -10 -6 ML-R3W 5 5 1 2 290 -1
10 -10 -5 ML-L3W 4 5 1 2 290 -1
10 -10 -4 ML-L3W 2 5 1 2 290 -1
10 -10 -3 ML-L3W 4 7 2 1 315 -1
10 -9 -9 ML-T3W 4 2 0 1 325 -1
10 -9 -8 ML-53W 0 8 2 2 315 -1
10 -9 -7 ML-F3W 8 7 2 1 315 -1
10 -9 -6 ML-F3W 7 2 0 1 325 -1
10 -9 -5 ML-F3W 3 5 1 2 290 -1
10 -9 -4 ML-F3W 1 5 1 2 290 -1
10 -9 -3 ML-F3W 3 7 2 1 315 -1
10 -9 -2 ML-F3W 11 6 2 0 315 -1
10 -9 -1 ML-53W 7 6 2 0 315 -1
10 -8 -9 ML-53W 6 2 0 1 241 -1
10 -8 -8 ML-F3W 3 2 0 1 325 -1
10 -8 -7 ML-F3W 11 7 2 1 315 -1
10 -8 -6 ML-F3W 7 7 2 1 315 -1
10 -8 -5 ML-F3W 6 2 0 1 325 -1
10 -8 -4 ML-F3W 0 5 1 2 290 -1
10 -8 -3 ML-F3W 2 7 2 1 315 -1
10 -8 -2 ML-F3W 10 6 2 0 315 -1
10 -8 -1 ML-F3W 6 6 2 0 315 -1
10 -7 -10 ML-L3W 3 3 1 1 242 -1
10 -7 -9 ML-F3W 10 2 0 1 241 -1
10 -7 -8 ML-F3W 5 2 0 1 241 -1
10 -7 -7 ML-F3W 2 2 0 1 325 -1
10 -7 -6 ML-F3W 10 7 2 1 315 -1
10 -7 -5 ML-F3W 6 7 2 1 315 -1
10 -7 -4 ML-F3W 5 2 0 1 325 -1
10 -7 -3 ML-F3W 1 7 2 1 315 -1
10 -7 -2 ML-F3W 9 6 2 0 315 -1
10 -7 -1 ML-F3W 5 6 2 0 315 -1
10 -6 -10 ML-L3W 11 3 1 1 206 -1
10 -6 -9 ML-F3W 2 3 1 1 242 -1
10 -6 -8 ML-F3W 9 2 0 1 241 -1
10 -6 -7 ML-F3W 4 2 0 1 241 -1
10 -6 -6 ML-F3W 1 2 0 1 325 -1
10 -6 -5 ML-F3W 9 7 2 1 315 -1
10 -6 -4 ML-F2W 5 7 2 1 315 -1
10 -6 -3 ML-F2W 0 7 2 1 315 -1
10 -6 -2 ML-F2W 8 6 2 0 315 -1
10 -6 -1 ML-F3W 4 6 2 0 315 -1
10 -5 -10 ML-L3W 10 3 1 1 206 -1
10 -5 -9 ML-F3W 8 3 1 1 206 -1
10 -5 -8 ML-F3W 1 3 1 1 242 -1
10 -5 -7 ML-F3W 8 2 0 1 241 -1
10 -5 -6 ML-F3W 3 2 0 1 241 -1
10 -5 -5 ML-F2W 0 2 0 1 325 -1
10 -5 -4 MH-F2W 3 6 2 0 315 -1
10 -5 -3 MH-F2W 2 6 2 0 315 -1
10 -5 -2 MH-F2W 11 4 0 2 289 -1
10 -5 -1 MH-F2W 11 1 1 0 326 -1
10 -4 -10 ML-R3W 9 3 1 1 206 -1
10 -4 -9 ML-F3W 7 3 1 1 206 -1
10 -4 -8 ML-F3W 6 3 1 1 206 -1
10 -4 -7 ML-F3W 0 3 1 1 242 -1
10 -4 -6 ML-F2W 7 2 0 1 241 -1
10 -4 -5 MH-F2W 2 2 0 1 241 -1
10 -4 -4 MH-F2W 7 1 1 0 326 -1
10 -4 -3 MH-F1W 1 6 2 0 315 -1
10 -4 -2 MH-F1W 10 4 0 2 289 -1
10 -4 -1 MH-F1W 10 1 1 0 326 -1
10 -3 -10 ML-R3W 8 4 0 2 241 -1
10 -3 -9 ML-F3W 7 4 0 2 241 -1
10 -3 -8 ML-F3W 6 4 0 2 241 -1
10 -3 -7 ML-F3W 5 4 0 2 241 -1
10 -3 -6 ML-F2W 11 2 0 1 241 -1
10 -3 -5 MH-F2W 5 3 1 1 206 -1
10 -3 -4 MH-F1W 1 2 0 1 241 -1
10 -3 -3 MH-F1W 6 1 1 0 326 -1
10 -3 -2 MH-F1W 9 4 0 2 289 -1
10 -3 -1 MH-F1W 9 1 1 0 326 -1
10 -2 -9 ML-F3W 7 3 1 1 242 -1
10 -2 -8 ML-F3W 6 3 1 1 242 -1
10 -2 -7 ML-F3W 5 3 1 1 242 -1
10 -2 -6 ML-F2W 4 3 1 1 242 -1
10 -2 -5 MH-F2W 10 1 1 0 242 -1
10 -2 -4 MH-F1W 4 3 1 1 206 -1
10 -2 -3 MH-F1W 0 2 0 1 241 -1
10 -2 -2 MH-B1W 5 1 1 0 326 -1
10 -2 -1 MH-R1W 8 1 1 0 326 -1
10 -1 -9 ML-53W 11 3 1 1 242 -1
10 -1 -8 ML-F3W 10 3 1 1 242 -1
10 -1 -7 ML-F3W 9 3 1 1 242 -1
10 -1 -6 ML-F3W 8 3 1 1 242 -1
10 -1 -5 MH-F2W 9 1 1 0 242 -1
10 -1 -4 MH-F1W 8 1 1 0 242 -1
10 -1 -3 MH-F1W 3 3 1 1 206 -1
10 -1 -2 MH-R1W 11 1 1 0 242 -1
10 0 -9 ML-T3W 4 4 0 2 241 -1
10 0 -8 ML-F3W 3 4 0 2 241 -1
10 0 -7 ML-F3W 2 4 0 2 241 -1
10 0 -6 ML-F3W 1 4 0 2 241 -1
10 0 -5 ML-F2W 0 4 0 2 241 -1
10 0 -4 MH-F2W 7 1 1 0 242 -1
10 0 -3 MH-F1W 6 1 1 0 242 -1
10 0 -2 MH-B1W 5 1 1 0 242 -1
10 1 -8 ML-53W 7 6 2 0 507 -1
10 1 -7 ML-F3W 6 6 2 0 507 -1
10 1 -6 ML-F3W 5 6 2 0 507 -1
10 1 -5 ML-F3W 4 6 2 0 507 -1
10 1 -4 MH-F2W 11 1 1 0 518 -1
10 1 -3 MH-F1W 10 1 1 0 518 -1
10 1 -2 MH-F1W 9 1 1 0 518 -1
10 1 -1 MH-R1W 8 1 1 0 518 -1
10 1 2 MH-R1W 8 1 1 0 134 -1
10 1 3 MH-F1W 9 1 1 0 134 -1
10 1 4 MH-F1W 10 1 1 0 134 -1
10 1 5 MH-F2W 11 1 1 0 134 -1
10 1 6 ML-F3W 4 6 2 0 123 -1
10 1 7 ML-F3W 5 6 2 0 123 -1
10 1 8 ML-F3W 6 6 2 0 123 -1
10 1 9 ML-53W 7 6 2 0 123 -1
10 2 -7 ML-F3W 11 6 2 0 507 -1
10 2 -6 ML-F3W 10 6 2 0 507 -1
10 2 -5 ML-F3W 9 6 2 0 507 -1
10 2 -4 ML-F2W 8 6 2 0 507 -1
10 2 -3 MH-F2W 11 4 0 2 481 -1
10 2 -2 MH-F1W 10 4 0 2 481 -1
10 2 -1 MH-F1W 9 4 0 2 481 -1
10 2 0 MH-B1W 5 1 1 0 50 -1
10 2 0 MH-B1W 5 1 1 0 518 -1
10 2 1 MH-R1W 11 1 1 0 50 -1
10 2 1 MH-R1W 11 1 1 0 434 -1
10 2 2 MH-B1W 5 1 1 0 434 -1
10 2 2 MH-B1W 5 1 1 0 134 -1
10 2 3 MH-F1W 9 4 0 2 97 -1
10 2 4 MH-F1W 10 4 0 2 97 -1
10 2 5 MH-F2W 11 4 0 2 97 -1
10 2 6 ML-F2W 8 6 2 0 123 -1
10 2 7 ML-F3W 9 6 2 0 123 -1
10 2 8 ML-F3W 10 6 2 0 123 -1
10 2 9 ML-F3W 11 6 2 0 123 -1
10 3 -7 ML-L3W 4 7 2 1 507 -1
10 3 -6 ML-F3W 3 7 2 1 507 -1
10 3 -5 ML-F3W 2 7 2 1 507 -1
10 3 -4 ML-F3W 1 7 2 1 507 -1
10 3 -3 ML-F2W 0 7 2 1 507 -1
10 3 -2 MH-F2W 2 6 2 0 507 -1
10 3 -1 MH-F1W 1 6 2 0 507 -1
10 3 0 MH-F1W 6 1 1 0 50 -1
10 3 0 MH-F1W 6 1 1 0 518 -1
10 3 1 MH-F1W 3 3 1 1 14 -1
10 3 1 MH-F1W 0 2 0 1 433 -1
10 3 2 MH-F1W 3 3 1 1 398 -1
10 3 2 MH-F1W 0 2 0 1 49 -1
10 3 3 MH-F1W 6 1 1 0 434 -1
10 3 3 MH-F1W 6 1 1 0 134 -1
10 3 4 MH-F1W 1 6 2 0 123 -1
10 3 5 MH-F2W 2 6 2 0 123 -1
10 3 6 ML-F2W 0 7 2 1 123 -1
10 3 7 ML-F3W 1 7 2 1 123 -1
10 3 8 ML-F3W 2 7 2 1 123 -1
10 3 9 ML-F3W 3 7 2 1 123 -1
10 3 10 ML-L3W 4 7 2 1 123 -1
10 4 -6 ML-L3W 2 5 1 2 482 -1
10 4 -5 ML-F3W 1 5 1 2 482 -1
10 4 -4 ML-F3W 0 5 1 2 482 -1
10 4 -3 ML-F3W 5 2 0 1 517 -1
10 4 -2 ML-F2W 5 7 2 1 507 -1
10 4 -1 MH-F2W 3 6 2 0 507 -1
10 4 0 MH-F2W 7 1 1 0 50 -1
10 4 0 MH-F2W 7 1 1 0 518 -1
10 4 1 MH-F1W 8 1 1 0 50 -1
10 4 1 MH-F1W 1 2 0 1 433 -1
10 4 2 MH-F1W 4 3 1 1 14 -1
10 4 2 MH-F1W 4 3 1 1 398 -1
10 4 3 MH-F1W 8 1 1 0 434 -1
10 4 3 MH-F1W 1 2 0 1 49 -1
10 4 4 MH-F2W 7 1 1 0 434 -1
10 4 4 MH-F2W 7 1 1 0 134 -1
10 4 5 MH-F2W 3 6 2 0 123 -1
10 4 6 ML-F2W 5 7 2 1 123 -1
10 4 7 ML-F3W 5 2 0 1 133 -1
10 4 8 ML-F3W 0 5 1 2 98 -1
10 4 9 ML-F3W 1 5 1 2 98 -1
10 4 10 ML-L3W 2 5 1 2 98 -1
10 5 -5 ML-L3W 4 5 1 2 482 -1
10 5 -4 ML-F3W 3 5 1 2 482 -1
10 5 -3 ML-F3W 6 2 0 1 517 -1
10 5 -2 ML-F3W 6 7 2 1 507 -1
10 5 -1 ML-F3W 9 7 2 1 507 -1
10 5 0 ML-F2W 0 4 0 2 49 -1
10 5 0 ML-F2W 0 2 0 1 517 -1
10 5 1 MH-F2W 9 1 1 0 50 -1
10 5 1 MH-F2W 2 2 0 1 433 -1
10 5 2 MH-F2W 5 3 1 1 398 -1
10 5 2 MH-F2W 10 1 1 0 50 -1
10 5 3 MH-F2W 5 3 1 1 14 -1
10 5 3 MH-F2W 10 1 1 0 434 -1
10 5 4 MH-F2W 9 1 1 0 434 -1
10 5 4 MH-F2W 2 2 0 1 49 -1
10 5 5 ML-F2W 0 4 0 2 433 -1
10 5 5 ML-F2W 0 2 0 1 133 -1
10 5 6 ML-F3W 9 7 2 1 123 -1
10 5 7 ML-F3W 6 7 2 1 123 -1
10 5 8 ML-F3W 6 2 0 1 133 -1
10 5 9 ML-F3W 3 5 1 2 98 -1
10 5 10 ML-L3W 4 5 1 2 98 -1
10 6 -4 ML-R3W 5 5 1 2 482 -1
10 6 -3 ML-F3W 7 2 0 1 517 -1
10 6 -2 ML-F3W 7 7 2 1 507 -1
10 6 -1 ML-F3W 10 7 2 1 507 -1
10 6 0 ML-F3W 1 4 0 2 49 -1
10 6 0 ML-F3W 1 2 0 1 517 -1
10 6 1 ML-F3W 3 2 0 1 433 -1
10 6 1 ML-F3W 8 3 1 1 50 -1
10 6 2 ML-F2W 7 2 0 1 433 -1
10 6 2 ML-F2W 4 3 1 1 50 -1
10 6 3 ML-F2W 11 2 0 1 49 -1
10 6 3 ML-F2W 11 2 0 1 433 -1
10 6 4 ML-F2W 7 2 0 1 49 -1
10 6 4 ML-F2W 4 3 1 1 434 -1
10 6 5 ML-F3W 3 2 0 1 49 -1
10 6 5 ML-F3W 8 3 1 1 434 -1
10 6 6 ML-F3W 1 4 0 2 433 -1
10 6 6 ML-F3W 1 2 0 1 133 -1
10 6 7 ML-F3W 10 7 2 1 123 -1
10 6 8 ML-F3W 7 7 2 1 123 -1
10 6 9 ML-F3W 7 2 0 1 133 -1
10 6 10 ML-R3W 5 5 1 2 98 -1
10 7 -3 ML-R3W 8 2 0 1 517 -1
10 7 -2 ML-F3W 8 7 2 1 507 -1
10 7 -1 ML-F3W 11 7 2 1 507 -1
10 7 0 ML-F3W 2 4 0 2 49 -1
10 7 0 ML-F3W 2 2 0 1 517 -1
10 7 1 ML-F3W 4 2 0 1 433 -1
10 7 1 ML-F3W 9 3 1 1 50 -1
10 7 2 ML-F3W 8 2 0 1 433 -1
10 7 2 ML-F3W 5 3 1 1 50 -1
10 7 3 ML-F3W 0 3 1 1 434 -1
10 7 3 ML-F3W 5 4 0 2 49 -1
10 7 4 ML-F3W 0 3 1 1 50 -1
10 7 4 ML-F3W 5 4 0 2 433 -1
10 7 5 ML-F3W 8 2 0 1 49 -1
10 7 5 ML-F3W 5 3 1 1 434 -1
10 7 6 ML-F3W 4 2 0 1 49 -1
10 7 6 ML-F3W 9 3 1 1 434 -1
10 7 7 ML-F3W 2 4 0 2 433 -1
10 7 7 ML-F3W 2 2 0 1 133 -1
10 7 8 ML-F3W 11 7 2 1 123 -1
10 7 9 ML-F3W 8 7 2 1 123 -1
10 7 10 ML-R3W 8 2 0 1 133 -1
10 8 -1 ML-53W 0 8 2 2 507 -1
10 8 0 ML-F3W 3 4 0 2 49 -1
10 8 0 ML-F3W 3 2 0 1 517 -1
10 8 1 ML-F3W 5 2 0 1 433 -1
10 8 1 ML-F3W 10 3 1 1 50 -1
10 8 2 ML-F3W 9 2 0 1 433 -1
10 8 2 ML-F3W 6 3 1 1 50 -1
10 8 3 ML-F3W 1 3 1 1 434 -1
10 8 3 ML-F3W 6 4 0 2 49 -1
10 8 4 ML-F3W 6 3 1 1 14 -1
10 8 4 ML-F3W 6 3 1 1 398 -1
10 8 5 ML-F3W 1 3 1 1 50 -1
10 8 5 ML-F3W 6 4 0 2 433 -1
10 8 6 ML-F3W 9 2 0 1 49 -1
10 8 6 ML-F3W 6 3 1 1 434 -1
10 8 7 ML-F3W 5 2 0 1 49 -1
10 8 7 ML-F3W 10 3 1 1 434 -1
10 8 8 ML-F3W 3 4 0 2 433 -1
10 8 8 ML-F3W 3 2 0 1 133 -1
10 8 9 ML-53W 0 8 2 2 123 -1
10 9 0 ML-T3W 4 4 0 2 49 -1
10 9 0 ML-T3W 4 2 0 1 517 -1
10 9 1 ML-53W 6 2 0 1 433 -1
10 9 1 ML-53W 11 3 1 1 50 -1
10 9 2 ML-F3W 10 2 0 1 433 -1
10 9 2 ML-F3W 7 3 1 1 50 -1
10 9 3 ML-F3W 2 3 1 1 434 -1
10 9 3 ML-F3W 7 4 0 2 49 -1
10 9 4 ML-F3W 7 3 1 1 14 -1
10 9 4 ML-F3W 8 3 1 1 398 -1
10 9 5 ML-F3W 7 3 1 1 398 -1
10 9 5 ML-F3W 8 3 1 1 14 -1
10 9 6 ML-F3W 2 3 1 1 50 -1
10 9 6 ML-F3W 7 4 0 2 433 -1
10 9 7 ML-F3W 10 2 0 1 49 -1
10 9 7 ML-F3W 7 3 1 1 434 -1
10 9 8 ML-53W 6 2 0 1 49 -1
10 9 8 ML-53W 11 3 1 1 434 -1
10 9 9 ML-T3W 4 4 0 2 433 -1
10 9 9 ML-T3W 4 2 0 1 133 -1
10 10 3 ML-L3W 3 3 1 1 434 -1
10 10 3 ML-R3W 8 4 0 2 49 -1
10 10 4 ML-R3W 9 3 1 1 14 -1
10 10 4 ML-L3W 11 3 1 1 398 -1
10 10 5 ML-L3W 10 3 1 1 14 -1
10 10 5 ML-L3W 10 3 1 1 398 -1
10 10 6 ML-R3W 9 3 1 1 398 -1
10 10 6 ML-L3W 11 3 1 1 14 -1
10 10 7 ML-L3W 3 3 1 1 50 -1
10 10 7 ML-R3W 8 4 0 2 433 -1
11 -10 -8 ML-T3W 11 5 1 2 266 -1
11 -10 -7 ML-53W 2 6 2 0 267 -1
11 -10 -6 ML-F3W 9 8 2 2 315 -1
11 -10 -5 ML-L3W 10 8 2 2 315 -1
11 -10 -4 ML-F3W 6 9 0 3 277 -1
11 -10 -3 ML-53W 3 9 0 3 277 -1
11 -10 -2 ML-B3W 7 6 2 0 267 -1
11 -9 -9 ML-B3W 7 4 0 2 397 -1
11 -9 -8 ML-F3W 6 5 1 2 266 -1
11 -9 -7 ML-F3W 10 5 1 2 266 -1
11 -9 -6 ML-F3W 1 6 2 0 267 -1
11 -9 -5 ML-F3W 8 8 2 2 315 -1
11 -9 -4 ML-F3W 5 9 0 3 277 -1
11 -9 -3 ML-F3W 2 9 0 3 277 -1
11 -9 -2 ML-F3W 6 6 2 0 267 -1
11 -9 -1 ML-F3W 11 6 2 0 267 -1
11 -9 0 ML-B3W 11 8 2 2 279 -1
11 -8 -10 ML-B3W 11 11 3 0 388 -1
11 -8 -9 ML-F3W 3 12 3 1 388 -1
11 -8 -8 ML-F3W 6 4 0 2 397 -1
11 -8 -7 ML-F3W 5 5 1 2 266 -1
11 -8 -6 ML-F3W 9 5 1 2 266 -1
11 -8 -5 ML-F3W 0 6 2 0 267 -1
11 -8 -4 ML-F3W 4 9 0 3 277 -1
11 -8 -3 ML-F3W 1 9 0 3 277 -1
11 -8 -2 ML-F3W 5 6 2 0 267 -1
11 -8 -1 ML-F3W 10 6 2 0 267 -1
11 -8 0 ML-F3W 10 8 2 2 279 -1
11 -8 1 ML-F3W 10 10 1 3 194 -1
11 -8 2 ML-T3W 3 11 3 0 196 -1
11 -7 -10 ML-53W 11 4 0 2 397 -1
11 -7 -9 ML-F3W 10 11 3 0 388 -1
11 -7 -8 ML-F3W 2 12 3 1 388 -1
11 -7 -7 ML-F3W 5 4 0 2 397 -1
11 -7 -6 ML-F3W 4 5 1 2 266 -1
11 -7 -5 ML-F3W 8 5 1 2 266 -1
11 -7 -4 ML-F3W 8 9 0 3 277 -1
11 -7 -3 ML-F3W 0 9 0 3 277 -1
11 -7 -2 ML-F3W 4 6 2 0 267 -1
11 -7 -1 ML-F3W 9 6 2 0 267 -1
11 -7 0 ML-F3W 9 8 2 2 279 -1
11 -7 1 ML-F3W 9 10 1 3 194 -1
11 -7 2 ML-F3W 2 11 3 0 196 -1
11 -7 3 ML-53W 6 11 3 0 196 -1
11 -6 -10 ML-F3W 2 5 1 2 398 -1
11 -6 -9 ML-F3W 10 4 0 2 397 -1
11 -6 -8 ML-F3W 9 11 3 0 388 -1
11 -6 -7 ML-F3W 1 12 3 1 388 -1
11 -6 -6 ML-F3W 4 4 0 2 397 -1
11 -6 -5 ML-F3W 3 5 1 2 266 -1
11 -6 -4 ML-F2W 7 5 1 2 266 -1
11 -6 -3 ML-F2W 7 9 0 3 277 -1
11 -6 -2 ML-F2W 3 6 2 0 267 -1
11 -6 -1 ML-F3W 8 6 2 0 267 -1
11 -6 0 ML-F3W 8 8 2 2 279 -1
11 -6 1 ML-F3W 8 10 1 3 194 -1
11 -6 2 ML-F3W 1 11 3 0 196 -1
11 -6 3 ML-F3W 5 11 3 0 196 -1
11 -6 4 ML-F3W 1 9 0 3 229 -1
11 -5 -10 ML-L3W 0 9 0 3 421 -1
11 -5 -9 ML-F3W 1 5 1 2 398 -1
11 -5 -8 ML-F3W 9 4 0 2 397 -1
11 -5 -7 ML-F3W 8 11 3 0 388 -1
11 -5 -6 ML-F3W 0 12 3 1 388 -1
11 -5 -5 ML-F2W 3 4 0 2 397 -1
11 -5 -4 MH-F2W 7 8 2 2 315 -1
11 -5 -3 MH-F2W 1 5 1 2 266 -1
11 -5 -2 MH-F2W 2 5 1 2 266 -1
11 -5 -1 MH-F2W 4 8 2 2 315 -1
11 -5 0 ML-F2W 7 8 2 2 279 -1
11 -5 1 ML-F3W 7 10 1 3 194 -1
11 -5 2 ML-F3W 0 11 3 0 196 -1
11 -5 3 ML-F3W 4 11 3 0 196 -1
11 -5 4 ML-F3W 11 8 2 2 231 -1
11 -5 5 ML-L3W 0 9 0 3 229 -1
11 -4 -10 ML-F3W 1 9 0 3 421 -1
11 -4 -9 ML-F3W 11 8 2 2 423 -1
11 -4 -8 ML-F3W 0 5 1 2 398 -1
11 -4 -7 ML-F3W 8 4 0 2 397 -1
11 -4 -6 ML-F2W 7 11 3 0 388 -1
11 -4 -5 MH-F2W 7 8 2 2 423 -1
11 -4 -4 MH-F2W 2 4 0 2 397 -1
11 -4 -3 MH-F1W 6 8 2 2 315 -1
11 -4 -2 MH-F1W 0 5 1 2 266 -1
11 -4 -1 MH-F1W 3 8 2 2 315 -1
11 -4 0 MH-F2W 6 8 2 2 279 -1
11 -4 1 MH-F2W 10 8 2 2 231 -1
11 -4 2 ML-F2W 11 10 1 3 194 -1
11 -4 3 ML-F3W 4 5 1 2 206 -1
11 -4 4 ML-F3W 0 5 1 2 206 -1
11 -4 5 ML-F3W 1 5 1 2 206 -1
11 -4 6 ML-F3W 2 5 1 2 206 -1
11 -3 -10 ML-53W 6 11 3 0 388 -1
11 -3 -9 ML-F3W 5 11 3 0 388 -1
11 -3 -8 ML-F3W 4 11 3 0 388 -1
11 -3 -7 ML-F3W 4 5 1 2 398 -1
11 -3 -6 ML-F2W 3 5 1 2 398 -1
11 -3 -5 MH-F2W 5 10 1 3 386 -1
11 -3 -4 MH-F1W 6 8 2 2 423 -1
11 -3 -3 MH-F1W 1 4 0 2 397 -1
11 -3 -2 MH-F1W 5 8 2 2 315 -1
11 -3 -1 MH-F1W 2 8 2 2 315 -1
11 -3 0 MH-F1W 5 8 2 2 279 -1
11 -3 1 MH-F1W 9 8 2 2 231 -1
11 -3 2 MH-F2W 6 10 1 3 194 -1
11 -3 3 ML-F2W 3 5 1 2 206 -1
11 -3 4 ML-F3W 8 4 0 2 205 -1
11 -3 5 ML-F3W 9 4 0 2 205 -1
11 -3 6 ML-F3W 10 4 0 2 205 -1
11 -3 7 ML-53W 11 4 0 2 205 -1
11 -2 -10 ML-T3W 3 11 3 0 388 -1
11 -2 -9 ML-F3W 2 11 3 0 388 -1
11 -2 -8 ML-F3W 1 11 3 0 388 -1
11 -2 -7 ML-F3W 0 11 3 0 388 -1
11 -2 -6 ML-F2W 11 10 1 3 386 -1
11 -2 -5 MH-F2W 6 10 1 3 386 -1
11 -2 -4 MH-F1W 4 10 1 3 386 -1
11 -2 -3 MH-F1W 5 8 2 2 423 -1
11 -2 -2 MH-B1W 0 4 0 2 397 -1
11 -2 -1 MH-L1W 1 8 2 2 315 -1
11 -2 0 MH-B1W 4 8 2 2 279 -1
11 -2 1 MH-F1W 8 8 2 2 231 -1
11 -2 2 MH-F1W 4 10 1 3 194 -1
11 -2 3 MH-F2W 5 10 1 3 194 -1
11 -2 4 ML-F2W 7 11 3 0 196 -1
11 -2 5 ML-F3W 8 11 3 0 196 -1
11 -2 6 ML-F3W 9 11 3 0 196 -1
11 -2 7 ML-F3W 10 11 3 0 196 -1
11 -2 8 ML-B3W 11 11 3 0 196 -1
11 -1 -9 ML-F3W 10 10 1 3 386 -1
11 -1 -8 ML-F3W 9 10 1 3 386 -1
11 -1 -7 ML-F3W 8 10 1 3 386 -1
11 -1 -6 ML-F3W 7 10 1 3 386 -1
11 -1 -5 MH-F2W 10 8 2 2 423 -1
11 -1 -4 MH-F1W 9 8 2 2 423 -1
11 -1 -3 MH-F1W 8 8 2 2 423 -1
11 -1 -2 MH-L1W 4 8 2 2 423 -1
11 -1 1 MH-L1W 4 8 2 2 231 -1
11 -1 2 MH-F1W 5 8 2 2 231 -1
11 -1 3 MH-F1W 6 8 2 2 231 -1
11 -1 4 MH-F2W 7 8 2 2 231 -1
11 -1 5 ML-F3W 0 12 3 1 196 -1
11 -1 6 ML-F3W 1 12 3 1 196 -1
11 -1 7 ML-F3W 2 12 3 1 196 -1
11 -1 8 ML-F3W 3 12 3 1 196 -1
11 0 -9 ML-B3W 11 8 2 2 471 -1
11 0 -8 ML-F3W 10 8 2 2 471 -1
11 0 -7 ML-F3W 9 8 2 2 471 -1
11 0 -6 ML-F3W 8 8 2 2 471 -1
11 0 -5 ML-F2W 7 8 2 2 471 -1
11 0 -4 MH-F2W 6 8 2 2 471 -1
11 0 -3 MH-F1W 5 8 2 2 471 -1
11 0 -2 MH-B1W 4 8 2 2 471 -1
11 0 2 MH-B1W 0 4 0 2 205 -1
11 0 3 MH-F1W 1 4 0 2 205 -1
11 0 4 MH-F2W 2 4 0 2 205 -1
11 0 5 ML-F2W 3 4 0 2 205 -1
11 0 6 ML-F3W 4 4 0 2 205 -1
11 0 7 ML-F3W 5 4 0 2 205 -1
11 0 8 ML-F3W 6 4 0 2 205 -1
11 0 9 ML-B3W 7 4 0 2 205 -1
11 1 -8 ML-F3W 11 6 2 0 459 -1
11 1 -7 ML-F3W 10 6 2 0 459 -1
11 1 -6 ML-F3W 9 6 2 0 459 -1
11 1 -5 ML-F3W 8 6 2 0 459 -1
11 1 -4 MH-F2W 4 8 2 2 507 -1
11 1 -3 MH-F1W 3 8 2 2 507 -1
11 1 -2 MH-F1W 2 8 2 2 507 -1
11 1 -1 MH-L1W 1 8 2 2 507 -1
11 1 2 MH-L1W 1 8 2 2 123 -1
11 1 3 MH-F1W 5 8 2 2 123 -1
11 1 4 MH-F1W 6 8 2 2 123 -1
11 1 5 MH-F2W 7 8 2 2 123 -1
11 1 6 ML-F3W 3 5 1 2 74 -1
11 1 7 ML-F3W 4 5 1 2 74 -1
11 1 8 ML-F3W 5 5 1 2 74 -1
11 1 9 ML-F3W 6 5 1 2 74 -1
11 2 -8 ML-B3W 7 6 2 0 459 -1
11 2 -7 ML-F3W 6 6 2 0 459 -1
11 2 -6 ML-F3W 5 6 2 0 459 -1
11 2 -5 ML-F3W 4 6 2 0 459 -1
11 2 -4 ML-F2W 3 6 2 0 459 -1
11 2 -3 MH-F2W 2 5 1 2 458 -1
11 2 -2 MH-F1W 0 5 1 2 458 -1
11 2 -1 MH-F1W 5 8 2 2 507 -1
11 2 0 MH-B1W 0 4 0 2 13 -1
11 2 1 MH-L1W 4 8 2 2 39 -1
11 2 2 MH-B1W 4 8 2 2 87 -1
11 2 3 MH-F1W 2 8 2 2 123 -1
11 2 4 MH-F1W 0 5 1 2 74 -1
11 2 5 MH-F2W 1 5 1 2 74 -1
11 2 6 ML-F2W 7 5 1 2 74 -1
11 2 7 ML-F3W 8 5 1 2 74 -1
11 2 8 ML-F3W 9 5 1 2 74 -1
11 2 9 ML-F3W 10 5 1 2 74 -1
11 2 10 ML-T3W 11 5 1 2 74 -1
11 3 -7 ML-53W 3 9 0 3 469 -1
11 3 -6 ML-F3W 2 9 0 3 469 -1
11 3 -5 ML-F3W 1 9 0 3 469 -1
11 3 -4 ML-F3W 0 9 0 3 469 -1
11 3 -3 ML-F2W 7 9 0 3 469 -1
11 3 -2 MH-F2W 1 5 1 2 458 -1
11 3 -1 MH-F1W 6 8 2 2 507 -1
11 3 0 MH-F1W 1 4 0 2 13 -1
11 3 1 MH-F1W 5 8 2 2 39 -1
11 3 2 MH-F1W 8 8 2 2 39 -1
11 3 3 MH-F1W 5 8 2 2 87 -1
11 3 4 MH-F1W 3 8 2 2 123 -1
11 3 5 MH-F2W 2 5 1 2 74 -1
11 3 6 ML-F2W 7 9 0 3 85 -1
11 3 7 ML-F3W 8 9 0 3 85 -1
11 3 8 ML-F3W 0 6 2 0 75 -1
11 3 9 ML-F3W 1 6 2 0 75 -1
11 3 10 ML-53W 2 6 2 0 75 -1
11 4 -6 ML-F3W 6 9 0 3 469 -1
11 4 -5 ML-F3W 5 9 0 3 469 -1
11 4 -4 ML-F3W 4 9 0 3 469 -1
11 4 -3 ML-F3W 8 9 0 3 469 -1
11 4 -2 ML-F2W 7 5 1 2 458 -1
11 4 -1 MH-F2W 7 8 2 2 507 -1
11 4 0 MH-F2W 2 4 0 2 13 -1
11 4 1 MH-F1W 6 8 2 2 39 -1
11 4 2 MH-F1W 4 10 1 3 2 -1
11 4 3 MH-F1W 9 8 2 2 39 -1
11 4 4 MH-F2W 6 8 2 2 87 -1
11 4 5 MH-F2W 4 8 2 2 123 -1
11 4 6 ML-F2W 3 6 2 0 75 -1
11 4 7 ML-F3W 0 9 0 3 85 -1
11 4 8 ML-F3W 4 9 0 3 85 -1
11 4 9 ML-F3W 8 8 2 2 123 -1
11 4 10 ML-F3W 9 8 2 2 123 -1
11 5 -5 ML-L3W 10 8 2 2 507 -1
11 5 -4 ML-F3W 8 8 2 2 507 -1
11 5 -3 ML-F3W 0 6 2 0 459 -1
11 5 -2 ML-F3W 8 5 1 2 458 -1
11 5 -1 ML-F3W 3 5 1 2 458 -1
11 5 0 ML-F2W 3 4 0 2 13 -1
11 5 1 MH-F2W 7 8 2 2 39 -1
11 5 2 MH-F2W 5 10 1 3 2 -1
11 5 3 MH-F2W 6 10 1 3 2 -1
11 5 4 MH-F2W 10 8 2 2 39 -1
11 5 5 ML-F2W 7 8 2 2 87 -1
11 5 6 ML-F3W 8 6 2 0 75 -1
11 5 7 ML-F3W 4 6 2 0 75 -1
11 5 8 ML-F3W 1 9 0 3 85 -1
11 5 9 ML-F3W 5 9 0 3 85 -1
11 5 10 ML-L3W 10 8 2 2 123 -1
11 6 -4 ML-F3W 9 8 2 2 507 -1
11 6 -3 ML-F3W 1 6 2 0 459 -1
11 6 -2 ML-F3W 9 5 1 2 458 -1
11 6 -1 ML-F3W 4 5 1 2 458 -1
11 6 0 ML-F3W 4 4 0 2 13 -1
11 6 1 ML-F3W 0 12 3 1 4 -1
11 6 2 ML-F2W 7 11 3 0 4 -1
11 6 3 ML-F2W 3 5 1 2 14 -1
11 6 4 ML-F2W 11 10 1 3 2 -1
11 6 5 ML-F3W 7 10 1 3 2 -1
11 6 6 ML-F3W 8 8 2 2 87 -1
11 6 7 ML-F3W 9 6 2 0 75 -1
11 6 8 ML-F3W 5 6 2 0 75 -1
11 6 9 ML-F3W 2 9 0 3 85 -1
11 6 10 ML-F3W 6 9 0 3 85 -1
11 7 -3 ML-53W 2 6 2 0 459 -1
11 7 -2 ML-F3W 10 5 1 2 458 -1
11 7 -1 ML-F3W 5 5 1 2 458 -1
11 7 0 ML-F3W 5 4 0 2 13 -1
11 7 1 ML-F3W 1 12 3 1 4 -1
11 7 2 ML-F3W 8 11 3 0 4 -1
11 7 3 ML-F3W 8 4 0 2 13 -1
11 7 4 ML-F3W 4 5 1 2 14 -1
11 7 5 ML-F3W 0 11 3 0 4 -1
11 7 6 ML-F3W 8 10 1 3 2 -1
11 7 7 ML-F3W 9 8 2 2 87 -1
11 7 8 ML-F3W 10 6 2 0 75 -1
11 7 9 ML-F3W 6 6 2 0 75 -1
11 7 10 ML-53W 3 9 0 3 85 -1
11 8 -2 ML-T3W 11 5 1 2 458 -1
11 8 -1 ML-F3W 6 5 1 2 458 -1
11 8 0 ML-F3W 6 4 0 2 13 -1
11 8 1 ML-F3W 2 12 3 1 4 -1
11 8 2 ML-F3W 9 11 3 0 4 -1
11 8 3 ML-F3W 9 4 0 2 13 -1
11 8 4 ML-F3W 0 5 1 2 14 -1
11 8 5 ML-F3W 4 11 3 0 4 -1
11 8 6 ML-F3W 1 11 3 0 4 -1
11 8 7 ML-F3W 9 10 1 3 2 -1
11 8 8 ML-F3W 10 8 2 2 87 -1
11 8 9 ML-F3W 11 6 2 0 75 -1
11 8 10 ML-B3W 7 6 2 0 75 -1
11 9 0 ML-B3W 7 4 0 2 13 -1
11 9 1 ML-F3W 3 12 3 1 4 -1
11 9 2 ML-F3W 10 11 3 0 4 -1
11 9 3 ML-F3W 10 4 0 2 13 -1
11 9 4 ML-F3W 1 5 1 2 14 -1
11 9 5 ML-F3W 11 8 2 2 39 -1
11 9 6 ML-F3W 5 11 3 0 4 -1
11 9 7 ML-F3W 2 11 3 0 4 -1
11 9 8 ML-F3W 10 10 1 3 2 -1
11 9 9 ML-B3W 11 8 2 2 87 -1
11 10 2 ML-B3W 11 11 3 0 4 -1
11 10 3 ML-53W 11 4 0 2 13 -1
11 10 4 ML-F3W 2 5 1 2 14 -1
11 10 5 ML-L3W 0 9 0 3 37 -1
11 10 6 ML-F3W 1 9 0 3 37 -1
11 10 7 ML-53W 6 11 3 0 4 -1
11 10 8 ML-T3W 3 11 3 0 4 -1
12 -10 -7 ML-T3W 5 6 2 0 291 -1
12 -10 -6 ML-53W 11 6 2 0 291 -1
12 -10 -5 ML-R3W 10 6 2 0 291 -1
12 -10 -4 ML-53W 8 6 2 0 291 -1
12 -10 -3 ML-B3W 4 11 3 0 280 -1
12 -9 -9 ML-T3W 1 6 2 0 291 -1
12 -9 -8 ML-53W 0 12 3 1 280 -1
12 -9 -7 ML-F3W 8 11 3 0 280 -1
12 -9 -6 ML-F3W 4 6 2 0 291 -1
12 -9 -5 ML-F3W 9 6 2 0 291 -1
12 -9 -4 ML-F3W 7 6 2 0 291 -1
12 -9 -3 ML-F3W 3 11 3 0 280 -1
12 -9 -2 ML-F3W 11 10 1 3 278 -1
12 -9 -1 ML-53W 7 10 1 3 278 -1
12 -8 -9 ML-53W 2 13 3 2 196 -1
12 -8 -8 ML-F3W 0 6 2 0 291 -1
12 -8 -7 ML-F3W 11 11 3 0 280 -1
12 -8 -6 ML-F3W 7 11 3 0 280 -1
12 -8 -5 ML-F3W 3 6 2 0 291 -1
12 -8 -4 ML-F3W 6 6 2 0 291 -1
12 -8 -3 ML-F3W 2 11 3 0 280 -1
12 -8 -2 ML-F3W 10 10 1 3 278 -1
12 -8 -1 ML-F3W 6 10 1 3 278 -1
12 -7 -10 ML-B3W 11 13 3 2 196 -1
12 -7 -9 ML-F3W 6 13 3 2 196 -1
12 -7 -8 ML-F3W 1 13 3 2 196 -1
12 -7 -7 ML-F3W 11 5 1 2 290 -1
12 -7 -6 ML-F3W 10 11 3 0 280 -1
12 -7 -5 ML-F3W 6 11 3 0 280 -1
12 -7 -4 ML-F3W 2 6 2 0 291 -1
12 -7 -3 ML-F3W 1 11 3 0 280 -1
12 -7 -2 ML-F3W 9 10 1 3 278 -1
12 -7 -1 ML-F3W 5 10 1 3 278 -1
12 -6 -10 ML-53W 10 6 2 0 207 -1
12 -6 -9 ML-F3W 10 13 3 2 196 -1
12 -6 -8 ML-F3W 5 13 3 2 196 -1
12 -6 -7 ML-F3W 0 13 3 2 196 -1
12 -6 -6 ML-F3W 10 5 1 2 290 -1
12 -6 -5 ML-F3W 9 11 3 0 280 -1
12 -6 -4 ML-F2W 5 11 3 0 280 -1
12 -6 -3 ML-F2W 0 11 3 0 280 -1
12 -6 -2 ML-F2W 8 10 1 3 278 -1
12 -6 -1 ML-F3W 4 10 1 3 278 -1
12 -5 -10 ML-R3W 9 6 2 0 207 -1
12 -5 -9 ML-F3W 7 6 2 0 207 -1
12 -5 -8 ML-F3W 9 13 3 2 196 -1
12 -5 -7 ML-F3W 4 13 3 2 196 -1
12 -5 -6 ML-F3W 11 12 3 1 196 -1
12 -5 -5 ML-F2W 9 5 1 2 290 -1
12 -5 -4 MH-F2W 2 7 2 1 291 -1
12 -5 -3 MH-F2W 3 10 1 3 278 -1
12 -5 -2 MH-F2W 2 10 1 3 278 -1
12 -5 -1 MH-F2W 0 10 1 3 278 -1
12 -4 -10 ML-53W 8 6 2 0 207 -1
12 -4 -9 ML-F3W 6 6 2 0 207 -1
12 -4 -8 ML-F3W 5 6 2 0 207 -1
12 -4 -7 ML-F3W 8 13 3 2 196 -1
12 -4 -6 ML-F2W 3 13 3 2 196 -1
12 -4 -5 MH-F2W 7 12 3 1 196 -1
12 -4 -4 MH-F2W 8 5 1 2 290 -1
12 -4 -3 MH-F1W 1 7 2 1 291 -1
12 -4 -2 MH-F1W 1 10 1 3 278 -1
12 -4 -1 MH-F1W 11 9 0 3 277 -1
12 -3 -10 ML-T3W 4 6 2 0 207 -1
12 -3 -9 ML-F3W 3 6 2 0 207 -1
12 -3 -8 ML-F3W 2 6 2 0 207 -1
12 -3 -7 ML-F3W 1 6 2 0 207 -1
12 -3 -6 ML-F2W 7 13 3 2 196 -1
12 -3 -5 MH-F2W 10 12 3 1 196 -1
12 -3 -4 MH-F1W 6 12 3 1 196 -1
12 -3 -3 MH-F1W 7 5 1 2 290 -1
12 -3 -2 MH-F1W 0 7 2 1 291 -1
12 -3 -1 MH-F1W 10 9 0 3 277 -1
12 -2 -9 ML-F3W 3 14 2 3 195 -1
12 -2 -8 ML-F3W 2 14 2 3 195 -1
12 -2 -7 ML-F3W 1 14 2 3 195 -1
12 -2 -6 ML-F2W 0 14 2 3 195 -1
12 -2 -5 MH-F2W 9 12 3 1 196 -1
12 -2 -4 MH-F1W 8 12 3 1 196 -1
12 -2 -3 MH-F1W 5 12 3 1 196 -1
12 -2 -2 MH-B1W 6 5 1 2 290 -1
12 -2 -1 MH-R1W 9 9 0 3 277 -1
12 -1 -9 ML-53W 7 14 2 3 195 -1
12 -1 -8 ML-F3W 6 14 2 3 195 -1
12 -1 -7 ML-F3W 5 14 2 3 195 -1
12 -1 -6 ML-F3W 4 14 2 3 195 -1
12 -1 -5 MH-F2W 1 7 2 1 207 -1
12 -1 -4 MH-F1W 0 7 2 1 207 -1
12 -1 -3 MH-F1W 11 6 2 0 207 -1
12 -1 -2 MH-R1W 4 12 3 1 196 -1
12 0 -9 ML-T3W 0 6 2 0 207 -1
12 0 -8 ML-F3W 11 5 1 2 206 -1
12 0 -7 ML-F3W 10 5 1 2 206 -1
12 0 -6 ML-F3W 9 5 1 2 206 -1
12 0 -5 ML-F2W 8 5 1 2 206 -1
12 0 -4 MH-F2W 7 5 1 2 206 -1
12 0 -3 MH-F1W 6 5 1 2 206 -1
12 0 -2 MH-B1W 5 5 1 2 206 -1
12 1 -8 ML-53W 7 10 1 3 470 -1
12 1 -7 ML-F3W 6 10 1 3 470 -1
12 1 -6 ML-F3W 5 10 1 3 470 -1
12 1 -5 ML-F3W 4 10 1 3 470 -1
12 1 -4 MH-F2W 0 10 1 3 470 -1
12 1 -3 MH-F1W 11 9 0 3 469 -1
12 1 -2 MH-F1W 10 9 0 3 469 -1
12 1 -1 MH-R1W 9 9 0 3 469 -1
12 1 2 MH-R1W 9 9 0 3 85 -1
12 1 3 MH-F1W 10 9 0 3 85 -1
12 1 4 MH-F1W 11 9 0 3 85 -1
12 1 5 MH-F2W 0 10 1 3 86 -1
12 1 6 ML-F3W 4 10 1 3 86 -1
12 1 7 ML-F3W 5 10 1 3 86 -1
12 1 8 ML-F3W 6 10 1 3 86 -1
12 1 9 ML-53W 7 10 1 3 86 -1
12 2 -7 ML-F3W 11 10 1 3 470 -1
12 2 -6 ML-F3W 10 10 1 3 470 -1
12 2 -5 ML-F3W 9 10 1 3 470 -1
12 2 -4 ML-F2W 8 10 1 3 470 -1
12 2 -3 MH-F2W 2 10 1 3 470 -1
12 2 -2 MH-F1W 1 10 1 3 470 -1
12 2 -1 MH-F1W 0 7 2 1 483 -1
12 2 0 MH-B1W 5 5 1 2 14 -1
12 2 0 MH-B1W 6 5 1 2 482 -1
12 2 1 MH-R1W 4 12 3 1 4 -1
12 2 1 MH-R1W 4 12 3 1 388 -1
12 2 2 MH-B1W 5 5 1 2 398 -1
12 2 2 MH-B1W 6 5 1 2 98 -1
12 2 3 MH-F1W 0 7 2 1 99 -1
12 2 4 MH-F1W 1 10 1 3 86 -1
12 2 5 MH-F2W 2 10 1 3 86 -1
12 2 6 ML-F2W 8 10 1 3 86 -1
12 2 7 ML-F3W 9 10 1 3 86 -1
12 2 8 ML-F3W 10 10 1 3 86 -1
12 2 9 ML-F3W 11 10 1 3 86 -1
12 3 -7 ML-B3W 4 11 3 0 472 -1
12 3 -6 ML-F3W 3 11 3 0 472 -1
12 3 -5 ML-F3W 2 11 3 0 472 -1
12 3 -4 ML-F3W 1 11 3 0 472 -1
12 3 -3 ML-F2W 0 11 3 0 472 -1
12 3 -2 MH-F2W 3 10 1 3 470 -1
12 3 -1 MH-F1W 1 7 2 1 483 -1
12 3 0 MH-F1W 6 5 1 2 14 -1
12 3 0 MH-F1W 7 5 1 2 482 -1
12 3 1 MH-F1W 5 12 3 1 388 -1
12 3 1 MH-F1W 11 6 2 0 15 -1
12 3 2 MH-F1W 5 12 3 1 4 -1
12 3 2 MH-F1W 11 6 2 0 399 -1
12 3 3 MH-F1W 6 5 1 2 398 -1
12 3 3 MH-F1W 7 5 1 2 98 -1
12 3 4 MH-F1W 1 7 2 1 99 -1
12 3 5 MH-F2W 3 10 1 3 86 -1
12 3 6 ML-F2W 0 11 3 0 88 -1
12 3 7 ML-F3W 1 11 3 0 88 -1
12 3 8 ML-F3W 2 11 3 0 88 -1
12 3 9 ML-F3W 3 11 3 0 88 -1
12 3 10 ML-B3W 4 11 3 0 88 -1
12 4 -6 ML-53W 8 6 2 0 483 -1
12 4 -5 ML-F3W 7 6 2 0 483 -1
12 4 -4 ML-F3W 6 6 2 0 483 -1
12 4 -3 ML-F3W 2 6 2 0 483 -1
12 4 -2 ML-F2W 5 11 3 0 472 -1
12 4 -1 MH-F2W 2 7 2 1 483 -1
12 4 0 MH-F2W 7 5 1 2 14 -1
12 4 0 MH-F2W 8 5 1 2 482 -1
12 4 1 MH-F1W 6 12 3 1 388 -1
12 4 1 MH-F1W 0 7 2 1 15 -1
12 4 2 MH-F1W 8 12 3 1 4 -1
12 4 2 MH-F1W 8 12 3 1 388 -1
12 4 3 MH-F1W 6 12 3 1 4 -1
12 4 3 MH-F1W 0 7 2 1 399 -1
12 4 4 MH-F2W 7 5 1 2 398 -1
12 4 4 MH-F2W 8 5 1 2 98 -1
12 4 5 MH-F2W 2 7 2 1 99 -1
12 4 6 ML-F2W 5 11 3 0 88 -1
12 4 7 ML-F3W 2 6 2 0 99 -1
12 4 8 ML-F3W 6 6 2 0 99 -1
12 4 9 ML-F3W 7 6 2 0 99 -1
12 4 10 ML-53W 8 6 2 0 99 -1
12 5 -5 ML-R3W 10 6 2 0 483 -1
12 5 -4 ML-F3W 9 6 2 0 483 -1
12 5 -3 ML-F3W 3 6 2 0 483 -1
12 5 -2 ML-F3W 6 11 3 0 472 -1
12 5 -1 ML-F3W 9 11 3 0 472 -1
12 5 0 ML-F2W 8 5 1 2 14 -1
12 5 0 ML-F2W 9 5 1 2 482 -1
12 5 1 MH-F2W 7 12 3 1 388 -1
12 5 1 MH-F2W 1 7 2 1 15 -1
12 5 2 MH-F2W 9 12 3 1 4 -1
12 5 2 MH-F2W 10 12 3 1 388 -1
12 5 3 MH-F2W 9 12 3 1 388 -1
12 5 3 MH-F2W 10 12 3 1 4 -1
12 5 4 MH-F2W 7 12 3 1 4 -1
12 5 4 MH-F2W 1 7 2 1 399 -1
12 5 5 ML-F2W 8 5 1 2 398 -1
12 5 5 ML-F2W 9 5 1 2 98 -1
12 5 6 ML-F3W 9 11 3 0 88 -1
12 5 7 ML-F3W 6 11 3 0 88 -1
12 5 8 ML-F3W 3 6 2 0 99 -1
12 5 9 ML-F3W 9 6 2 0 99 -1
12 5 10 ML-R3W 10 6 2 0 99 -1
12 6 -4 ML-53W 11 6 2 0 483 -1
12 6 -3 ML-F3W 4 6 2 0 483 -1
12 6 -2 ML-F3W 7 11 3 0 472 -1
12 6 -1 ML-F3W 10 11 3 0 472 -1
12 6 0 ML-F3W 9 5 1 2 14 -1
12 6 0 ML-F3W 10 5 1 2 482 -1
12 6 1 ML-F3W 11 12 3 1 388 -1
12 6 1 ML-F3W 4 14 2 3 3 -1
12 6 2 ML-F2W 3 13 3 2 388 -1
12 6 2 ML-F2W 0 14 2 3 3 -1
12 6 3 ML-F2W 7 13 3 2 4 -1
12 6 3 ML-F2W 7 13 3 2 388 -1
12 6 4 ML-F2W 3 13 3 2 4 -1
12 6 4 ML-F2W 0 14 2 3 387 -1
12 6 5 ML-F3W 11 12 3 1 4 -1
12 6 5 ML-F3W 4 14 2 3 387 -1
12 6 6 ML-F3W 9 5 1 2 398 -1
12 6 6 ML-F3W 10 5 1 2 98 -1
12 6 7 ML-F3W 10 11 3 0 88 -1
12 6 8 ML-F3W 7 11 3 0 88 -1
12 6 9 ML-F3W 4 6 2 0 99 -1
12 6 10 ML-53W 11 6 2 0 99 -1
12 7 -3 ML-T3W 5 6 2 0 483 -1
12 7 -2 ML-F3W 8 11 3 0 472 -1
12 7 -1 ML-F3W 11 11 3 0 472 -1
12 7 0 ML-F3W 10 5 1 2 14 -1
12 7 0 ML-F3W 11 5 1 2 482 -1
12 7 1 ML-F3W 0 13 3 2 388 -1
12 7 1 ML-F3W 5 14 2 3 3 -1
12 7 2 ML-F3W 4 13 3 2 388 -1
12 7 2 ML-F3W 1 14 2 3 3 -1
12 7 3 ML-F3W 8 13 3 2 388 -1
12 7 3 ML-F3W 1 6 2 0 15 -1
12 7 4 ML-F3W 8 13 3 2 4 -1
12 7 4 ML-F3W 1 6 2 0 399 -1
12 7 5 ML-F3W 4 13 3 2 4 -1
12 7 5 ML-F3W 1 14 2 3 387 -1
12 7 6 ML-F3W 0 13 3 2 4 -1
12 7 6 ML-F3W 5 14 2 3 387 -1
12 7 7 ML-F3W 10 5 1 2 398 -1
12 7 7 ML-F3W 11 5 1 2 98 -1
12 7 8 ML-F3W 11 11 3 0 88 -1
12 7 9 ML-F3W 8 11 3 0 88 -1
12 7 10 ML-T3W 5 6 2 0 99 -1
12 8 -1 ML-53W 0 12 3 1 472 -1
12 8 0 ML-F3W 11 5 1 2 14 -1
12 8 0 ML-F3W 0 6 2 0 483 -1
12 8 1 ML-F3W 1 13 3 2 388 -1
12 8 1 ML-F3W 6 14 2 3 3 -1
12 8 2 ML-F3W 5 13 3 2 388 -1
12 8 2 ML-F3W 2 14 2 3 3 -1
12 8 3 ML-F3W 9 13 3 2 388 -1
12 8 3 ML-F3W 2 6 2 0 15 -1
12 8 4 ML-F3W 5 6 2 0 15 -1
12 8 4 ML-F3W 5 6 2 0 399 -1
12 8 5 ML-F3W 9 13 3 2 4 -1
12 8 5 ML-F3W 2 6 2 0 399 -1
12 8 6 ML-F3W 5 13 3 2 4 -1
12 8 6 ML-F3W 2 14 2 3 387 -1
12 8 7 ML-F3W 1 13 3 2 4 -1
12 8 7 ML-F3W 6 14 2 3 387 -1
12 8 8 ML-F3W 11 5 1 2 398 -1
12 8 8 ML-F3W 0 6 2 0 99 -1
12 8 9 ML-53W 0 12 3 1 88 -1
12 9 0 ML-T3W 0 6 2 0 15 -1
12 9 0 ML-T3W 1 6 2 0 483 -1
12 9 1 ML-53W 2 13 3 2 388 -1
12 9 1 ML-53W 7 14 2 3 3 -1
12 9 2 ML-F3W 6 13 3 2 388 -1
12 9 2 ML-F3W 3 14 2 3 3 -1
12 9 3 ML-F3W 10 13 3 2 388 -1
12 9 3 ML-F3W 3 6 2 0 15 -1
12 9 4 ML-F3W 6 6 2 0 15 -1
12 9 4 ML-F3W 7 6 2 0 399 -1
12 9 5 ML-F3W 6 6 2 0 399 -1
12 9 5 ML-F3W 7 6 2 0 15 -1
12 9 6 ML-F3W 10 13 3 2 4 -1
12 9 6 ML-F3W 3 6 2 0 399 -1
12 9 7 ML-F3W 6 13 3 2 4 -1
12 9 7 ML-F3W 3 14 2 3 387 -1
12 9 8 ML-53W 2 13 3 2 4 -1
12 9 8 ML-53W 7 14 2 3 387 -1
12 9 9 ML-T3W 0 6 2 0 399 -1
12 9 9 ML-T3W 1 6 2 0 99 -1
12 10 3 ML-B3W 11 13 3 2 388 -1
12 10 3 ML-T3W 4 6 2 0 15 -1
12 10 4 ML-53W 8 6 2 0 15 -1
12 10 4 ML-53W 10 6 2 0 399 -1
12 10 5 ML-R3W 9 6 2 0 15 -1
12 10 5 ML-R3W 9 6 2 0 399 -1
12 10 6 ML-53W 8 6 2 0 399 -1
12 10 6 ML-53W 10 6 2 0 15 -1
12 10 7 ML-B3W 11 13 3 2 4 -1
12 10 7 ML-T3W 4 6 2 0 399 -1
13 -10 -8 ML-T3W 11 3 1 1 326 -1
13 -10 -7 ML-53W 2 4 0 2 325 -1
13 -10 -6 ML-F3W 9 8 2 2 303 -1
13 -10 -5 ML-53W 10 8 2 2 303 -1
13 -10 -4 ML-F3W 7 8 2 2 303 -1
13 -10 -3 ML-53W 4 8 2 2 303 -1
13 -10 -2 ML-B3W 7 4 0 2 325 -1
13 -9 -9 ML-B3W 6 8 2 2 411 -1
13 -9 -8 ML-F3W 6 3 1 1 326 -1
13 -9 -7 ML-F3W 10 3 1 1 326 -1
13 -9 -6 ML-F3W 1 4 0 2 325 -1
13 -9 -5 ML-F3W 8 8 2 2 303 -1
13 -9 -4 ML-F3W 6 8 2 2 303 -1
13 -9 -3 ML-F3W 3 8 2 2 303 -1
13 -9 -2 ML-F3W 6 4 0 2 325 -1
13 -9 -1 ML-F3W 7 7 2 1 303 -1
13 -9 0 ML-B3W 0 8 2 2 303 -1
13 -8 -10 ML-B3W 7 11 3 0 424 -1
13 -8 -9 ML-F3W 1 8 2 2 411 -1
13 -8 -8 ML-F3W 5 8 2 2 411 -1
13 -8 -7 ML-F3W 5 3 1 1 326 -1
13 -8 -6 ML-F3W 9 3 1 1 326 -1
13 -8 -5 ML-F3W 0 4 0 2 325 -1
13 -8 -4 ML-F3W 5 8 2 2 303 -1
13 -8 -3 ML-F3W 2 8 2 2 303 -1
13 -8 -2 ML-F3W 5 4 0 2 325 -1
13 -8 -1 ML-F3W 6 7 2 1 303 -1
13 -8 0 ML-F3W 11 7 2 1 303 -1
13 -8 1 ML-F3W 6 10 1 3 230 -1
13 -8 2 ML-T3W 11 10 1 3 230 -1
13 -7 -10 ML-53W 10 8 2 2 411 -1
13 -7 -9 ML-F3W 6 11 3 0 424 -1
13 -7 -8 ML-F3W 0 8 2 2 411 -1
13 -7 -7 ML-F3W 4 8 2 2 411 -1
13 -7 -6 ML-F3W 4 3 1 1 326 -1
13 -7 -5 ML-F3W 8 3 1 1 326 -1
13 -7 -4 ML-F3W 0 9 0 3 301 -1
13 -7 -3 ML-F3W 1 8 2 2 303 -1
13 -7 -2 ML-F3W 4 4 0 2 325 -1
13 -7 -1 ML-F3W 5 7 2 1 303 -1
13 -7 0 ML-F3W 10 7 2 1 303 -1
13 -7 1 ML-F3W 5 10 1 3 230 -1
13 -7 2 ML-F3W 10 10 1 3 230 -1
13 -7 3 ML-53W 2 11 3 0 232 -1
13 -6 -10 ML-F3W 1 9 0 3 409 -1
13 -6 -9 ML-F3W 9 8 2 2 411 -1
13 -6 -8 ML-F3W 5 11 3 0 424 -1
13 -6 -7 ML-F3W 11 7 2 1 411 -1
13 -6 -6 ML-F3W 3 8 2 2 411 -1
13 -6 -5 ML-F3W 3 3 1 1 326 -1
13 -6 -4 ML-F2W 7 3 1 1 326 -1
13 -6 -3 ML-F2W 11 8 2 2 303 -1
13 -6 -2 ML-F2W 3 4 0 2 325 -1
13 -6 -1 ML-F3W 4 7 2 1 303 -1
13 -6 0 ML-F3W 9 7 2 1 303 -1
13 -6 1 ML-F3W 4 10 1 3 230 -1
13 -6 2 ML-F3W 9 10 1 3 230 -1
13 -6 3 ML-F3W 1 11 3 0 232 -1
13 -6 4 ML-F3W 4 9 0 3 217 -1
13 -5 -10 ML-53W 3 9 0 3 409 -1
13 -5 -9 ML-F3W 0 9 0 3 409 -1
13 -5 -8 ML-F3W 8 8 2 2 411 -1
13 -5 -7 ML-F3W 4 11 3 0 424 -1
13 -5 -6 ML-F3W 10 7 2 1 411 -1
13 -5 -5 ML-F2W 2 8 2 2 411 -1
13 -5 -4 MH-F2W 11 2 0 1 325 -1
13 -5 -3 MH-F2W 1 3 1 1 326 -1
13 -5 -2 MH-F2W 2 3 1 1 326 -1
13 -5 -1 MH-F2W 5 9 0 3 313 -1
13 -5 0 ML-F2W 8 7 2 1 303 -1
13 -5 1 ML-F3W 3 10 1 3 230 -1
13 -5 2 ML-F3W 8 10 1 3 230 -1
13 -5 3 ML-F3W 0 11 3 0 232 -1
13 -5 4 ML-F3W 2 9 0 3 217 -1
13 -5 5 ML-53W 3 9 0 3 217 -1
13 -4 -10 ML-F3W 4 9 0 3 409 -1
13 -4 -9 ML-F3W 2 9 0 3 409 -1
13 -4 -8 ML-F3W 11 8 2 2 411 -1
13 -4 -7 ML-F3W 7 8 2 2 411 -1
13 -4 -6 ML-F2W 3 11 3 0 424 -1
13 -4 -5 MH-F2W 8 9 0 3 421 -1
13 -4 -4 MH-F2W 4 9 0 3 421 -1
13 -4 -3 MH-F1W 10 2 0 1 325 -1
13 -4 -2 MH-F1W 0 3 1 1 326 -1
13 -4 -1 MH-F1W 4 9 0 3 313 -1
13 -4 0 MH-F2W 1 9 0 3 313 -1
13 -4 1 MH-F2W 11 9 0 3 229 -1
13 -4 2 ML-F2W 7 10 1 3 230 -1
13 -4 3 ML-F3W 6 9 0 3 217 -1
13 -4 4 ML-F3W 11 8 2 2 219 -1
13 -4 5 ML-F3W 0 9 0 3 217 -1
13 -4 6 ML-F3W 1 9 0 3 217 -1
13 -3 -10 ML-53W 2 11 3 0 424 -1
13 -3 -9 ML-F3W 1 11 3 0 424 -1
13 -3 -8 ML-F3W 0 11 3 0 424 -1
13 -3 -7 ML-F3W 6 9 0 3 409 -1
13 -3 -6 ML-F2W 5 9 0 3 409 -1
13 -3 -5 MH-F2W 1 10 1 3 422 -1
13 -3 -4 MH-F1W 7 9 0 3 421 -1
13 -3 -3 MH-F1W 3 9 0 3 421 -1
13 -3 -2 MH-F1W 9 2 0 1 325 -1
13 -3 -1 MH-F1W 3 9 0 3 313 -1
13 -3 0 MH-F1W 0 9 0 3 313 -1
13 -3 1 MH-F1W 10 9 0 3 229 -1
13 -3 2 MH-F2W 2 10 1 3 230 -1
13 -3 3 ML-F2W 5 9 0 3 217 -1
13 -3 4 ML-F3W 7 8 2 2 219 -1
13 -3 5 ML-F3W 8 8 2 2 219 -1
13 -3 6 ML-F3W 9 8 2 2 219 -1
13 -3 7 ML-53W 10 8 2 2 219 -1
13 -2 -10 ML-T3W 11 10 1 3 422 -1
13 -2 -9 ML-F3W 10 10 1 3 422 -1
13 -2 -8 ML-F3W 9 10 1 3 422 -1
13 -2 -7 ML-F3W 8 10 1 3 422 -1
13 -2 -6 ML-F2W 7 10 1 3 422 -1
13 -2 -5 MH-F2W 2 10 1 3 422 -1
13 -2 -4 MH-F1W 0 10 1 3 422 -1
13 -2 -3 MH-F1W 6 9 0 3 421 -1
13 -2 -2 MH-B1W 2 9 0 3 421 -1
13 -2 -1 MH-L1W 2 9 0 3 313 -1
13 -2 0 MH-B1W 11 8 2 2 315 -1
13 -2 1 MH-F1W 9 9 0 3 229 -1
13 -2 2 MH-F1W 0 10 1 3 230 -1
13 -2 3 MH-F2W 1 10 1 3 230 -1
13 -2 4 ML-F2W 3 11 3 0 232 -1
13 -2 5 ML-F3W 4 11 3 0 232 -1
13 -2 6 ML-F3W 5 11 3 0 232 -1
13 -2 7 ML-F3W 6 11 3 0 232 -1
13 -2 8 ML-B3W 7 11 3 0 232 -1
13 -1 -9 ML-F3W 6 10 1 3 422 -1
13 -1 -8 ML-F3W 5 10 1 3 422 -1
13 -1 -7 ML-F3W 4 10 1 3 422 -1
13 -1 -6 ML-F3W 3 10 1 3 422 -1
13 -1 -5 MH-F2W 11 9 0 3 421 -1
13 -1 -4 MH-F1W 10 9 0 3 421 -1
13 -1 -3 MH-F1W 9 9 0 3 421 -1
13 -1 -2 MH-L1W 5 9 0 3 421 -1
13 -1 1 MH-L1W 5 9 0 3 229 -1
13 -1 2 MH-F1W 6 9 0 3 229 -1
13 -1 3 MH-F1W 7 9 0 3 229 -1
13 -1 4 MH-F2W 8 9 0 3 229 -1
13 -1 5 ML-F3W 10 7 2 1 219 -1
13 -1 6 ML-F3W 11 7 2 1 219 -1
13 -1 7 ML-F3W 0 8 2 2 219 -1
13 -1 8 ML-F3W 1 8 2 2 219 -1
13 0 -9 ML-B3W 0 8 2 2 495 -1
13 0 -8 ML-F3W 11 7 2 1 495 -1
13 0 -7 ML-F3W 10 7 2 1 495 -1
13 0 -6 ML-F3W 9 7 2 1 495 -1
13 0 -5 ML-F2W 8 7 2 1 495 -1
13 0 -4 MH-F2W 1 9 0 3 505 -1
13 0 -3 MH-F1W 0 9 0 3 505 -1
13 0 -2 MH-B1W 11 8 2 2 507 -1
13 0 2 MH-B1W 2 9 0 3 229 -1
13 0 3 MH-F1W 3 9 0 3 229 -1
13 0 4 MH-F2W 4 9 0 3 229 -1
13 0 5 ML-F2W 2 8 2 2 219 -1
13 0 6 ML-F3W 3 8 2 2 219 -1
13 0 7 ML-F3W 4 8 2 2 219 -1
13 0 8 ML-F3W 5 8 2 2 219 -1
13 0 9 ML-B3W 6 8 2 2 219 -1
13 1 -8 ML-F3W 7 7 2 1 495 -1
13 1 -7 ML-F3W 6 7 2 1 495 -1
13 1 -6 ML-F3W 5 7 2 1 495 -1
13 1 -5 ML-F3W 4 7 2 1 495 -1
13 1 -4 MH-F2W 5 9 0 3 505 -1
13 1 -3 MH-F1W 4 9 0 3 505 -1
13 1 -2 MH-F1W 3 9 0 3 505 -1
13 1 -1 MH-L1W 2 9 0 3 505 -1
13 1 2 MH-L1W 2 9 0 3 121 -1
13 1 3 MH-F1W 9 2 0 1 133 -1
13 1 4 MH-F1W 10 2 0 1 133 -1
13 1 5 MH-F2W 11 2 0 1 133 -1
13 1 6 ML-F3W 3 3 1 1 134 -1
13 1 7 ML-F3W 4 3 1 1 134 -1
13 1 8 ML-F3W 5 3 1 1 134 -1
13 1 9 ML-F3W 6 3 1 1 134 -1
13 2 -8 ML-B3W 7 4 0 2 517 -1
13 2 -7 ML-F3W 6 4 0 2 517 -1
13 2 -6 ML-F3W 5 4 0 2 517 -1
13 2 -5 ML-F3W 4 4 0 2 517 -1
13 2 -4 ML-F2W 3 4 0 2 517 -1
13 2 -3 MH-F2W 2 3 1 1 518 -1
13 2 -2 MH-F1W 0 3 1 1 518 -1
13 2 -1 MH-F1W 9 2 0 1 517 -1
13 2 0 MH-B1W 2 9 0 3 37 -1
13 2 1 MH-L1W 5 9 0 3 37 -1
13 2 2 MH-B1W 11 8 2 2 123 -1
13 2 3 MH-F1W 3 9 0 3 121 -1
13 2 4 MH-F1W 0 3 1 1 134 -1
13 2 5 MH-F2W 1 3 1 1 134 -1
13 2 6 ML-F2W 7 3 1 1 134 -1
13 2 7 ML-F3W 8 3 1 1 134 -1
13 2 8 ML-F3W 9 3 1 1 134 -1
13 2 9 ML-F3W 10 3 1 1 134 -1
13 2 10 ML-T3W 11 3 1 1 134 -1
13 3 -7 ML-53W 4 8 2 2 495 -1
13 3 -6 ML-F3W 3 8 2 2 495 -1
13 3 -5 ML-F3W 2 8 2 2 495 -1
13 3 -4 ML-F3W 1 8 2 2 495 -1
13 3 -3 ML-F2W 11 8 2 2 495 -1
13 3 -2 MH-F2W 1 3 1 1 518 -1
13 3 -1 MH-F1W 10 2 0 1 517 -1
13 3 0 MH-F1W 3 9 0 3 37 -1
13 3 1 MH-F1W 6 9 0 3 37 -1
13 3 2 MH-F1W 9 9 0 3 37 -1
13 3 3 MH-F1W 0 9 0 3 121 -1
13 3 4 MH-F1W 4 9 0 3 121 -1
13 3 5 MH-F2W 2 3 1 1 134 -1
13 3 6 ML-F2W 11 8 2 2 111 -1
13 3 7 ML-F3W 0 9 0 3 109 -1
13 3 8 ML-F3W 0 4 0 2 133 -1
13 3 9 ML-F3W 1 4 0 2 133 -1
13 3 10 ML-53W 2 4 0 2 133 -1
13 4 -6 ML-F3W 7 8 2 2 495 -1
13 4 -5 ML-F3W 6 8 2 2 495 -1
13 4 -4 ML-F3W 5 8 2 2 495 -1
13 4 -3 ML-F3W 0 9 0 3 493 -1
13 4 -2 ML-F2W 7 3 1 1 518 -1
13 4 -1 MH-F2W 11 2 0 1 517 -1
13 4 0 MH-F2W 4 9 0 3 37 -1
13 4 1 MH-F1W 7 9 0 3 37 -1
13 4 2 MH-F1W 0 10 1 3 38 -1
13 4 3 MH-F1W 10 9 0 3 37 -1
13 4 4 MH-F2W 1 9 0 3 121 -1
13 4 5 MH-F2W 5 9 0 3 121 -1
13 4 6 ML-F2W 3 4 0 2 133 -1
13 4 7 ML-F3W 1 8 2 2 111 -1
13 4 8 ML-F3W 5 8 2 2 111 -1
13 4 9 ML-F3W 8 8 2 2 111 -1
13 4 10 ML-F3W 9 8 2 2 111 -1
13 5 -5 ML-53W 10 8 2 2 495 -1
13 5 -4 ML-F3W 8 8 2 2 495 -1
13 5 -3 ML-F3W 0 4 0 2 517 -1
13 5 -2 ML-F3W 8 3 1 1 518 -1
13 5 -1 ML-F3W 3 3 1 1 518 -1
13 5 0 ML-F2W 2 8 2 2 27 -1
13 5 1 MH-F2W 8 9 0 3 37 -1
13 5 2 MH-F2W 1 10 1 3 38 -1
13 5 3 MH-F2W 2 10 1 3 38 -1
13 5 4 MH-F2W 11 9 0 3 37 -1
13 5 5 ML-F2W 8 7 2 1 111 -1
13 5 6 ML-F3W 4 7 2 1 111 -1
13 5 7 ML-F3W 4 4 0 2 133 -1
13 5 8 ML-F3W 2 8 2 2 111 -1
13 5 9 ML-F3W 6 8 2 2 111 -1
13 5 10 ML-53W 10 8 2 2 111 -1
13 6 -4 ML-F3W 9 8 2 2 495 -1
13 6 -3 ML-F3W 1 4 0 2 517 -1
13 6 -2 ML-F3W 9 3 1 1 518 -1
13 6 -1 ML-F3W 4 3 1 1 518 -1
13 6 0 ML-F3W 3 8 2 2 27 -1
13 6 1 ML-F3W 10 7 2 1 27 -1
13 6 2 ML-F2W 3 11 3 0 40 -1
13 6 3 ML-F2W 5 9 0 3 25 -1
13 6 4 ML-F2W 7 10 1 3 38 -1
13 6 5 ML-F3W 3 10 1 3 38 -1
13 6 6 ML-F3W 9 7 2 1 111 -1
13 6 7 ML-F3W 5 7 2 1 111 -1
13 6 8 ML-F3W 5 4 0 2 133 -1
13 6 9 ML-F3W 3 8 2 2 111 -1
13 6 10 ML-F3W 7 8 2 2 111 -1
13 7 -3 ML-53W 2 4 0 2 517 -1
13 7 -2 ML-F3W 10 3 1 1 518 -1
13 7 -1 ML-F3W 5 3 1 1 518 -1
13 7 0 ML-F3W 4 8 2 2 27 -1
13 7 1 ML-F3W 11 7 2 1 27 -1
13 7 2 ML-F3W 4 11 3 0 40 -1
13 7 3 ML-F3W 7 8 2 2 27 -1
13 7 4 ML-F3W 6 9 0 3 25 -1
13 7 5 ML-F3W 8 10 1 3 38 -1
13 7 6 ML-F3W 4 10 1 3 38 -1
13 7 7 ML-F3W 10 7 2 1 111 -1
13 7 8 ML-F3W 6 7 2 1 111 -1
13 7 9 ML-F3W 6 4 0 2 133 -1
13 7 10 ML-53W 4 8 2 2 111 -1
13 8 -2 ML-T3W 11 3 1 1 518 -1
13 8 -1 ML-F3W 6 3 1 1 518 -1
13 8 0 ML-F3W 5 8 2 2 27 -1
13 8 1 ML-F3W 0 8 2 2 27 -1
13 8 2 ML-F3W 5 11 3 0 40 -1
13 8 3 ML-F3W 8 8 2 2 27 -1
13 8 4 ML-F3W 11 8 2 2 27 -1
13 8 5 ML-F3W 0 11 3 0 40 -1
13 8 6 ML-F3W 9 10 1 3 38 -1
13 8 7 ML-F3W 5 10 1 3 38 -1
13 8 8 ML-F3W 11 7 2 1 111 -1
13 8 9 ML-F3W 7 7 2 1 111 -1
13 8 10 ML-B3W 7 4 0 2 133 -1
13 9 0 ML-B3W 6 8 2 2 27 -1
13 9 1 ML-F3W 1 8 2 2 27 -1
13 9 2 ML-F3W 6 11 3 0 40 -1
13 9 3 ML-F3W 9 8 2 2 27 -1
13 9 4 ML-F3W 0 9 0 3 25 -1
13 9 5 ML-F3W 2 9 0 3 25 -1
13 9 6 ML-F3W 1 11 3 0 40 -1
13 9 7 ML-F3W 10 10 1 3 38 -1
13 9 8 ML-F3W 6 10 1 3 38 -1
13 9 9 ML-B3W 0 8 2 2 111 -1
13 10 2 ML-B3W 7 11 3 0 40 -1
13 10 3 ML-53W 10 8 2 2 27 -1
13 10 4 ML-F3W 1 9 0 3 25 -1
13 10 5 ML-53W 3 9 0 3 25 -1
13 10 6 ML-F3W 4 9 0 3 25 -1
13 10 7 ML-53W 2 11 3 0 40 -1
13 10 8 ML-T3W 11 10 1 3 38 -1
14 -10 -8 ML-T3W 9 12 3 1 280 -1
14 -10 -7 ML-53W 10 13 3 2 280 -1
14 -10 -6 ML-53W 4 14 2 3 279 -1
14 -10 -5 ML-53W 3 14 2 3 279 -1
14 -10 -4 ML-53W 1 14 2 3 279 -1
14 -10 -3 ML-53W 1 9 0 3 289 -1
14 -10 -2 ML-B3W 8 8 2 2 291 -1
14 -9 -9 ML-T3W 6 13 3 2 280 -1
14 -9 -8 ML-F3W 1 13 3 2 280 -1
14 -9 -7 ML-F3W 8 12 3 1 280 -1
14 -9 -6 ML-F3W 9 13 3 2 280 -1
14 -9 -5 ML-F3W 2 14 2 3 279 -1
14 -9 -4 ML-F3W 0 14 2 3 279 -1
14 -9 -3 ML-F3W 0 9 0 3 289 -1
14 -9 -2 ML-F3W 7 8 2 2 291 -1
14 -9 -1 ML-F3W 3 8 2 2 291 -1
14 -8 -10 ML-B3W 7 8 2 2 207 -1
14 -8 -9 ML-F3W 2 8 2 2 207 -1
14 -8 -8 ML-F3W 5 13 3 2 280 -1
14 -8 -7 ML-F3W 0 13 3 2 280 -1
14 -8 -6 ML-F3W 7 12 3 1 280 -1
14 -8 -5 ML-F3W 8 13 3 2 280 -1
14 -8 -4 ML-F3W 11 13 3 2 280 -1
14 -8 -3 ML-F3W 11 8 2 2 291 -1
14 -8 -2 ML-F3W 6 8 2 2 291 -1
14 -8 -1 ML-F3W 2 8 2 2 291 -1
14 -7 -10 ML-53W 0 9 0 3 205 -1
14 -7 -9 ML-F3W 6 8 2 2 207 -1
14 -7 -8 ML-F3W 1 8 2 2 207 -1
14 -7 -7 ML-F3W 4 13 3 2 280 -1
14 -7 -6 ML-F3W 11 12 3 1 280 -1
14 -7 -5 ML-F3W 6 12 3 1 280 -1
14 -7 -4 ML-F3W 7 13 3 2 280 -1
14 -7 -3 ML-F3W 10 8 2 2 291 -1
14 -7 -2 ML-F3W 5 8 2 2 291 -1
14 -7 -1 ML-F3W 1 8 2 2 291 -1
14 -6 -10 ML-53W 6 9 0 3 205 -1
14 -6 -9 ML-F3W 11 8 2 2 207 -1
14 -6 -8 ML-F3W 5 8 2 2 207 -1
14 -6 -7 ML-F3W 0 8 2 2 207 -1
14 -6 -6 ML-F3W 3 13 3 2 280 -1
14 -6 -5 ML-F3W 10 12 3 1 280 -1
14 -6 -4 ML-F2W 5 12 3 1 280 -1
14 -6 -3 ML-F2W 9 8 2 2 291 -1
14 -6 -2 ML-F2W 4 8 2 2 291 -1
14 -6 -1 ML-F3W 0 8 2 2 291 -1
14 -5 -10 ML-53W 5 9 0 3 205 -1
14 -5 -9 ML-F3W 3 9 0 3 205 -1
14 -5 -8 ML-F3W 10 8 2 2 207 -1
14 -5 -7 ML-F3W 4 8 2 2 207 -1
14 -5 -6 ML-F3W 11 7 2 1 207 -1
14 -5 -5 ML-F2W 2 13 3 2 280 -1
14 -5 -4 MH-F2W 8 7 2 1 291 -1
14 -5 -3 MH-F2W 11 7 2 1 291 -1
14 -5 -2 MH-F2W 10 7 2 1 291 -1
14 -5 -1 MH-F2W 4 12 3 1 280 -1
14 -4 -10 ML-53W 4 9 0 3 205 -1
14 -4 -9 ML-F3W 2 9 0 3 205 -1
14 -4 -8 ML-F3W 1 9 0 3 205 -1
14 -4 -7 ML-F3W 9 8 2 2 207 -1
14 -4 -6 ML-F2W 3 8 2 2 207 -1
14 -4 -5 MH-F2W 11 14 2 3 195 -1
14 -4 -4 MH-F2W 5 7 2 1 291 -1
14 -4 -3 MH-F1W 7 7 2 1 291 -1
14 -4 -2 MH-F1W 9 7 2 1 291 -1
14 -4 -1 MH-F1W 3 12 3 1 280 -1
14 -3 -10 ML-53W 5 16 4 1 197 -1
14 -3 -9 ML-F3W 4 16 4 1 197 -1
14 -3 -8 ML-F3W 3 16 4 1 197 -1
14 -3 -7 ML-F3W 2 16 4 1 197 -1
14 -3 -6 ML-F2W 8 8 2 2 207 -1
14 -3 -5 MH-F2W 10 7 2 1 207 -1
14 -3 -4 MH-F1W 10 14 2 3 195 -1
14 -3 -3 MH-F1W 4 7 2 1 291 -1
14 -3 -2 MH-F1W 6 7 2 1 291 -1
14 -3 -1 MH-F1W 2 12 3 1 280 -1
14 -2 -10 ML-T3W 4 15 4 0 197 -1
14 -2 -9 ML-F3W 3 15 4 0 197 -1
14 -2 -8 ML-F3W 2 15 4 0 197 -1
14 -2 -7 ML-F3W 1 15 4 0 197 -1
14 -2 -6 ML-F2W 0 15 4 0 197 -1
14 -2 -5 MH-F2W 9 7 2 1 207 -1
14 -2 -4 MH-F1W 8 7 2 1 207 -1
14 -2 -3 MH-F1W 9 14 2 3 195 -1
14 -2 -2 MH-B1W 3 7 2 1 291 -1
14 -2 -1 MH-R1W 1 12 3 1 280 -1
14 -1 -9 ML-F3W 8 15 4 0 197 -1
14 -1 -8 ML-F3W 7 15 4 0 197 -1
14 -1 -7 ML-F3W 6 15 4 0 197 -1
14 -1 -6 ML-F3W 5 15 4 0 197 -1
14 -1 -5 MH-F2W 7 7 2 1 207 -1
14 -1 -4 MH-F1W 6 7 2 1 207 -1
14 -1 -3 MH-F1W 5 7 2 1 207 -1
14 -1 -2 MH-R1W 8 14 2 3 195 -1
14 0 -9 ML-T3W 1 16 4 1 197 -1
14 0 -8 ML-F3W 0 16 4 1 197 -1
14 0 -7 ML-F3W 11 15 4 0 197 -1
14 0 -6 ML-F3W 10 15 4 0 197 -1
14 0 -5 ML-F2W 9 15 4 0 197 -1
14 0 -4 MH-F2W 4 7 2 1 207 -1
14 0 -3 MH-F1W 3 7 2 1 207 -1
14 0 -2 MH-B1W 2 7 2 1 207 -1
14 1 -8 ML-F3W 3 8 2 2 483 -1
14 1 -7 ML-F3W 2 8 2 2 483 -1
14 1 -6 ML-F3W 1 8 2 2 483 -1
14 1 -5 ML-F3W 0 8 2 2 483 -1
14 1 -4 MH-F2W 4 12 3 1 472 -1
14 1 -3 MH-F1W 3 12 3 1 472 -1
14 1 -2 MH-F1W 2 12 3 1 472 -1
14 1 -1 MH-R1W 1 12 3 1 472 -1
14 1 2 MH-R1W 1 12 3 1 88 -1
14 1 3 MH-F1W 2 12 3 1 88 -1
14 1 4 MH-F1W 3 12 3 1 88 -1
14 1 5 MH-F2W 4 12 3 1 88 -1
14 1 6 ML-F3W 0 8 2 2 99 -1
14 1 7 ML-F3W 1 8 2 2 99 -1
14 1 8 ML-F3W 2 8 2 2 99 -1
14 1 9 ML-F3W 3 8 2 2 99 -1
14 2 -8 ML-B3W 8 8 2 2 483 -1
14 2 -7 ML-F3W 7 8 2 2 483 -1
14 2 -6 ML-F3W 6 8 2 2 483 -1
14 2 -5 ML-F3W 5 8 2 2 483 -1
14 2 -4 ML-F2W 4 8 2 2 483 -1
14 2 -3 MH-F2W 10 7 2 1 483 -1
14 2 -2 MH-F1W 9 7 2 1 483 -1
14 2 -1 MH-F1W 6 7 2 1 483 -1
14 2 0 MH-B1W 2 7 2 1 15 -1
14 2 0 MH-B1W 3 7 2 1 483 -1
14 2 1 MH-R1W 8 14 2 3 3 -1
14 2 1 MH-R1W 8 14 2 3 387 -1
14 2 2 MH-B1W 2 7 2 1 399 -1
14 2 2 MH-B1W 3 7 2 1 99 -1
14 2 3 MH-F1W 6 7 2 1 99 -1
14 2 4 MH-F1W 9 7 2 1 99 -1
14 2 5 MH-F2W 10 7 2 1 99 -1
14 2 6 ML-F2W 4 8 2 2 99 -1
14 2 7 ML-F3W 5 8 2 2 99 -1
14 2 8 ML-F3W 6 8 2 2 99 -1
14 2 9 ML-F3W 7 8 2 2 99 -1
14 2 10 ML-B3W 8 8 2 2 99 -1
14 3 -7 ML-53W 1 9 0 3 481 -1
14 3 -6 ML-F3W 0 9 0 3 481 -1
14 3 -5 ML-F3W 11 8 2 2 483 -1
14 3 -4 ML-F3W 10 8 2 2 483 -1
14 3 -3 ML-F2W 9 8 2 2 483 -1
14 3 -2 MH-F2W 11 7 2 1 483 -1
14 3 -1 MH-F1W 7 7 2 1 483 -1
14 3 0 MH-F1W 3 7 2 1 15 -1
14 3 0 MH-F1W 4 7 2 1 483 -1
14 3 1 MH-F1W 9 14 2 3 387 -1
14 3 1 MH-F1W 5 7 2 1 15 -1
14 3 2 MH-F1W 9 14 2 3 3 -1
14 3 2 MH-F1W 5 7 2 1 399 -1
14 3 3 MH-F1W 3 7 2 1 399 -1
14 3 3 MH-F1W 4 7 2 1 99 -1
14 3 4 MH-F1W 7 7 2 1 99 -1
14 3 5 MH-F2W 11 7 2 1 99 -1
14 3 6 ML-F2W 9 8 2 2 99 -1
14 3 7 ML-F3W 10 8 2 2 99 -1
14 3 8 ML-F3W 11 8 2 2 99 -1
14 3 9 ML-F3W 0 9 0 3 97 -1
14 3 10 ML-53W 1 9 0 3 97 -1
14 4 -6 ML-53W 1 14 2 3 471 -1
14 4 -5 ML-F3W 0 14 2 3 471 -1
14 4 -4 ML-F3W 11 13 3 2 472 -1
14 4 -3 ML-F3W 7 13 3 2 472 -1
14 4 -2 ML-F2W 5 12 3 1 472 -1
14 4 -1 MH-F2W 8 7 2 1 483 -1
14 4 0 MH-F2W 4 7 2 1 15 -1
14 4 0 MH-F2W 5 7 2 1 483 -1
14 4 1 MH-F1W 10 14 2 3 387 -1
14 4 1 MH-F1W 6 7 2 1 15 -1
14 4 2 MH-F1W 8 7 2 1 15 -1
14 4 2 MH-F1W 8 7 2 1 399 -1
14 4 3 MH-F1W 10 14 2 3 3 -1
14 4 3 MH-F1W 6 7 2 1 399 -1
14 4 4 MH-F2W 4 7 2 1 399 -1
14 4 4 MH-F2W 5 7 2 1 99 -1
14 4 5 MH-F2W 8 7 2 1 99 -1
14 4 6 ML-F2W 5 12 3 1 88 -1
14 4 7 ML-F3W 7 13 3 2 88 -1
14 4 8 ML-F3W 11 13 3 2 88 -1
14 4 9 ML-F3W 0 14 2 3 87 -1
14 4 10 ML-53W 1 14 2 3 87 -1
14 5 -5 ML-53W 3 14 2 3 471 -1
14 5 -4 ML-F3W 2 14 2 3 471 -1
14 5 -3 ML-F3W 8 13 3 2 472 -1
14 5 -2 ML-F3W 6 12 3 1 472 -1
14 5 -1 ML-F3W 10 12 3 1 472 -1
14 5 0 ML-F2W 9 15 4 0 5 -1
14 5 0 ML-F2W 2 13 3 2 472 -1
14 5 1 MH-F2W 11 14 2 3 387 -1
14 5 1 MH-F2W 7 7 2 1 15 -1
14 5 2 MH-F2W 9 7 2 1 15 -1
14 5 2 MH-F2W 10 7 2 1 399 -1
14 5 3 MH-F2W 9 7 2 1 399 -1
14 5 3 MH-F2W 10 7 2 1 15 -1
14 5 4 MH-F2W 11 14 2 3 3 -1
14 5 4 MH-F2W 7 7 2 1 399 -1
14 5 5 ML-F2W 9 15 4 0 389 -1
14 5 5 ML-F2W 2 13 3 2 88 -1
14 5 6 ML-F3W 10 12 3 1 88 -1
14 5 7 ML-F3W 6 12 3 1 88 -1
14 5 8 ML-F3W 8 13 3 2 88 -1
14 5 9 ML-F3W 2 14 2 3 87 -1
14 5 10 ML-53W 3 14 2 3 87 -1
14 6 -4 ML-53W 4 14 2 3 471 -1
14 6 -3 ML-F3W 9 13 3 2 472 -1
14 6 -2 ML-F3W 7 12 3 1 472 -1
14 6 -1 ML-F3W 11 12 3 1 472 -1
14 6 0 ML-F3W 10 15 4 0 5 -1
14 6 0 ML-F3W 3 13 3 2 472 -1
14 6 1 ML-F3W 5 15 4 0 5 -1
14 6 1 ML-F3W 11 7 2 1 399 -1
14 6 2 ML-F2W 0 15 4 0 5 -1
14 6 2 ML-F2W 3 8 2 2 399 -1
14 6 3 ML-F2W 8 8 2 2 15 -1
14 6 3 ML-F2W 8 8 2 2 399 -1
14 6 4 ML-F2W 0 15 4 0 389 -1
14 6 4 ML-F2W 3 8 2 2 15 -1
14 6 5 ML-F3W 5 15 4 0 389 -1
14 6 5 ML-F3W 11 7 2 1 15 -1
14 6 6 ML-F3W 10 15 4 0 389 -1
14 6 6 ML-F3W 3 13 3 2 88 -1
14 6 7 ML-F3W 11 12 3 1 88 -1
14 6 8 ML-F3W 7 12 3 1 88 -1
14 6 9 ML-F3W 9 13 3 2 88 -1
14 6 10 ML-53W 4 14 2 3 87 -1
14 7 -3 ML-53W 10 13 3 2 472 -1
14 7 -2 ML-F3W 8 12 3 1 472 -1
14 7 -1 ML-F3W 0 13 3 2 472 -1
14 7 0 ML-F3W 11 15 4 0 5 -1
14 7 0 ML-F3W 4 13 3 2 472 -1
14 7 1 ML-F3W 6 15 4 0 5 -1
14 7 1 ML-F3W 0 8 2 2 399 -1
14 7 2 ML-F3W 1 15 4 0 5 -1
14 7 2 ML-F3W 4 8 2 2 399 -1
14 7 3 ML-F3W 2 16 4 1 5 -1
14 7 3 ML-F3W 9 8 2 2 399 -1
14 7 4 ML-F3W 2 16 4 1 389 -1
14 7 4 ML-F3W 9 8 2 2 15 -1
14 7 5 ML-F3W 1 15 4 0 389 -1
14 7 5 ML-F3W 4 8 2 2 15 -1
14 7 6 ML-F3W 6 15 4 0 389 -1
14 7 6 ML-F3W 0 8 2 2 15 -1
14 7 7 ML-F3W 11 15 4 0 389 -1
14 7 7 ML-F3W 4 13 3 2 88 -1
14 7 8 ML-F3W 0 13 3 2 88 -1
14 7 9 ML-F3W 8 12 3 1 88 -1
14 7 10 ML-53W 10 13 3 2 88 -1
14 8 -2 ML-T3W 9 12 3 1 472 -1
14 8 -1 ML-F3W 1 13 3 2 472 -1
14 8 0 ML-F3W 0 16 4 1 5 -1
14 8 0 ML-F3W 5 13 3 2 472 -1
14 8 1 ML-F3W 7 15 4 0 5 -1
14 8 1 ML-F3W 1 8 2 2 399 -1
14 8 2 ML-F3W 2 15 4 0 5 -1
14 8 2 ML-F3W 5 8 2 2 399 -1
14 8 3 ML-F3W 3 16 4 1 5 -1
14 8 3 ML-F3W 10 8 2 2 399 -1
14 8 4 ML-F3W 1 9 0 3 13 -1
14 8 4 ML-F3W 1 9 0 3 397 -1
14 8 5 ML-F3W 3 16 4 1 389 -1
14 8 5 ML-F3W 10 8 2 2 15 -1
14 8 6 ML-F3W 2 15 4 0 389 -1
14 8 6 ML-F3W 5 8 2 2 15 -1
14 8 7 ML-F3W 7 15 4 0 389 -1
14 8 7 ML-F3W 1 8 2 2 15 -1
14 8 8 ML-F3W 0 16 4 1 389 -1
14 8 8 ML-F3W 5 13 3 2 88 -1
14 8 9 ML-F3W 1 13 3 2 88 -1
14 8 10 ML-T3W 9 12 3 1 88 -1
14 9 0 ML-T3W 1 16 4 1 5 -1
14 9 0 ML-T3W 6 13 3 2 472 -1
14 9 1 ML-F3W 8 15 4 0 5 -1
14 9 1 ML-F3W 2 8 2 2 399 -1
14 9 2 ML-F3W 3 15 4 0 5 -1
14 9 2 ML-F3W 6 8 2 2 399 -1
14 9 3 ML-F3W 4 16 4 1 5 -1
14 9 3 ML-F3W 11 8 2 2 399 -1
14 9 4 ML-F3W 2 9 0 3 13 -1
14 9 4 ML-F3W 3 9 0 3 397 -1
14 9 5 ML-F3W 2 9 0 3 397 -1
14 9 5 ML-F3W 3 9 0 3 13 -1
14 9 6 ML-F3W 4 16 4 1 389 -1
14 9 6 ML-F3W 11 8 2 2 15 -1
14 9 7 ML-F3W 3 15 4 0 389 -1
14 9 7 ML-F3W 6 8 2 2 15 -1
14 9 8 ML-F3W 8 15 4 0 389 -1
14 9 8 ML-F3W 2 8 2 2 15 -1
14 9 9 ML-T3W 1 16 4 1 389 -1
14 9 9 ML-T3W 6 13 3 2 88 -1
14 10 2 ML-T3W 4 15 4 0 5 -1
14 10 2 ML-B3W 7 8 2 2 399 -1
14 10 3 ML-53W 5 16 4 1 5 -1
14 10 3 ML-53W 0 9 0 3 397 -1
14 10 4 ML-53W 4 9 0 3 13 -1
14 10 4 ML-53W 6 9 0 3 397 -1
14 10 5 ML-53W 5 9 0 3 13 -1
14 10 5 ML-53W 5 9 0 3 397 -1
14 10 6 ML-53W 4 9 0 3 397 -1
14 10 6 ML-53W 6 9 0 3 13 -1
14 10 7 ML-53W 5 16 4 1 389 -1
14 10 7 ML-53W 0 9 0 3 13 -1
14 10 8 ML-T3W 4 15 4 0 389 -1
14 10 8 ML-B3W 7 8 2 2 15 -1
15 -10 -8 ML-T3W 11 10 1 3 314 -1
15 -10 -7 ML-F3W 4 11 3 0 316 -1
15 -10 -6 ML-F3W 5 16 4 1 281 -1
15 -10 -5 ML-53W 7 16 4 1 281 -1
15 -10 -4 ML-F3W 8 16 4 1 281 -1
15 -10 -3 ML-F3W 2 16 4 1 281 -1
15 -10 -2 ML-B3W 1 15 4 0 281 -1
15 -9 -9 ML-B3W 11 17 4 2 389 -1
15 -9 -8 ML-F3W 6 10 1 3 314 -1
15 -9 -7 ML-F3W 10 10 1 3 314 -1
15 -9 -6 ML-F3W 3 11 3 0 316 -1
15 -9 -5 ML-F3W 4 16 4 1 281 -1
15 -9 -4 ML-F3W 6 16 4 1 281 -1
15 -9 -3 ML-F3W 1 16 4 1 281 -1
15 -9 -2 ML-F3W 0 15 4 0 281 -1
15 -9 -1 ML-F3W 5 15 4 0 281 -1
15 -9 0 ML-B3W 10 15 4 0 281 -1
15 -8 -10 ML-B3W 2 17 4 2 389 -1
15 -8 -9 ML-F3W 6 17 4 2 389 -1
15 -8 -8 ML-F3W 10 17 4 2 389 -1
15 -8 -7 ML-F3W 5 10 1 3 314 -1
15 -8 -6 ML-F3W 9 10 1 3 314 -1
15 -8 -5 ML-F3W 2 11 3 0 316 -1
15 -8 -4 ML-F3W 3 16 4 1 281 -1
15 -8 -3 ML-F3W 0 16 4 1 281 -1
15 -8 -2 ML-F3W 11 14 2 3 279 -1
15 -8 -1 ML-F3W 4 15 4 0 281 -1
15 -8 0 ML-F3W 9 15 4 0 281 -1
15 -8 1 ML-F3W 8 12 3 1 232 -1
15 -8 2 ML-T3W 1 13 3 2 232 -1
15 -7 -10 ML-F3W 3 18 3 3 388 -1
15 -7 -9 ML-F3W 1 17 4 2 389 -1
15 -7 -8 ML-F3W 5 17 4 2 389 -1
15 -7 -7 ML-F3W 9 17 4 2 389 -1
15 -7 -6 ML-F3W 4 10 1 3 314 -1
15 -7 -5 ML-F3W 8 10 1 3 314 -1
15 -7 -4 ML-F3W 1 11 3 0 316 -1
15 -7 -3 ML-F3W 11 15 4 0 281 -1
15 -7 -2 ML-F3W 10 14 2 3 279 -1
15 -7 -1 ML-F3W 3 15 4 0 281 -1
15 -7 0 ML-F3W 8 15 4 0 281 -1
15 -7 1 ML-F3W 7 12 3 1 232 -1
15 -7 2 ML-F3W 0 13 3 2 232 -1
15 -7 3 ML-F3W 6 13 3 2 232 -1
15 -6 -10 ML-F3W 10 9 0 3 397 -1
15 -6 -9 ML-F3W 2 18 3 3 388 -1
15 -6 -8 ML-F3W 0 17 4 2 389 -1
15 -6 -7 ML-F3W 4 17 4 2 389 -1
15 -6 -6 ML-F3W 8 17 4 2 389 -1
15 -6 -5 ML-F3W 3 10 1 3 314 -1
15 -6 -4 ML-F2W 7 10 1 3 314 -1
15 -6 -3 ML-F2W 0 11 3 0 316 -1
15 -6 -2 ML-F2W 9 14 2 3 279 -1
15 -6 -1 ML-F3W 2 15 4 0 281 -1
15 -6 0 ML-F3W 7 15 4 0 281 -1
15 -6 1 ML-F3W 6 12 3 1 232 -1
15 -6 2 ML-F3W 11 12 3 1 232 -1
15 -6 3 ML-F3W 5 13 3 2 232 -1
15 -6 4 ML-F3W 0 10 1 3 206 -1
15 -5 -10 ML-53W 11 9 0 3 397 -1
15 -5 -9 ML-F3W 8 9 0 3 397 -1
15 -5 -8 ML-F3W 1 18 3 3 388 -1
15 -5 -7 ML-F3W 11 16 4 1 389 -1
15 -5 -6 ML-F3W 3 17 4 2 389 -1
15 -5 -5 ML-F2W 7 17 4 2 389 -1
15 -5 -4 MH-F2W 11 9 0 3 313 -1
15 -5 -3 MH-F2W 1 10 1 3 314 -1
15 -5 -2 MH-F2W 2 10 1 3 314 -1
15 -5 -1 MH-F2W 8 14 2 3 279 -1
15 -5 0 ML-F2W 6 15 4 0 281 -1
15 -5 1 ML-F3W 5 12 3 1 232 -1
15 -5 2 ML-F3W 10 12 3 1 232 -1
15 -5 3 ML-F3W 4 13 3 2 232 -1
15 -5 4 ML-F3W 9 9 0 3 205 -1
15 -5 5 ML-53W 11 9 0 3 205 -1
15 -4 -10 ML-F3W 0 10 1 3 398 -1
15 -4 -9 ML-F3W 9 9 0 3 397 -1
15 -4 -8 ML-F3W 7 9 0 3 397 -1
15 -4 -7 ML-F3W 0 18 3 3 388 -1
15 -4 -6 ML-F2W 10 16 4 1 389 -1
15 -4 -5 MH-F2W 9 16 4 1 389 -1
15 -4 -4 MH-F2W 10 11 3 0 424 -1
15 -4 -3 MH-F1W 10 9 0 3 313 -1
15 -4 -2 MH-F1W 0 10 1 3 314 -1
15 -4 -1 MH-F1W 7 14 2 3 279 -1
15 -4 0 MH-F2W 8 9 0 3 313 -1
15 -4 1 MH-F2W 1 12 3 1 232 -1
15 -4 2 ML-F2W 9 12 3 1 232 -1
15 -4 3 ML-F3W 3 13 3 2 232 -1
15 -4 4 ML-F3W 7 9 0 3 205 -1
15 -4 5 ML-F3W 8 9 0 3 205 -1
15 -4 6 ML-F3W 10 9 0 3 205 -1
15 -3 -10 ML-F3W 6 13 3 2 424 -1
15 -3 -9 ML-F3W 5 13 3 2 424 -1
15 -3 -8 ML-F3W 4 13 3 2 424 -1
15 -3 -7 ML-F3W 3 13 3 2 424 -1
15 -3 -6 ML-F2W 2 13 3 2 424 -1
15 -3 -5 MH-F2W 3 12 3 1 424 -1
15 -3 -4 MH-F1W 8 16 4 1 389 -1
15 -3 -3 MH-F1W 9 11 3 0 424 -1
15 -3 -2 MH-F1W 9 9 0 3 313 -1
15 -3 -1 MH-F1W 6 14 2 3 279 -1
15 -3 0 MH-F1W 7 9 0 3 313 -1
15 -3 1 MH-F1W 0 12 3 1 232 -1
15 -3 2 MH-F2W 4 12 3 1 232 -1
15 -3 3 ML-F2W 2 13 3 2 232 -1
15 -3 4 ML-F3W 0 18 3 3 196 -1
15 -3 5 ML-F3W 1 18 3 3 196 -1
15 -3 6 ML-F3W 2 18 3 3 196 -1
15 -3 7 ML-F3W 3 18 3 3 196 -1
15 -2 -10 ML-T3W 1 13 3 2 424 -1
15 -2 -9 ML-F3W 0 13 3 2 424 -1
15 -2 -8 ML-F3W 11 12 3 1 424 -1
15 -2 -7 ML-F3W 10 12 3 1 424 -1
15 -2 -6 ML-F2W 9 12 3 1 424 -1
15 -2 -5 MH-F2W 4 12 3 1 424 -1
15 -2 -4 MH-F1W 2 12 3 1 424 -1
15 -2 -3 MH-F1W 7 16 4 1 389 -1
15 -2 -2 MH-B1W 8 11 3 0 424 -1
15 -2 -1 MH-L1W 5 14 2 3 279 -1
15 -2 0 MH-B1W 6 9 0 3 313 -1
15 -2 1 MH-F1W 11 11 3 0 232 -1
15 -2 2 MH-F1W 2 12 3 1 232 -1
15 -2 3 MH-F2W 3 12 3 1 232 -1
15 -2 4 ML-F2W 10 16 4 1 197 -1
15 -2 5 ML-F3W 11 16 4 1 197 -1
15 -2 6 ML-F3W 0 17 4 2 197 -1
15 -2 7 ML-F3W 1 17 4 2 197 -1
15 -2 8 ML-B3W 2 17 4 2 197 -1
15 -1 -9 ML-F3W 8 12 3 1 424 -1
15 -1 -8 ML-F3W 7 12 3 1 424 -1
15 -1 -7 ML-F3W 6 12 3 1 424 -1
15 -1 -6 ML-F3W 5 12 3 1 424 -1
15 -1 -5 MH-F2W 1 12 3 1 424 -1
15 -1 -4 MH-F1W 0 12 3 1 424 -1
15 -1 -3 MH-F1W 11 11 3 0 424 -1
15 -1 -2 MH-L1W 6 16 4 1 389 -1
15 -1 1 MH-L1W 6 16 4 1 197 -1
15 -1 2 MH-F1W 7 16 4 1 197 -1
15 -1 3 MH-F1W 8 16 4 1 197 -1
15 -1 4 MH-F2W 9 16 4 1 197 -1
15 -1 5 ML-F3W 3 17 4 2 197 -1
15 -1 6 ML-F3W 4 17 4 2 197 -1
15 -1 7 ML-F3W 5 17 4 2 197 -1
15 -1 8 ML-F3W 6 17 4 2 197 -1
15 0 -9 ML-B3W 10 15 4 0 473 -1
15 0 -8 ML-F3W 9 15 4 0 473 -1
15 0 -7 ML-F3W 8 15 4 0 473 -1
15 0 -6 ML-F3W 7 15 4 0 473 -1
15 0 -5 ML-F2W 6 15 4 0 473 -1
15 0 -4 MH-F2W 8 9 0 3 505 -1
15 0 -3 MH-F1W 7 9 0 3 505 -1
15 0 -2 MH-B1W 6 9 0 3 505 -1
15 0 2 MH-B1W 8 11 3 0 232 -1
15 0 3 MH-F1W 9 11 3 0 232 -1
15 0 4 MH-F2W 10 11 3 0 232 -1
15 0 5 ML-F2W 7 17 4 2 197 -1
15 0 6 ML-F3W 8 17 4 2 197 -1
15 0 7 ML-F3W 9 17 4 2 197 -1
15 0 8 ML-F3W 10 17 4 2 197 -1
15 0 9 ML-B3W 11 17 4 2 197 -1
15 1 -8 ML-F3W 5 15 4 0 473 -1
15 1 -7 ML-F3W 4 15 4 0 473 -1
15 1 -6 ML-F3W 3 15 4 0 473 -1
15 1 -5 ML-F3W 2 15 4 0 473 -1
15 1 -4 MH-F2W 8 14 2 3 471 -1
15 1 -3 MH-F1W 7 14 2 3 471 -1
15 1 -2 MH-F1W 6 14 2 3 471 -1
15 1 -1 MH-L1W 5 14 2 3 471 -1
15 1 2 MH-L1W 5 14 2 3 87 -1
15 1 3 MH-F1W 9 9 0 3 121 -1
15 1 4 MH-F1W 10 9 0 3 121 -1
15 1 5 MH-F2W 11 9 0 3 121 -1
15 1 6 ML-F3W 3 10 1 3 122 -1
15 1 7 ML-F3W 4 10 1 3 122 -1
15 1 8 ML-F3W 5 10 1 3 122 -1
15 1 9 ML-F3W 6 10 1 3 122 -1
15 2 -8 ML-B3W 1 15 4 0 473 -1
15 2 -7 ML-F3W 0 15 4 0 473 -1
15 2 -6 ML-F3W 11 14 2 3 471 -1
15 2 -5 ML-F3W 10 14 2 3 471 -1
15 2 -4 ML-F2W 9 14 2 3 471 -1
15 2 -3 MH-F2W 2 10 1 3 506 -1
15 2 -2 MH-F1W 0 10 1 3 506 -1
15 2 -1 MH-F1W 9 9 0 3 505 -1
15 2 0 MH-B1W 8 11 3 0 40 -1
15 2 1 MH-L1W 6 16 4 1 5 -1
15 2 2 MH-B1W 6 9 0 3 121 -1
15 2 3 MH-F1W 6 14 2 3 87 -1
15 2 4 MH-F1W 0 10 1 3 122 -1
15 2 5 MH-F2W 1 10 1 3 122 -1
15 2 6 ML-F2W 7 10 1 3 122 -1
15 2 7 ML-F3W 8 10 1 3 122 -1
15 2 8 ML-F3W 9 10 1 3 122 -1
15 2 9 ML-F3W 10 10 1 3 122 -1
15 2 10 ML-T3W 11 10 1 3 122 -1
15 3 -7 ML-F3W 2 16 4 1 473 -1
15 3 -6 ML-F3W 1 16 4 1 473 -1
15 3 -5 ML-F3W 0 16 4 1 473 -1
15 3 -4 ML-F3W 11 15 4 0 473 -1
15 3 -3 ML-F2W 0 11 3 0 508 -1
15 3 -2 MH-F2W 1 10 1 3 506 -1
15 3 -1 MH-F1W 10 9 0 3 505 -1
15 3 0 MH-F1W 9 11 3 0 40 -1
15 3 1 MH-F1W 7 16 4 1 5 -1
15 3 2 MH-F1W 11 11 3 0 40 -1
15 3 3 MH-F1W 7 9 0 3 121 -1
15 3 4 MH-F1W 7 14 2 3 87 -1
15 3 5 MH-F2W 2 10 1 3 122 -1
15 3 6 ML-F2W 0 11 3 0 124 -1
15 3 7 ML-F3W 1 11 3 0 124 -1
15 3 8 ML-F3W 2 11 3 0 124 -1
15 3 9 ML-F3W 3 11 3 0 124 -1
15 3 10 ML-F3W 4 11 3 0 124 -1
15 4 -6 ML-F3W 8 16 4 1 473 -1
15 4 -5 ML-F3W 6 16 4 1 473 -1
15 4 -4 ML-F3W 3 16 4 1 473 -1
15 4 -3 ML-F3W 1 11 3 0 508 -1
15 4 -2 ML-F2W 7 10 1 3 506 -1
15 4 -1 MH-F2W 11 9 0 3 505 -1
15 4 0 MH-F2W 10 11 3 0 40 -1
15 4 1 MH-F1W 8 16 4 1 5 -1
15 4 2 MH-F1W 2 12 3 1 40 -1
15 4 3 MH-F1W 0 12 3 1 40 -1
15 4 4 MH-F2W 8 9 0 3 121 -1
15 4 5 MH-F2W 8 14 2 3 87 -1
15 4 6 ML-F2W 9 14 2 3 87 -1
15 4 7 ML-F3W 11 15 4 0 89 -1
15 4 8 ML-F3W 3 16 4 1 89 -1
15 4 9 ML-F3W 4 16 4 1 89 -1
15 4 10 ML-F3W 5 16 4 1 89 -1
15 5 -5 ML-53W 7 16 4 1 473 -1
15 5 -4 ML-F3W 4 16 4 1 473 -1
15 5 -3 ML-F3W 2 11 3 0 508 -1
15 5 -2 ML-F3W 8 10 1 3 506 -1
15 5 -1 ML-F3W 3 10 1 3 506 -1
15 5 0 ML-F2W 7 17 4 2 5 -1
15 5 1 MH-F2W 9 16 4 1 5 -1
15 5 2 MH-F2W 3 12 3 1 40 -1
15 5 3 MH-F2W 4 12 3 1 40 -1
15 5 4 MH-F2W 1 12 3 1 40 -1
15 5 5 ML-F2W 6 15 4 0 89 -1
15 5 6 ML-F3W 2 15 4 0 89 -1
15 5 7 ML-F3W 10 14 2 3 87 -1
15 5 8 ML-F3W 0 16 4 1 89 -1
15 5 9 ML-F3W 6 16 4 1 89 -1
15 5 10 ML-53W 7 16 4 1 89 -1
15 6 -4 ML-F3W 5 16 4 1 473 -1
15 6 -3 ML-F3W 3 11 3 0 508 -1
15 6 -2 ML-F3W 9 10 1 3 506 -1
15 6 -1 ML-F3W 4 10 1 3 506 -1
15 6 0 ML-F3W 8 17 4 2 5 -1
15 6 1 ML-F3W 3 17 4 2 5 -1
15 6 2 ML-F2W 10 16 4 1 5 -1
15 6 3 ML-F2W 2 13 3 2 40 -1
15 6 4 ML-F2W 9 12 3 1 40 -1
15 6 5 ML-F3W 5 12 3 1 40 -1
15 6 6 ML-F3W 7 15 4 0 89 -1
15 6 7 ML-F3W 3 15 4 0 89 -1
15 6 8 ML-F3W 11 14 2 3 87 -1
15 6 9 ML-F3W 1 16 4 1 89 -1
15 6 10 ML-F3W 8 16 4 1 89 -1
15 7 -3 ML-F3W 4 11 3 0 508 -1
15 7 -2 ML-F3W 10 10 1 3 506 -1
15 7 -1 ML-F3W 5 10 1 3 506 -1
15 7 0 ML-F3W 9 17 4 2 5 -1
15 7 1 ML-F3W 4 17 4 2 5 -1
15 7 2 ML-F3W 11 16 4 1 5 -1
15 7 3 ML-F3W 0 18 3 3 4 -1
15 7 4 ML-F3W 3 13 3 2 40 -1
15 7 5 ML-F3W 10 12 3 1 40 -1
15 7 6 ML-F3W 6 12 3 1 40 -1
15 7 7 ML-F3W 8 15 4 0 89 -1
15 7 8 ML-F3W 4 15 4 0 89 -1
15 7 9 ML-F3W 0 15 4 0 89 -1
15 7 10 ML-F3W 2 16 4 1 89 -1
15 8 -2 ML-T3W 11 10 1 3 506 -1
15 8 -1 ML-F3W 6 10 1 3 506 -1
15 8 0 ML-F3W 10 17 4 2 5 -1
15 8 1 ML-F3W 5 17 4 2 5 -1
15 8 2 ML-F3W 0 17 4 2 5 -1
15 8 3 ML-F3W 1 18 3 3 4 -1
15 8 4 ML-F3W 7 9 0 3 13 -1
15 8 5 ML-F3W 4 13 3 2 40 -1
15 8 6 ML-F3W 11 12 3 1 40 -1
15 8 7 ML-F3W 7 12 3 1 40 -1
15 8 8 ML-F3W 9 15 4 0 89 -1
15 8 9 ML-F3W 5 15 4 0 89 -1
15 8 10 ML-B3W 1 15 4 0 89 -1
15 9 0 ML-B3W 11 17 4 2 5 -1
15 9 1 ML-F3W 6 17 4 2 5 -1
15 9 2 ML-F3W 1 17 4 2 5 -1
15 9 3 ML-F3W 2 18 3 3 4 -1
15 9 4 ML-F3W 8 9 0 3 13 -1
15 9 5 ML-F3W 9 9 0 3 13 -1
15 9 6 ML-F3W 5 13 3 2 40 -1
15 9 7 ML-F3W 0 13 3 2 40 -1
15 9 8 ML-F3W 8 12 3 1 40 -1
15 9 9 ML-B3W 10 15 4 0 89 -1
15 10 2 ML-B3W 2 17 4 2 5 -1
15 10 3 ML-F3W 3 18 3 3 4 -1
15 10 4 ML-F3W 10 9 0 3 13 -1
15 10 5 ML-53W 11 9 0 3 13 -1
15 10 6 ML-F3W 0 10 1 3 14 -1
15 10 7 ML-F3W 6 13 3 2 40 -1
15 10 8 ML-T3W 1 13 3 2 40 -1
16 -10 -8 ML-T3W 8 7 2 1 267 -1
16 -10 -7 ML-53W 9 8 2 2 267 -1
16 -10 -6 ML-53W 2 17 4 2 281 -1
16 -10 -5 ML-53W 1 17 4 2 281 -1
16 -10 -4 ML-53W 11 16 4 1 281 -1
16 -10 -3 ML-53W 0 11 3 0 292 -1
16 -10 -2 ML-B3W 7 10 1 3 290 -1
16 -9 -9 ML-T3W 5 8 2 2 267 -1
16 -9 -8 ML-F3W 0 8 2 2 267 -1
16 -9 -7 ML-F3W 7 7 2 1 267 -1
16 -9 -6 ML-F3W 8 8 2 2 267 -1
16 -9 -5 ML-F3W 0 17 4 2 281 -1
16 -9 -4 ML-F3W 10 16 4 1 281 -1
16 -9 -3 ML-F3W 11 10 1 3 290 -1
16 -9 -2 ML-F3W 6 10 1 3 290 -1
16 -9 -1 ML-F3W 2 10 1 3 290 -1
16 -8 -10 ML-B3W 6 11 3 0 208 -1
16 -8 -9 ML-F3W 1 11 3 0 208 -1
16 -8 -8 ML-F3W 4 8 2 2 267 -1
16 -8 -7 ML-F3W 11 7 2 1 267 -1
16 -8 -6 ML-F3W 6 7 2 1 267 -1
16 -8 -5 ML-F3W 7 8 2 2 267 -1
16 -8 -4 ML-F3W 9 16 4 1 281 -1
16 -8 -3 ML-F3W 10 10 1 3 290 -1
16 -8 -2 ML-F3W 5 10 1 3 290 -1
16 -8 -1 ML-F3W 1 10 1 3 290 -1
16 -7 -10 ML-53W 11 11 3 0 208 -1
16 -7 -9 ML-F3W 5 11 3 0 208 -1
16 -7 -8 ML-F3W 0 11 3 0 208 -1
16 -7 -7 ML-F3W 3 8 2 2 267 -1
16 -7 -6 ML-F3W 10 7 2 1 267 -1
16 -7 -5 ML-F3W 5 7 2 1 267 -1
16 -7 -4 ML-F3W 6 8 2 2 267 -1
16 -7 -3 ML-F3W 9 10 1 3 290 -1
16 -7 -2 ML-F3W 4 10 1 3 290 -1
16 -7 -1 ML-F3W 0 10 1 3 290 -1
16 -6 -10 ML-53W 5 12 3 1 208 -1
16 -6 -9 ML-F3W 10 11 3 0 208 -1
16 -6 -8 ML-F3W 4 11 3 0 208 -1
16 -6 -7 ML-F3W 11 10 1 3 206 -1
16 -6 -6 ML-F3W 2 8 2 2 267 -1
16 -6 -5 ML-F3W 9 7 2 1 267 -1
16 -6 -4 ML-F2W 4 7 2 1 267 -1
16 -6 -3 ML-F2W 8 10 1 3 290 -1
16 -6 -2 ML-F2W 3 10 1 3 290 -1
16 -6 -1 ML-F3W 11 9 0 3 289 -1
16 -5 -10 ML-53W 4 12 3 1 208 -1
16 -5 -9 ML-F3W 2 12 3 1 208 -1
16 -5 -8 ML-F3W 9 11 3 0 208 -1
16 -5 -7 ML-F3W 3 11 3 0 208 -1
16 -5 -6 ML-F3W 10 10 1 3 206 -1
16 -5 -5 ML-F2W 1 8 2 2 267 -1
16 -5 -4 MH-F2W 7 9 0 3 289 -1
16 -5 -3 MH-F2W 10 9 0 3 289 -1
16 -5 -2 MH-F2W 9 9 0 3 289 -1
16 -5 -1 MH-F2W 3 7 2 1 267 -1
16 -4 -10 ML-53W 3 12 3 1 208 -1
16 -4 -9 ML-F3W 1 12 3 1 208 -1
16 -4 -8 ML-F3W 0 12 3 1 208 -1
16 -4 -7 ML-F3W 8 11 3 0 208 -1
16 -4 -6 ML-F2W 2 11 3 0 208 -1
16 -4 -5 MH-F2W 7 18 3 3 196 -1
16 -4 -4 MH-F2W 4 9 0 3 289 -1
16 -4 -3 MH-F1W 6 9 0 3 289 -1
16 -4 -2 MH-F1W 8 9 0 3 289 -1
16 -4 -1 MH-F1W 2 7 2 1 267 -1
16 -3 -10 ML-53W 1 20 5 1 198 -1
16 -3 -9 ML-F3W 0 20 5 1 198 -1
16 -3 -8 ML-F3W 11 19 5 0 198 -1
16 -3 -7 ML-F3W 10 19 5 0 198 -1
16 -3 -6 ML-F2W 7 11 3 0 208 -1
16 -3 -5 MH-F2W 9 10 1 3 206 -1
16 -3 -4 MH-F1W 6 18 3 3 196 -1
16 -3 -3 MH-F1W 3 9 0 3 289 -1
16 -3 -2 MH-F1W 5 9 0 3 289 -1
16 -3 -1 MH-F1W 1 7 2 1 267 -1
16 -2 -10 ML-T3W 0 19 5 0 198 -1
16 -2 -9 ML-F3W 11 18 3 3 196 -1
16 -2 -8 ML-F3W 10 18 3 3 196 -1
16 -2 -7 ML-F3W 9 18 3 3 196 -1
16 -2 -6 ML-F2W 8 18 3 3 196 -1
16 -2 -5 MH-F2W 8 10 1 3 206 -1
16 -2 -4 MH-F1W 7 10 1 3 206 -1
16 -2 -3 MH-F1W 5 18 3 3 196 -1
16 -2 -2 MH-B1W 2 9 0 3 289 -1
16 -2 -1 MH-R1W 0 7 2 1 267 -1
16 -1 -9 ML-F3W 4 19 5 0 198 -1
16 -1 -8 ML-F3W 3 19 5 0 198 -1
16 -1 -7 ML-F3W 2 19 5 0 198 -1
16 -1 -6 ML-F3W 1 19 5 0 198 -1
16 -1 -5 MH-F2W 6 10 1 3 206 -1
16 -1 -4 MH-F1W 5 10 1 3 206 -1
16 -1 -3 MH-F1W 4 10 1 3 206 -1
16 -1 -2 MH-R1W 4 18 3 3 196 -1
16 0 -9 ML-T3W 9 19 5 0 198 -1
16 0 -8 ML-F3W 8 19 5 0 198 -1
16 0 -7 ML-F3W 7 19 5 0 198 -1
16 0 -6 ML-F3W 6 19 5 0 198 -1
16 0 -5 ML-F2W 5 19 5 0 198 -1
16 0 -4 MH-F2W 3 10 1 3 206 -1
16 0 -3 MH-F1W 2 10 1 3 206 -1
16 0 -2 MH-B1W 1 10 1 3 206 -1
16 1 -8 ML-F3W 2 10 1 3 482 -1
16 1 -7 ML-F3W 1 10 1 3 482 -1
16 1 -6 ML-F3W 0 10 1 3 482 -1
16 1 -5 ML-F3W 11 9 0 3 481 -1
16 1 -4 MH-F2W 3 7 2 1 459 -1
16 1 -3 MH-F1W 2 7 2 1 459 -1
16 1 -2 MH-F1W 1 7 2 1 459 -1
16 1 -1 MH-R1W 0 7 2 1 459 -1
16 1 2 MH-R1W 0 7 2 1 75 -1
16 1 3 MH-F1W 1 7 2 1 75 -1
16 1 4 MH-F1W 2 7 2 1 75 -1
16 1 5 MH-F2W 3 7 2 1 75 -1
16 1 6 ML-F3W 11 9 0 3 97 -1
16 1 7 ML-F3W 0 10 1 3 98 -1
16 1 8 ML-F3W 1 10 1 3 98 -1
16 1 9 ML-F3W 2 10 1 3 98 -1
16 2 -8 ML-B3W 7 10 1 3 482 -1
16 2 -7 ML-F3W 6 10 1 3 482 -1
16 2 -6 ML-F3W 5 10 1 3 482 -1
16 2 -5 ML-F3W 4 10 1 3 482 -1
16 2 -4 ML-F2W 3 10 1 3 482 -1
16 2 -3 MH-F2W 9 9 0 3 481 -1
16 2 -2 MH-F1W 8 9 0 3 481 -1
16 2 -1 MH-F1W 5 9 0 3 481 -1
16 2 0 MH-B1W 1 10 1 3 14 -1
16 2 0 MH-B1W 2 9 0 3 481 -1
16 2 1 MH-R1W 4 18 3 3 4 -1
16 2 1 MH-R1W 4 18 3 3 388 -1
16 2 2 MH-B1W 1 10 1 3 398 -1
16 2 2 MH-B1W 2 9 0 3 97 -1
16 2 3 MH-F1W 5 9 0 3 97 -1
16 2 4 MH-F1W 8 9 0 3 97 -1
16 2 5 MH-F2W 9 9 0 3 97 -1
16 2 6 ML-F2W 3 10 1 3 98 -1
16 2 7 ML-F3W 4 10 1 3 98 -1
16 2 8 ML-F3W 5 10 1 3 98 -1
16 2 9 ML-F3W 6 10 1 3 98 -1
16 2 10 ML-B3W 7 10 1 3 98 -1
16 3 -7 ML-53W 0 11 3 0 484 -1
16 3 -6 ML-F3W 11 10 1 3 482 -1
16 3 -5 ML-F3W 10 10 1 3 482 -1
16 3 -4 ML-F3W 9 10 1 3 482 -1
16 3 -3 ML-F2W 8 10 1 3 482 -1
16 3 -2 MH-F2W 10 9 0 3 481 -1
16 3 -1 MH-F1W 6 9 0 3 481 -1
16 3 0 MH-F1W 2 10 1 3 14 -1
16 3 0 MH-F1W 3 9 0 3 481 -1
16 3 1 MH-F1W 5 18 3 3 388 -1
16 3 1 MH-F1W 4 10 1 3 14 -1
16 3 2 MH-F1W 5 18 3 3 4 -1
16 3 2 MH-F1W 4 10 1 3 398 -1
16 3 3 MH-F1W 2 10 1 3 398 -1
16 3 3 MH-F1W 3 9 0 3 97 -1
16 3 4 MH-F1W 6 9 0 3 97 -1
16 3 5 MH-F2W 10 9 0 3 97 -1
16 3 6 ML-F2W 8 10 1 3 98 -1
16 3 7 ML-F3W 9 10 1 3 98 -1
16 3 8 ML-F3W 10 10 1 3 98 -1
16 3 9 ML-F3W 11 10 1 3 98 -1
16 3 10 ML-53W 0 11 3 0 100 -1
16 4 -6 ML-53W 11 16 4 1 473 -1
16 4 -5 ML-F3W 10 16 4 1 473 -1
16 4 -4 ML-F3W 9 16 4 1 473 -1
16 4 -3 ML-F3W 6 8 2 2 459 -1
16 4 -2 ML-F2W 4 7 2 1 459 -1
16 4 -1 MH-F2W 7 9 0 3 481 -1
16 4 0 MH-F2W 3 10 1 3 14 -1
16 4 0 MH-F2W 4 9 0 3 481 -1
16 4 1 MH-F1W 6 18 3 3 388 -1
16 4 1 MH-F1W 5 10 1 3 14 -1
16 4 2 MH-F1W 7 10 1 3 14 -1
16 4 2 MH-F1W 7 10 1 3 398 -1
16 4 3 MH-F1W 6 18 3 3 4 -1
16 4 3 MH-F1W 5 10 1 3 398 -1
16 4 4 MH-F2W 3 10 1 3 398 -1
16 4 4 MH-F2W 4 9 0 3 97 -1
16 4 5 MH-F2W 7 9 0 3 97 -1
16 4 6 ML-F2W 4 7 2 1 75 -1
16 4 7 ML-F3W 6 8 2 2 75 -1
16 4 8 ML-F3W 9 16 4 1 89 -1
16 4 9 ML-F3W 10 16 4 1 89 -1
16 4 10 ML-53W 11 16 4 1 89 -1
16 5 -5 ML-53W 1 17 4 2 473 -1
16 5 -4 ML-F3W 0 17 4 2 473 -1
16 5 -3 ML-F3W 7 8 2 2 459 -1
16 5 -2 ML-F3W 5 7 2 1 459 -1
16 5 -1 ML-F3W 9 7 2 1 459 -1
16 5 0 ML-F2W 5 19 5 0 6 -1
16 5 0 ML-F2W 1 8 2 2 459 -1
16 5 1 MH-F2W 7 18 3 3 388 -1
16 5 1 MH-F2W 6 10 1 3 14 -1
16 5 2 MH-F2W 8 10 1 3 14 -1
16 5 2 MH-F2W 9 10 1 3 398 -1
16 5 3 MH-F2W 8 10 1 3 398 -1
16 5 3 MH-F2W 9 10 1 3 14 -1
16 5 4 MH-F2W 7 18 3 3 4 -1
16 5 4 MH-F2W 6 10 1 3 398 -1
16 5 5 ML-F2W 5 19 5 0 390 -1
16 5 5 ML-F2W 1 8 2 2 75 -1
16 5 6 ML-F3W 9 7 2 1 75 -1
16 5 7 ML-F3W 5 7 2 1 75 -1
16 5 8 ML-F3W 7 8 2 2 75 -1
16 5 9 ML-F3W 0 17 4 2 89 -1
16 5 10 ML-53W 1 17 4 2 89 -1
16 6 -4 ML-53W 2 17 4 2 473 -1
16 6 -3 ML-F3W 8 8 2 2 459 -1
16 6 -2 ML-F3W 6 7 2 1 459 -1
16 6 -1 ML-F3W 10 7 2 1 459 -1
16 6 0 ML-F3W 6 19 5 0 6 -1
16 6 0 ML-F3W 2 8 2 2 459 -1
16 6 1 ML-F3W 1 19 5 0 6 -1
16 6 1 ML-F3W 10 10 1 3 398 -1
16 6 2 ML-F2W 8 18 3 3 4 -1
16 6 2 ML-F2W 2 11 3 0 400 -1
16 6 3 ML-F2W 7 11 3 0 16 -1
16 6 3 ML-F2W 7 11 3 0 400 -1
16 6 4 ML-F2W 8 18 3 3 388 -1
16 6 4 ML-F2W 2 11 3 0 16 -1
16 6 5 ML-F3W 1 19 5 0 390 -1
16 6 5 ML-F3W 10 10 1 3 14 -1
16 6 6 ML-F3W 6 19 5 0 390 -1
16 6 6 ML-F3W 2 8 2 2 75 -1
16 6 7 ML-F3W 10 7 2 1 75 -1
16 6 8 ML-F3W 6 7 2 1 75 -1
16 6 9 ML-F3W 8 8 2 2 75 -1
16 6 10 ML-53W 2 17 4 2 89 -1
16 7 -3 ML-53W 9 8 2 2 459 -1
16 7 -2 ML-F3W 7 7 2 1 459 -1
16 7 -1 ML-F3W 11 7 2 1 459 -1
16 7 0 ML-F3W 7 19 5 0 6 -1
16 7 0 ML-F3W 3 8 2 2 459 -1
16 7 1 ML-F3W 2 19 5 0 6 -1
16 7 1 ML-F3W 11 10 1 3 398 -1
16 7 2 ML-F3W 9 18 3 3 4 -1
16 7 2 ML-F3W 3 11 3 0 400 -1
16 7 3 ML-F3W 10 19 5 0 6 -1
16 7 3 ML-F3W 8 11 3 0 400 -1
16 7 4 ML-F3W 10 19 5 0 390 -1
16 7 4 ML-F3W 8 11 3 0 16 -1
16 7 5 ML-F3W 9 18 3 3 388 -1
16 7 5 ML-F3W 3 11 3 0 16 -1
16 7 6 ML-F3W 2 19 5 0 390 -1
16 7 6 ML-F3W 11 10 1 3 14 -1
16 7 7 ML-F3W 7 19 5 0 390 -1
16 7 7 ML-F3W 3 8 2 2 75 -1
16 7 8 ML-F3W 11 7 2 1 75 -1
16 7 9 ML-F3W 7 7 2 1 75 -1
16 7 10 ML-53W 9 8 2 2 75 -1
16 8 -2 ML-T3W 8 7 2 1 459 -1
16 8 -1 ML-F3W 0 8 2 2 459 -1
16 8 0 ML-F3W 8 19 5 0 6 -1
16 8 0 ML-F3W 4 8 2 2 459 -1
16 8 1 ML-F3W 3 19 5 0 6 -1
16 8 1 ML-F3W 0 11 3 0 400 -1
16 8 2 ML-F3W 10 18 3 3 4 -1
16 8 2 ML-F3W 4 11 3 0 400 -1
16 8 3 ML-F3W 11 19 5 0 6 -1
16 8 3 ML-F3W 9 11 3 0 400 -1
16 8 4 ML-F3W 0 12 3 1 16 -1
16 8 4 ML-F3W 0 12 3 1 400 -1
16 8 5 ML-F3W 11 19 5 0 390 -1
16 8 5 ML-F3W 9 11 3 0 16 -1
16 8 6 ML-F3W 10 18 3 3 388 -1
16 8 6 ML-F3W 4 11 3 0 16 -1
16 8 7 ML-F3W 3 19 5 0 390 -1
16 8 7 ML-F3W 0 11 3 0 16 -1
16 8 8 ML-F3W 8 19 5 0 390 -1
16 8 8 ML-F3W 4 8 2 2 75 -1
16 8 9 ML-F3W 0 8 2 2 75 -1
16 8 10 ML-T3W 8 7 2 1 75 -1
16 9 0 ML-T3W 9 19 5 0 6 -1
16 9 0 ML-T3W 5 8 2 2 459 -1
16 9 1 ML-F3W 4 19 5 0 6 -1
16 9 1 ML-F3W 1 11 3 0 400 -1
16 9 2 ML-F3W 11 18 3 3 4 -1
16 9 2 ML-F3W 5 11 3 0 400 -1
16 9 3 ML-F3W 0 20 5 1 6 -1
16 9 3 ML-F3W 10 11 3 0 400 -1
16 9 4 ML-F3W 1 12 3 1 16 -1
16 9 4 ML-F3W 2 12 3 1 400 -1
16 9 5 ML-F3W 1 12 3 1 400 -1
16 9 5 ML-F3W 2 12 3 1 16 -1
16 9 6 ML-F3W 0 20 5 1 390 -1
16 9 6 ML-F3W 10 11 3 0 16 -1
16 9 7 ML-F3W 11 18 3 3 388 -1
16 9 7 ML-F3W 5 11 3 0 16 -1
16 9 8 ML-F3W 4 19 5 0 390 -1
16 9 8 ML-F3W 1 11 3 0 16 -1
16 9 9 ML-T3W 9 19 5 0 390 -1
16 9 9 ML-T3W 5 8 2 2 75 -1
16 10 2 ML-T3W 0 19 5 0 6 -1
16 10 2 ML-B3W 6 11 3 0 400 -1
16 10 3 ML-53W 1 20 5 1 6 -1
16 10 3 ML-53W 11 11 3 0 400 -1
16 10 4 ML-53W 3 12 3 1 16 -1
16 10 4 ML-53W 5 12 3 1 400 -1
16 10 5 ML-53W 4 12 3 1 16 -1
16 10 5 ML-53W 4 12 3 1 400 -1
16 10 6 ML-53W 3 12 3 1 400 -1
16 10 6 ML-53W 5 12 3 1 16 -1
16 10 7 ML-53W 1 20 5 1 390 -1
16 10 7 ML-53W 11 11 3 0 16 -1
16 10 8 ML-T3W 0 19 5 0 390 -1
16 10 8 ML-B3W 6 11 3 0 16 -1
17 -10 -8 ML-T3W 10 12 3 1 316 -1
17 -10 -7 ML-F3W 3 13 3 2 316 -1
17 -10 -6 ML-F3W 3 11 3 0 292 -1
17 -10 -5 ML-53W 5 11 3 0 292 -1
17 -10 -4 ML-F3W 6 11 3 0 292 -1
17 -10 -3 ML-F3W 5 6 2 0 327 -1
17 -10 -2 ML-B3W 4 5 1 2 326 -1
17 -9 -9 ML-B3W 1 8 2 2 435 -1
17 -9 -8 ML-F3W 5 12 3 1 316 -1
17 -9 -7 ML-F3W 9 12 3 1 316 -1
17 -9 -6 ML-F3W 2 13 3 2 316 -1
17 -9 -5 ML-F3W 2 11 3 0 292 -1
17 -9 -4 ML-F3W 4 11 3 0 292 -1
17 -9 -3 ML-F3W 4 6 2 0 327 -1
17 -9 -2 ML-F3W 3 5 1 2 326 -1
17 -9 -1 ML-F3W 8 5 1 2 326 -1
17 -9 0 ML-B3W 1 6 2 0 327 -1
17 -8 -10 ML-B3W 4 7 2 1 435 -1
17 -8 -9 ML-F3W 8 7 2 1 435 -1
17 -8 -8 ML-F3W 0 8 2 2 435 -1
17 -8 -7 ML-F3W 4 12 3 1 316 -1
17 -8 -6 ML-F3W 8 12 3 1 316 -1
17 -8 -5 ML-F3W 1 13 3 2 316 -1
17 -8 -4 ML-F3W 1 11 3 0 292 -1
17 -8 -3 ML-F3W 3 6 2 0 327 -1
17 -8 -2 ML-F3W 2 5 1 2 326 -1
17 -8 -1 ML-F3W 7 5 1 2 326 -1
17 -8 0 ML-F3W 0 6 2 0 327 -1
17 -8 1 ML-F3W 1 6 2 0 243 -1
17 -8 2 ML-T3W 6 6 2 0 243 -1
17 -7 -10 ML-F3W 5 8 2 2 435 -1
17 -7 -9 ML-F3W 3 7 2 1 435 -1
17 -7 -8 ML-F3W 7 7 2 1 435 -1
17 -7 -7 ML-F3W 11 7 2 1 435 -1
17 -7 -6 ML-F3W 3 12 3 1 316 -1
17 -7 -5 ML-F3W 7 12 3 1 316 -1
17 -7 -4 ML-F3W 0 13 3 2 316 -1
17 -7 -3 ML-F3W 2 6 2 0 327 -1
17 -7 -2 ML-F3W 1 5 1 2 326 -1
17 -7 -1 ML-F3W 6 5 1 2 326 -1
17 -7 0 ML-F3W 11 5 1 2 326 -1
17 -7 1 ML-F3W 0 6 2 0 243 -1
17 -7 2 ML-F3W 5 6 2 0 243 -1
17 -7 3 ML-F3W 11 6 2 0 243 -1
17 -6 -10 ML-F3W 9 12 3 1 400 -1
17 -6 -9 ML-F3W 4 8 2 2 435 -1
17 -6 -8 ML-F3W 2 7 2 1 435 -1
17 -6 -7 ML-F3W 6 7 2 1 435 -1
17 -6 -6 ML-F3W 10 7 2 1 435 -1
17 -6 -5 ML-F3W 2 12 3 1 316 -1
17 -6 -4 ML-F2W 6 12 3 1 316 -1
17 -6 -3 ML-F2W 11 12 3 1 316 -1
17 -6 -2 ML-F2W 0 5 1 2 326 -1
17 -6 -1 ML-F3W 5 5 1 2 326 -1
17 -6 0 ML-F3W 10 5 1 2 326 -1
17 -6 1 ML-F3W 11 5 1 2 242 -1
17 -6 2 ML-F3W 4 6 2 0 243 -1
17 -6 3 ML-F3W 10 6 2 0 243 -1
17 -6 4 ML-F3W 11 12 3 1 208 -1
17 -5 -10 ML-53W 10 12 3 1 400 -1
17 -5 -9 ML-F3W 7 12 3 1 400 -1
17 -5 -8 ML-F3W 3 8 2 2 435 -1
17 -5 -7 ML-F3W 1 7 2 1 435 -1
17 -5 -6 ML-F3W 5 7 2 1 435 -1
17 -5 -5 ML-F2W 9 7 2 1 435 -1
17 -5 -4 MH-F2W 10 11 3 0 316 -1
17 -5 -3 MH-F2W 0 12 3 1 316 -1
17 -5 -2 MH-F2W 1 12 3 1 316 -1
17 -5 -1 MH-F2W 11 4 0 2 325 -1
17 -5 0 ML-F2W 9 5 1 2 326 -1
17 -5 1 ML-F3W 10 5 1 2 242 -1
17 -5 2 ML-F3W 3 6 2 0 243 -1
17 -5 3 ML-F3W 9 6 2 0 243 -1
17 -5 4 ML-F3W 8 12 3 1 208 -1
17 -5 5 ML-53W 10 12 3 1 208 -1
17 -4 -10 ML-F3W 11 12 3 1 400 -1
17 -4 -9 ML-F3W 8 12 3 1 400 -1
17 -4 -8 ML-F3W 6 12 3 1 400 -1
17 -4 -7 ML-F3W 2 8 2 2 435 -1
17 -4 -6 ML-F2W 0 7 2 1 435 -1
17 -4 -5 MH-F2W 3 5 1 2 434 -1
17 -4 -4 MH-F2W 11 4 0 2 433 -1
17 -4 -3 MH-F1W 9 11 3 0 316 -1
17 -4 -2 MH-F1W 11 11 3 0 316 -1
17 -4 -1 MH-F1W 10 4 0 2 325 -1
17 -4 0 MH-F2W 7 11 3 0 316 -1
17 -4 1 MH-F2W 6 5 1 2 242 -1
17 -4 2 ML-F2W 2 6 2 0 243 -1
17 -4 3 ML-F3W 8 6 2 0 243 -1
17 -4 4 ML-F3W 6 12 3 1 208 -1
17 -4 5 ML-F3W 7 12 3 1 208 -1
17 -4 6 ML-F3W 9 12 3 1 208 -1
17 -3 -10 ML-F3W 11 6 2 0 435 -1
17 -3 -9 ML-F3W 10 6 2 0 435 -1
17 -3 -8 ML-F3W 9 6 2 0 435 -1
17 -3 -7 ML-F3W 8 6 2 0 435 -1
17 -3 -6 ML-F2W 7 6 2 0 435 -1
17 -3 -5 MH-F2W 8 5 1 2 434 -1
17 -3 -4 MH-F1W 2 5 1 2 434 -1
17 -3 -3 MH-F1W 10 4 0 2 433 -1
17 -3 -2 MH-F1W 8 11 3 0 316 -1
17 -3 -1 MH-F1W 9 4 0 2 325 -1
17 -3 0 MH-F1W 6 11 3 0 316 -1
17 -3 1 MH-F1W 5 5 1 2 242 -1
17 -3 2 MH-F2W 9 5 1 2 242 -1
17 -3 3 ML-F2W 7 6 2 0 243 -1
17 -3 4 ML-F3W 2 8 2 2 243 -1
17 -3 5 ML-F3W 3 8 2 2 243 -1
17 -3 6 ML-F3W 4 8 2 2 243 -1
17 -3 7 ML-F3W 5 8 2 2 243 -1
17 -2 -10 ML-T3W 6 6 2 0 435 -1
17 -2 -9 ML-F3W 5 6 2 0 435 -1
17 -2 -8 ML-F3W 4 6 2 0 435 -1
17 -2 -7 ML-F3W 3 6 2 0 435 -1
17 -2 -6 ML-F2W 2 6 2 0 435 -1
17 -2 -5 MH-F2W 9 5 1 2 434 -1
17 -2 -4 MH-F1W 7 5 1 2 434 -1
17 -2 -3 MH-F1W 1 5 1 2 434 -1
17 -2 -2 MH-B1W 9 4 0 2 433 -1
17 -2 -1 MH-L1W 8 4 0 2 325 -1
17 -2 0 MH-B1W 5 11 3 0 316 -1
17 -2 1 MH-F1W 4 5 1 2 242 -1
17 -2 2 MH-F1W 7 5 1 2 242 -1
17 -2 3 MH-F2W 8 5 1 2 242 -1
17 -2 4 ML-F2W 0 7 2 1 243 -1
17 -2 5 ML-F3W 1 7 2 1 243 -1
17 -2 6 ML-F3W 2 7 2 1 243 -1
17 -2 7 ML-F3W 3 7 2 1 243 -1
17 -2 8 ML-B3W 4 7 2 1 243 -1
17 -1 -9 ML-F3W 1 6 2 0 435 -1
17 -1 -8 ML-F3W 0 6 2 0 435 -1
17 -1 -7 ML-F3W 11 5 1 2 434 -1
17 -1 -6 ML-F3W 10 5 1 2 434 -1
17 -1 -5 MH-F2W 6 5 1 2 434 -1
17 -1 -4 MH-F1W 5 5 1 2 434 -1
17 -1 -3 MH-F1W 4 5 1 2 434 -1
17 -1 -2 MH-L1W 0 5 1 2 434 -1
17 -1 1 MH-L1W 0 5 1 2 242 -1
17 -1 2 MH-F1W 1 5 1 2 242 -1
17 -1 3 MH-F1W 2 5 1 2 242 -1
17 -1 4 MH-F2W 3 5 1 2 242 -1
17 -1 5 ML-F3W 5 7 2 1 243 -1
17 -1 6 ML-F3W 6 7 2 1 243 -1
17 -1 7 ML-F3W 7 7 2 1 243 -1
17 -1 8 ML-F3W 8 7 2 1 243 -1
17 0 -9 ML-B3W 1 6 2 0 519 -1
17 0 -8 ML-F3W 0 6 2 0 519 -1
17 0 -7 ML-F3W 11 5 1 2 518 -1
17 0 -6 ML-F3W 10 5 1 2 518 -1
17 0 -5 ML-F2W 9 5 1 2 518 -1
17 0 -4 MH-F2W 7 11 3 0 508 -1
17 0 -3 MH-F1W 6 11 3 0 508 -1
17 0 -2 MH-B1W 5 11 3 0 508 -1
17 0 2 MH-B1W 9 4 0 2 241 -1
17 0 3 MH-F1W 10 4 0 2 241 -1
17 0 4 MH-F2W 11 4 0 2 241 -1
17 0 5 ML-F2W 9 7 2 1 243 -1
17 0 6 ML-F3W 10 7 2 1 243 -1
17 0 7 ML-F3W 11 7 2 1 243 -1
17 0 8 ML-F3W 0 8 2 2 243 -1
17 0 9 ML-B3W 1 8 2 2 243 -1
17 1 -8 ML-F3W 8 5 1 2 518 -1
17 1 -7 ML-F3W 7 5 1 2 518 -1
17 1 -6 ML-F3W 6 5 1 2 518 -1
17 1 -5 ML-F3W 5 5 1 2 518 -1
17 1 -4 MH-F2W 11 4 0 2 517 -1
17 1 -3 MH-F1W 10 4 0 2 517 -1
17 1 -2 MH-F1W 9 4 0 2 517 -1
17 1 -1 MH-L1W 8 4 0 2 517 -1
17 1 2 MH-L1W 8 4 0 2 133 -1
17 1 3 MH-F1W 8 11 3 0 124 -1
17 1 4 MH-F1W 9 11 3 0 124 -1
17 1 5 MH-F2W 10 11 3 0 124 -1
17 1 6 ML-F3W 2 12 3 1 124 -1
17 1 7 ML-F3W 3 12 3 1 124 -1
17 1 8 ML-F3W 4 12 3 1 124 -1
17 1 9 ML-F3W 5 12 3 1 124 -1
17 2 -8 ML-B3W 4 5 1 2 518 -1
17 2 -7 ML-F3W 3 5 1 2 518 -1
17 2 -6 ML-F3W 2 5 1 2 518 -1
17 2 -5 ML-F3W 1 5 1 2 518 -1
17 2 -4 ML-F2W 0 5 1 2 518 -1
17 2 -3 MH-F2W 1 12 3 1 508 -1
17 2 -2 MH-F1W 11 11 3 0 508 -1
17 2 -1 MH-F1W 8 11 3 0 508 -1
17 2 0 MH-B1W 9 4 0 2 49 -1
17 2 1 MH-L1W 0 5 1 2 50 -1
17 2 2 MH-B1W 5 11 3 0 124 -1
17 2 3 MH-F1W 9 4 0 2 133 -1
17 2 4 MH-F1W 11 11 3 0 124 -1
17 2 5 MH-F2W 0 12 3 1 124 -1
17 2 6 ML-F2W 6 12 3 1 124 -1
17 2 7 ML-F3W 7 12 3 1 124 -1
17 2 8 ML-F3W 8 12 3 1 124 -1
17 2 9 ML-F3W 9 12 3 1 124 -1
17 2 10 ML-T3W 10 12 3 1 124 -1
17 3 -7 ML-F3W 5 6 2 0 519 -1
17 3 -6 ML-F3W 4 6 2 0 519 -1
17 3 -5 ML-F3W 3 6 2 0 519 -1
17 3 -4 ML-F3W 2 6 2 0 519 -1
17 3 -3 ML-F2W 11 12 3 1 508 -1
17 3 -2 MH-F2W 0 12 3 1 508 -1
17 3 -1 MH-F1W 9 11 3 0 508 -1
17 3 0 MH-F1W 10 4 0 2 49 -1
17 3 1 MH-F1W 1 5 1 2 50 -1
17 3 2 MH-F1W 4 5 1 2 50 -1
17 3 3 MH-F1W 6 11 3 0 124 -1
17 3 4 MH-F1W 10 4 0 2 133 -1
17 3 5 MH-F2W 1 12 3 1 124 -1
17 3 6 ML-F2W 11 12 3 1 124 -1
17 3 7 ML-F3W 0 13 3 2 124 -1
17 3 8 ML-F3W 1 13 3 2 124 -1
17 3 9 ML-F3W 2 13 3 2 124 -1
17 3 10 ML-F3W 3 13 3 2 124 -1
17 4 -6 ML-F3W 6 11 3 0 484 -1
17 4 -5 ML-F3W 4 11 3 0 484 -1
17 4 -4 ML-F3W 1 11 3 0 484 -1
17 4 -3 ML-F3W 0 13 3 2 508 -1
17 4 -2 ML-F2W 6 12 3 1 508 -1
17 4 -1 MH-F2W 10 11 3 0 508 -1
17 4 0 MH-F2W 11 4 0 2 49 -1
17 4 1 MH-F1W 2 5 1 2 50 -1
17 4 2 MH-F1W 7 5 1 2 50 -1
17 4 3 MH-F1W 5 5 1 2 50 -1
17 4 4 MH-F2W 7 11 3 0 124 -1
17 4 5 MH-F2W 11 4 0 2 133 -1
17 4 6 ML-F2W 0 5 1 2 134 -1
17 4 7 ML-F3W 2 6 2 0 135 -1
17 4 8 ML-F3W 1 11 3 0 100 -1
17 4 9 ML-F3W 2 11 3 0 100 -1
17 4 10 ML-F3W 3 11 3 0 100 -1
17 5 -5 ML-53W 5 11 3 0 484 -1
17 5 -4 ML-F3W 2 11 3 0 484 -1
17 5 -3 ML-F3W 1 13 3 2 508 -1
17 5 -2 ML-F3W 7 12 3 1 508 -1
17 5 -1 ML-F3W 2 12 3 1 508 -1
17 5 0 ML-F2W 9 7 2 1 51 -1
17 5 1 MH-F2W 3 5 1 2 50 -1
17 5 2 MH-F2W 8 5 1 2 50 -1
17 5 3 MH-F2W 9 5 1 2 50 -1
17 5 4 MH-F2W 6 5 1 2 50 -1
17 5 5 ML-F2W 9 5 1 2 134 -1
17 5 6 ML-F3W 5 5 1 2 134 -1
17 5 7 ML-F3W 1 5 1 2 134 -1
17 5 8 ML-F3W 3 6 2 0 135 -1
17 5 9 ML-F3W 4 11 3 0 100 -1
17 5 10 ML-53W 5 11 3 0 100 -1
17 6 -4 ML-F3W 3 11 3 0 484 -1
17 6 -3 ML-F3W 2 13 3 2 508 -1
17 6 -2 ML-F3W 8 12 3 1 508 -1
17 6 -1 ML-F3W 3 12 3 1 508 -1
17 6 0 ML-F3W 10 7 2 1 51 -1
17 6 1 ML-F3W 5 7 2 1 51 -1
17 6 2 ML-F2W 0 7 2 1 51 -1
17 6 3 ML-F2W 7 6 2 0 51 -1
17 6 4 ML-F2W 2 6 2 0 51 -1
17 6 5 ML-F3W 10 5 1 2 50 -1
17 6 6 ML-F3W 10 5 1 2 134 -1
17 6 7 ML-F3W 6 5 1 2 134 -1
17 6 8 ML-F3W 2 5 1 2 134 -1
17 6 9 ML-F3W 4 6 2 0 135 -1
17 6 10 ML-F3W 6 11 3 0 100 -1
17 7 -3 ML-F3W 3 13 3 2 508 -1
17 7 -2 ML-F3W 9 12 3 1 508 -1
17 7 -1 ML-F3W 4 12 3 1 508 -1
17 7 0 ML-F3W 11 7 2 1 51 -1
17 7 1 ML-F3W 6 7 2 1 51 -1
17 7 2 ML-F3W 1 7 2 1 51 -1
17 7 3 ML-F3W 2 8 2 2 51 -1
17 7 4 ML-F3W 8 6 2 0 51 -1
17 7 5 ML-F3W 3 6 2 0 51 -1
17 7 6 ML-F3W 11 5 1 2 50 -1
17 7 7 ML-F3W 11 5 1 2 134 -1
17 7 8 ML-F3W 7 5 1 2 134 -1
17 7 9 ML-F3W 3 5 1 2 134 -1
17 7 10 ML-F3W 5 6 2 0 135 -1
17 8 -2 ML-T3W 10 12 3 1 508 -1
17 8 -1 ML-F3W 5 12 3 1 508 -1
17 8 0 ML-F3W 0 8 2 2 51 -1
17 8 1 ML-F3W 7 7 2 1 51 -1
17 8 2 ML-F3W 2 7 2 1 51 -1
17 8 3 ML-F3W 3 8 2 2 51 -1
17 8 4 ML-F3W 6 12 3 1 16 -1
17 8 5 ML-F3W 9 6 2 0 51 -1
17 8 6 ML-F3W 4 6 2 0 51 -1
17 8 7 ML-F3W 0 6 2 0 51 -1
17 8 8 ML-F3W 0 6 2 0 135 -1
17 8 9 ML-F3W 8 5 1 2 134 -1
17 8 10 ML-B3W 4 5 1 2 134 -1
17 9 0 ML-B3W 1 8 2 2 51 -1
17 9 1 ML-F3W 8 7 2 1 51 -1
17 9 2 ML-F3W 3 7 2 1 51 -1
17 9 3 ML-F3W 4 8 2 2 51 -1
17 9 4 ML-F3W 7 12 3 1 16 -1
17 9 5 ML-F3W 8 12 3 1 16 -1
17 9 6 ML-F3W 10 6 2 0 51 -1
17 9 7 ML-F3W 5 6 2 0 51 -1
17 9 8 ML-F3W 1 6 2 0 51 -1
17 9 9 ML-B3W 1 6 2 0 135 -1
17 10 2 ML-B3W 4 7 2 1 51 -1
17 10 3 ML-F3W 5 8 2 2 51 -1
17 10 4 ML-F3W 9 12 3 1 16 -1
17 10 5 ML-53W 10 12 3 1 16 -1
17 10 6 ML-F3W 11 12 3 1 16 -1
17 10 7 ML-F3W 11 6 2 0 51 -1
17 10 8 ML-T3W 6 6 2 0 51 -1
18 -10 -8 ML-T3W 1 9 0 3 325 -1
18 -10 -7 ML-53W 2 10 1 3 326 -1
18 -10 -6 ML-53W 8 17 4 2 281 -1
18 -10 -5 ML-53W 7 17 4 2 281 -1
18 -10 -4 ML-53W 5 17 4 2 281 -1
18 -10 -3 ML-53W 8 8 2 2 327 -1
18 -10 -2 ML-B3W 3 8 2 2 327 -1
18 -9 -9 ML-T3W 10 9 0 3 325 -1
18 -9 -8 ML-F3W 5 9 0 3 325 -1
18 -9 -7 ML-F3W 0 9 0 3 325 -1
18 -9 -6 ML-F3W 1 10 1 3 326 -1
18 -9 -5 ML-F3W 6 17 4 2 281 -1
18 -9 -4 ML-F3W 4 17 4 2 281 -1
18 -9 -3 ML-F3W 7 8 2 2 327 -1
18 -9 -2 ML-F3W 2 8 2 2 327 -1
18 -9 -1 ML-F3W 10 7 2 1 327 -1
18 -8 -10 ML-B3W 3 10 1 3 242 -1
18 -8 -9 ML-F3W 10 9 0 3 241 -1
18 -8 -8 ML-F3W 9 9 0 3 325 -1
18 -8 -7 ML-F3W 4 9 0 3 325 -1
18 -8 -6 ML-F3W 11 8 2 2 327 -1
18 -8 -5 ML-F3W 0 10 1 3 326 -1
18 -8 -4 ML-F3W 3 17 4 2 281 -1
18 -8 -3 ML-F3W 6 8 2 2 327 -1
18 -8 -2 ML-F3W 1 8 2 2 327 -1
18 -8 -1 ML-F3W 9 7 2 1 327 -1
18 -7 -10 ML-53W 8 10 1 3 242 -1
18 -7 -9 ML-F3W 2 10 1 3 242 -1
18 -7 -8 ML-F3W 9 9 0 3 241 -1
18 -7 -7 ML-F3W 8 9 0 3 325 -1
18 -7 -6 ML-F3W 3 9 0 3 325 -1
18 -7 -5 ML-F3W 10 8 2 2 327 -1
18 -7 -4 ML-F3W 11 9 0 3 325 -1
18 -7 -3 ML-F3W 5 8 2 2 327 -1
18 -7 -2 ML-F3W 0 8 2 2 327 -1
18 -7 -1 ML-F3W 8 7 2 1 327 -1
18 -6 -10 ML-53W 7 20 5 1 198 -1
18 -6 -9 ML-F3W 7 10 1 3 242 -1
18 -6 -8 ML-F3W 1 10 1 3 242 -1
18 -6 -7 ML-F3W 8 9 0 3 241 -1
18 -6 -6 ML-F3W 7 9 0 3 325 -1
18 -6 -5 ML-F3W 2 9 0 3 325 -1
18 -6 -4 ML-F2W 9 8 2 2 327 -1
18 -6 -3 ML-F2W 4 8 2 2 327 -1
18 -6 -2 ML-F2W 11 7 2 1 327 -1
18 -6 -1 ML-F3W 7 7 2 1 327 -1
18 -5 -10 ML-53W 6 20 5 1 198 -1
18 -5 -9 ML-F3W 4 20 5 1 198 -1
18 -5 -8 ML-F3W 6 10 1 3 242 -1
18 -5 -7 ML-F3W 0 10 1 3 242 -1
18 -5 -6 ML-F3W 7 9 0 3 241 -1
18 -5 -5 ML-F2W 6 9 0 3 325 -1
18 -5 -4 MH-F2W 11 6 2 0 327 -1
18 -5 -3 MH-F2W 6 7 2 1 327 -1
18 -5 -2 MH-F2W 5 7 2 1 327 -1
18 -5 -1 MH-F2W 3 7 2 1 327 -1
18 -4 -10 ML-53W 5 20 5 1 198 -1
18 -4 -9 ML-F3W 3 20 5 1 198 -1
18 -4 -8 ML-F3W 2 20 5 1 198 -1
18 -4 -7 ML-F3W 5 10 1 3 242 -1
18 -4 -6 ML-F2W 11 9 0 3 241 -1
18 -4 -5 MH-F2W 3 9 0 3 241 -1
18 -4 -4 MH-F2W 8 6 2 0 327 -1
18 -4 -3 MH-F1W 10 6 2 0 327 -1
18 -4 -2 MH-F1W 4 7 2 1 327 -1
18 -4 -1 MH-F1W 2 7 2 1 327 -1
18 -3 -10 ML-53W 2 12 3 1 244 -1
18 -3 -9 ML-F3W 1 12 3 1 244 -1
18 -3 -8 ML-F3W 0 12 3 1 244 -1
18 -3 -7 ML-F3W 11 11 3 0 244 -1
18 -3 -6 ML-F2W 4 10 1 3 242 -1
18 -3 -5 MH-F2W 6 9 0 3 241 -1
18 -3 -4 MH-F1W 2 9 0 3 241 -1
18 -3 -3 MH-F1W 7 6 2 0 327 -1
18 -3 -2 MH-F1W 9 6 2 0 327 -1
18 -3 -1 MH-F1W 1 7 2 1 327 -1
18 -2 -10 ML-T3W 1 11 3 0 244 -1
18 -2 -9 ML-F3W 0 11 3 0 244 -1
18 -2 -8 ML-F3W 11 10 1 3 242 -1
18 -2 -7 ML-F3W 10 10 1 3 242 -1
18 -2 -6 ML-F2W 9 10 1 3 242 -1
18 -2 -5 MH-F2W 5 9 0 3 241 -1
18 -2 -4 MH-F1W 4 9 0 3 241 -1
18 -2 -3 MH-F1W 1 9 0 3 241 -1
18 -2 -2 MH-B1W 6 6 2 0 327 -1
18 -2 -1 MH-R1W 0 7 2 1 327 -1
18 -1 -9 ML-F3W 5 11 3 0 244 -1
18 -1 -8 ML-F3W 4 11 3 0 244 -1
18 -1 -7 ML-F3W 3 11 3 0 244 -1
18 -1 -6 ML-F3W 2 11 3 0 244 -1
18 -1 -5 MH-F2W 11 8 2 2 243 -1
18 -1 -4 MH-F1W 10 8 2 2 243 -1
18 -1 -3 MH-F1W 9 8 2 2 243 -1
18 -1 -2 MH-R1W 0 9 0 3 241 -1
18 0 -9 ML-T3W 10 11 3 0 244 -1
18 0 -8 ML-F3W 9 11 3 0 244 -1
18 0 -7 ML-F3W 8 11 3 0 244 -1
18 0 -6 ML-F3W 7 11 3 0 244 -1
18 0 -5 ML-F2W 6 11 3 0 244 -1
18 0 -4 MH-F2W 8 8 2 2 243 -1
18 0 -3 MH-F1W 7 8 2 2 243 -1
18 0 -2 MH-B1W 6 8 2 2 243 -1
18 1 -8 ML-F3W 10 7 2 1 519 -1
18 1 -7 ML-F3W 9 7 2 1 519 -1
18 1 -6 ML-F3W 8 7 2 1 519 -1
18 1 -5 ML-F3W 7 7 2 1 519 -1
18 1 -4 MH-F2W 3 7 2 1 519 -1
18 1 -3 MH-F1W 2 7 2 1 519 -1
18 1 -2 MH-F1W 1 7 2 1 519 -1
18 1 -1 MH-R1W 0 7 2 1 519 -1
18 1 2 MH-R1W 0 7 2 1 135 -1
18 1 3 MH-F1W 1 7 2 1 135 -1
18 1 4 MH-F1W 2 7 2 1 135 -1
18 1 5 MH-F2W 3 7 2 1 135 -1
18 1 6 ML-F3W 7 7 2 1 135 -1
18 1 7 ML-F3W 8 7 2 1 135 -1
18 1 8 ML-F3W 9 7 2 1 135 -1
18 1 9 ML-F3W 10 7 2 1 135 -1
18 2 -8 ML-B3W 3 8 2 2 519 -1
18 2 -7 ML-F3W 2 8 2 2 519 -1
18 2 -6 ML-F3W 1 8 2 2 519 -1
18 2 -5 ML-F3W 0 8 2 2 519 -1
18 2 -4 ML-F2W 11 7 2 1 519 -1
18 2 -3 MH-F2W 5 7 2 1 519 -1
18 2 -2 MH-F1W 4 7 2 1 519 -1
18 2 -1 MH-F1W 9 6 2 0 519 -1
18 2 0 MH-B1W 6 8 2 2 51 -1
18 2 0 MH-B1W 6 6 2 0 519 -1
18 2 1 MH-R1W 0 9 0 3 49 -1
18 2 1 MH-R1W 0 9 0 3 433 -1
18 2 2 MH-B1W 6 8 2 2 435 -1
18 2 2 MH-B1W 6 6 2 0 135 -1
18 2 3 MH-F1W 9 6 2 0 135 -1
18 2 4 MH-F1W 4 7 2 1 135 -1
18 2 5 MH-F2W 5 7 2 1 135 -1
18 2 6 ML-F2W 11 7 2 1 135 -1
18 2 7 ML-F3W 0 8 2 2 135 -1
18 2 8 ML-F3W 1 8 2 2 135 -1
18 2 9 ML-F3W 2 8 2 2 135 -1
18 2 10 ML-B3W 3 8 2 2 135 -1
18 3 -7 ML-53W 8 8 2 2 519 -1
18 3 -6 ML-F3W 7 8 2 2 519 -1
18 3 -5 ML-F3W 6 8 2 2 519 -1
18 3 -4 ML-F3W 5 8 2 2 519 -1
18 3 -3 ML-F2W 4 8 2 2 519 -1
18 3 -2 MH-F2W 6 7 2 1 519 -1
18 3 -1 MH-F1W 10 6 2 0 519 -1
18 3 0 MH-F1W 7 8 2 2 51 -1
18 3 0 MH-F1W 7 6 2 0 519 -1
18 3 1 MH-F1W 9 8 2 2 51 -1
18 3 1 MH-F1W 1 9 0 3 433 -1
18 3 2 MH-F1W 9 8 2 2 435 -1
18 3 2 MH-F1W 1 9 0 3 49 -1
18 3 3 MH-F1W 7 8 2 2 435 -1
18 3 3 MH-F1W 7 6 2 0 135 -1
18 3 4 MH-F1W 10 6 2 0 135 -1
18 3 5 MH-F2W 6 7 2 1 135 -1
18 3 6 ML-F2W 4 8 2 2 135 -1
18 3 7 ML-F3W 5 8 2 2 135 -1
18 3 8 ML-F3W 6 8 2 2 135 -1
18 3 9 ML-F3W 7 8 2 2 135 -1
18 3 10 ML-53W 8 8 2 2 135 -1
18 4 -6 ML-53W 5 17 4 2 473 -1
18 4 -5 ML-F3W 4 17 4 2 473 -1
18 4 -4 ML-F3W 3 17 4 2 473 -1
18 4 -3 ML-F3W 11 9 0 3 517 -1
18 4 -2 ML-F2W 9 8 2 2 519 -1
18 4 -1 MH-F2W 11 6 2 0 519 -1
18 4 0 MH-F2W 8 8 2 2 51 -1
18 4 0 MH-F2W 8 6 2 0 519 -1
18 4 1 MH-F1W 10 8 2 2 51 -1
18 4 1 MH-F1W 2 9 0 3 433 -1
18 4 2 MH-F1W 4 9 0 3 49 -1
18 4 2 MH-F1W 4 9 0 3 433 -1
18 4 3 MH-F1W 10 8 2 2 435 -1
18 4 3 MH-F1W 2 9 0 3 49 -1
18 4 4 MH-F2W 8 8 2 2 435 -1
18 4 4 MH-F2W 8 6 2 0 135 -1
18 4 5 MH-F2W 11 6 2 0 135 -1
18 4 6 ML-F2W 9 8 2 2 135 -1
18 4 7 ML-F3W 11 9 0 3 133 -1
18 4 8 ML-F3W 3 17 4 2 89 -1
18 4 9 ML-F3W 4 17 4 2 89 -1
18 4 10 ML-53W 5 17 4 2 89 -1
18 5 -5 ML-53W 7 17 4 2 473 -1
18 5 -4 ML-F3W 6 17 4 2 473 -1
18 5 -3 ML-F3W 0 10 1 3 518 -1
18 5 -2 ML-F3W 10 8 2 2 519 -1
18 5 -1 ML-F3W 2 9 0 3 517 -1
18 5 0 ML-F2W 6 11 3 0 52 -1
18 5 0 ML-F2W 6 9 0 3 517 -1
18 5 1 MH-F2W 11 8 2 2 51 -1
18 5 1 MH-F2W 3 9 0 3 433 -1
18 5 2 MH-F2W 5 9 0 3 49 -1
18 5 2 MH-F2W 6 9 0 3 433 -1
18 5 3 MH-F2W 5 9 0 3 433 -1
18 5 3 MH-F2W 6 9 0 3 49 -1
18 5 4 MH-F2W 11 8 2 2 435 -1
18 5 4 MH-F2W 3 9 0 3 49 -1
18 5 5 ML-F2W 6 11 3 0 436 -1
18 5 5 ML-F2W 6 9 0 3 133 -1
18 5 6 ML-F3W 2 9 0 3 133 -1
18 5 7 ML-F3W 10 8 2 2 135 -1
18 5 8 ML-F3W 0 10 1 3 134 -1
18 5 9 ML-F3W 6 17 4 2 89 -1
18 5 10 ML-53W 7 17 4 2 89 -1
18 6 -4 ML-53W 8 17 4 2 473 -1
18 6 -3 ML-F3W 1 10 1 3 518 -1
18 6 -2 ML-F3W 11 8 2 2 519 -1
18 6 -1 ML-F3W 3 9 0 3 517 -1
18 6 0 ML-F3W 7 11 3 0 52 -1
18 6 0 ML-F3W 7 9 0 3 517 -1
18 6 1 ML-F3W 7 9 0 3 433 -1
18 6 1 ML-F3W 2 11 3 0 52 -1
18 6 2 ML-F2W 11 9 0 3 433 -1
18 6 2 ML-F2W 9 10 1 3 50 -1
18 6 3 ML-F2W 4 10 1 3 50 -1
18 6 3 ML-F2W 4 10 1 3 434 -1
18 6 4 ML-F2W 11 9 0 3 49 -1
18 6 4 ML-F2W 9 10 1 3 434 -1
18 6 5 ML-F3W 7 9 0 3 49 -1
18 6 5 ML-F3W 2 11 3 0 436 -1
18 6 6 ML-F3W 7 11 3 0 436 -1
18 6 6 ML-F3W 7 9 0 3 133 -1
18 6 7 ML-F3W 3 9 0 3 133 -1
18 6 8 ML-F3W 11 8 2 2 135 -1
18 6 9 ML-F3W 1 10 1 3 134 -1
18 6 10 ML-53W 8 17 4 2 89 -1
18 7 -3 ML-53W 2 10 1 3 518 -1
18 7 -2 ML-F3W 0 9 0 3 517 -1
18 7 -1 ML-F3W 4 9 0 3 517 -1
18 7 0 ML-F3W 8 11 3 0 52 -1
18 7 0 ML-F3W 8 9 0 3 517 -1
18 7 1 ML-F3W 8 9 0 3 433 -1
18 7 1 ML-F3W 3 11 3 0 52 -1
18 7 2 ML-F3W 0 10 1 3 434 -1
18 7 2 ML-F3W 10 10 1 3 50 -1
18 7 3 ML-F3W 5 10 1 3 434 -1
18 7 3 ML-F3W 11 11 3 0 52 -1
18 7 4 ML-F3W 5 10 1 3 50 -1
18 7 4 ML-F3W 11 11 3 0 436 -1
18 7 5 ML-F3W 0 10 1 3 50 -1
18 7 5 ML-F3W 10 10 1 3 434 -1
18 7 6 ML-F3W 8 9 0 3 49 -1
18 7 6 ML-F3W 3 11 3 0 436 -1
18 7 7 ML-F3W 8 11 3 0 436 -1
18 7 7 ML-F3W 8 9 0 3 133 -1
18 7 8 ML-F3W 4 9 0 3 133 -1
18 7 9 ML-F3W 0 9 0 3 133 -1
18 7 10 ML-53W 2 10 1 3 134 -1
18 8 -2 ML-T3W 1 9 0 3 517 -1
18 8 -1 ML-F3W 5 9 0 3 517 -1
18 8 0 ML-F3W 9 11 3 0 52 -1
18 8 0 ML-F3W 9 9 0 3 517 -1
18 8 1 ML-F3W 9 9 0 3 433 -1
18 8 1 ML-F3W 4 11 3 0 52 -1
18 8 2 ML-F3W 1 10 1 3 434 -1
18 8 2 ML-F3W 11 10 1 3 50 -1
18 8 3 ML-F3W 6 10 1 3 434 -1
18 8 3 ML-F3W 0 12 3 1 52 -1
18 8 4 ML-F3W 2 20 5 1 6 -1
18 8 4 ML-F3W 2 20 5 1 390 -1
18 8 5 ML-F3W 6 10 1 3 50 -1
18 8 5 ML-F3W 0 12 3 1 436 -1
18 8 6 ML-F3W 1 10 1 3 50 -1
18 8 6 ML-F3W 11 10 1 3 434 -1
18 8 7 ML-F3W 9 9 0 3 49 -1
18 8 7 ML-F3W 4 11 3 0 436 -1
18 8 8 ML-F3W 9 11 3 0 436 -1
18 8 8 ML-F3W 9 9 0 3 133 -1
18 8 9 ML-F3W 5 9 0 3 133 -1
18 8 10 ML-T3W 1 9 0 3 133 -1
18 9 0 ML-T3W 10 11 3 0 52 -1
18 9 0 ML-T3W 10 9 0 3 517 -1
18 9 1 ML-F3W 10 9 0 3 433 -1
18 9 1 ML-F3W 5 11 3 0 52 -1
18 9 2 ML-F3W 2 10 1 3 434 -1
18 9 2 ML-F3W 0 11 3 0 52 -1
18 9 3 ML-F3W 7 10 1 3 434 -1
18 9 3 ML-F3W 1 12 3 1 52 -1
18 9 4 ML-F3W 3 20 5 1 6 -1
18 9 4 ML-F3W 4 20 5 1 390 -1
18 9 5 ML-F3W 3 20 5 1 390 -1
18 9 5 ML-F3W 4 20 5 1 6 -1
18 9 6 ML-F3W 7 10 1 3 50 -1
18 9 6 ML-F3W 1 12 3 1 436 -1
18 9 7 ML-F3W 2 10 1 3 50 -1
18 9 7 ML-F3W 0 11 3 0 436 -1
18 9 8 ML-F3W 10 9 0 3 49 -1
18 9 8 ML-F3W 5 11 3 0 436 -1
18 9 9 ML-T3W 10 11 3 0 436 -1
18 9 9 ML-T3W 10 9 0 3 133 -1
18 10 2 ML-B3W 3 10 1 3 434 -1
18 10 2 ML-T3W 1 11 3 0 52 -1
18 10 3 ML-53W 8 10 1 3 434 -1
18 10 3 ML-53W 2 12 3 1 52 -1
18 10 4 ML-53W 5 20 5 1 6 -1
18 10 4 ML-53W 7 20 5 1 390 -1
18 10 5 ML-53W 6 20 5 1 6 -1
18 10 5 ML-53W 6 20 5 1 390 -1
18 10 6 ML-53W 5 20 5 1 390 -1
18 10 6 ML-53W 7 20 5 1 6 -1
18 10 7 ML-53W 8 10 1 3 50 -1
18 10 7 ML-53W 2 12 3 1 436 -1
18 10 8 ML-B3W 3 10 1 3 50 -1
18 10 8 ML-T3W 1 11 3 0 436 -1
19 -10 -8 ML-T3W 6 6 2 0 339 -1
19 -10 -7 ML-F3W 11 6 2 0 339 -1
19 -10 -6 ML-F3W 6 13 3 2 316 -1
19 -10 -5 ML-53W 8 13 3 2 316 -1
19 -10 -4 ML-F3W 9 13 3 2 316 -1
19 -10 -3 ML-F3W 5 8 2 2 339 -1
19 -10 -2 ML-B3W 4 7 2 1 339 -1
19 -9 -9 ML-B3W 4 6 2 0 447 -1
19 -9 -8 ML-F3W 1 6 2 0 339 -1
19 -9 -7 ML-F3W 5 6 2 0 339 -1
19 -9 -6 ML-F3W 10 6 2 0 339 -1
19 -9 -5 ML-F3W 5 13 3 2 316 -1
19 -9 -4 ML-F3W 7 13 3 2 316 -1
19 -9 -3 ML-F3W 4 8 2 2 339 -1
19 -9 -2 ML-F3W 3 7 2 1 339 -1
19 -9 -1 ML-F3W 8 7 2 1 339 -1
19 -9 0 ML-B3W 1 8 2 2 339 -1
19 -8 -10 ML-B3W 7 5 1 2 446 -1
19 -8 -9 ML-F3W 11 5 1 2 446 -1
19 -8 -8 ML-F3W 3 6 2 0 447 -1
19 -8 -7 ML-F3W 0 6 2 0 339 -1
19 -8 -6 ML-F3W 4 6 2 0 339 -1
19 -8 -5 ML-F3W 9 6 2 0 339 -1
19 -8 -4 ML-F3W 4 13 3 2 316 -1
19 -8 -3 ML-F3W 3 8 2 2 339 -1
19 -8 -2 ML-F3W 2 7 2 1 339 -1
19 -8 -1 ML-F3W 7 7 2 1 339 -1
19 -8 0 ML-F3W 0 8 2 2 339 -1
19 -8 1 ML-F3W 4 4 0 2 253 -1
19 -8 2 ML-T3W 9 4 0 2 253 -1
19 -7 -10 ML-F3W 8 6 2 0 447 -1
19 -7 -9 ML-F3W 6 5 1 2 446 -1
19 -7 -8 ML-F3W 10 5 1 2 446 -1
19 -7 -7 ML-F3W 2 6 2 0 447 -1
19 -7 -6 ML-F3W 11 5 1 2 338 -1
19 -7 -5 ML-F3W 3 6 2 0 339 -1
19 -7 -4 ML-F3W 8 6 2 0 339 -1
19 -7 -3 ML-F3W 2 8 2 2 339 -1
19 -7 -2 ML-F3W 1 7 2 1 339 -1
19 -7 -1 ML-F3W 6 7 2 1 339 -1
19 -7 0 ML-F3W 11 7 2 1 339 -1
19 -7 1 ML-F3W 3 4 0 2 253 -1
19 -7 2 ML-F3W 8 4 0 2 253 -1
19 -7 3 ML-F3W 2 5 1 2 254 -1
19 -6 -10 ML-F3W 10 13 3 2 424 -1
19 -6 -9 ML-F3W 7 6 2 0 447 -1
19 -6 -8 ML-F3W 5 5 1 2 446 -1
19 -6 -7 ML-F3W 9 5 1 2 446 -1
19 -6 -6 ML-F3W 1 6 2 0 447 -1
19 -6 -5 ML-F3W 10 5 1 2 338 -1
19 -6 -4 ML-F2W 2 6 2 0 339 -1
19 -6 -3 ML-F2W 7 6 2 0 339 -1
19 -6 -2 ML-F2W 0 7 2 1 339 -1
19 -6 -1 ML-F3W 5 7 2 1 339 -1
19 -6 0 ML-F3W 10 7 2 1 339 -1
19 -6 1 ML-F3W 2 4 0 2 253 -1
19 -6 2 ML-F3W 7 4 0 2 253 -1
19 -6 3 ML-F3W 1 5 1 2 254 -1
19 -6 4 ML-F3W 0 14 2 3 231 -1
19 -5 -10 ML-53W 11 13 3 2 424 -1
19 -5 -9 ML-F3W 8 13 3 2 424 -1
19 -5 -8 ML-F3W 6 6 2 0 447 -1
19 -5 -7 ML-F3W 4 5 1 2 446 -1
19 -5 -6 ML-F3W 8 5 1 2 446 -1
19 -5 -5 ML-F2W 0 6 2 0 447 -1
19 -5 -4 MH-F2W 6 5 1 2 338 -1
19 -5 -3 MH-F2W 8 5 1 2 338 -1
19 -5 -2 MH-F2W 9 5 1 2 338 -1
19 -5 -1 MH-F2W 3 5 1 2 338 -1
19 -5 0 ML-F2W 9 7 2 1 339 -1
19 -5 1 ML-F3W 1 4 0 2 253 -1
19 -5 2 ML-F3W 6 4 0 2 253 -1
19 -5 3 ML-F3W 0 5 1 2 254 -1
19 -5 4 ML-F3W 9 13 3 2 232 -1
19 -5 5 ML-53W 11 13 3 2 232 -1
19 -4 -10 ML-F3W 0 14 2 3 423 -1
19 -4 -9 ML-F3W 9 13 3 2 424 -1
19 -4 -8 ML-F3W 7 13 3 2 424 -1
19 -4 -7 ML-F3W 5 6 2 0 447 -1
19 -4 -6 ML-F2W 3 5 1 2 446 -1
19 -4 -5 MH-F2W 6 3 1 1 446 -1
19 -4 -4 MH-F2W 2 3 1 1 446 -1
19 -4 -3 MH-F1W 5 5 1 2 338 -1
19 -4 -2 MH-F1W 7 5 1 2 338 -1
19 -4 -1 MH-F1W 2 5 1 2 338 -1
19 -4 0 MH-F2W 11 4 0 2 337 -1
19 -4 1 MH-F2W 9 3 1 1 254 -1
19 -4 2 ML-F2W 5 4 0 2 253 -1
19 -4 3 ML-F3W 11 4 0 2 253 -1
19 -4 4 ML-F3W 7 13 3 2 232 -1
19 -4 5 ML-F3W 8 13 3 2 232 -1
19 -4 6 ML-F3W 10 13 3 2 232 -1
19 -3 -10 ML-F3W 2 5 1 2 446 -1
19 -3 -9 ML-F3W 1 5 1 2 446 -1
19 -3 -8 ML-F3W 0 5 1 2 446 -1
19 -3 -7 ML-F3W 11 4 0 2 445 -1
19 -3 -6 ML-F2W 10 4 0 2 445 -1
19 -3 -5 MH-F2W 11 3 1 1 446 -1
19 -3 -4 MH-F1W 5 3 1 1 446 -1
19 -3 -3 MH-F1W 1 3 1 1 446 -1
19 -3 -2 MH-F1W 4 5 1 2 338 -1
19 -3 -1 MH-F1W 1 5 1 2 338 -1
19 -3 0 MH-F1W 10 4 0 2 337 -1
19 -3 1 MH-F1W 8 3 1 1 254 -1
19 -3 2 MH-F2W 0 4 0 2 253 -1
19 -3 3 ML-F2W 10 4 0 2 253 -1
19 -3 4 ML-F3W 5 6 2 0 255 -1
19 -3 5 ML-F3W 6 6 2 0 255 -1
19 -3 6 ML-F3W 7 6 2 0 255 -1
19 -3 7 ML-F3W 8 6 2 0 255 -1
19 -2 -10 ML-T3W 9 4 0 2 445 -1
19 -2 -9 ML-F3W 8 4 0 2 445 -1
19 -2 -8 ML-F3W 7 4 0 2 445 -1
19 -2 -7 ML-F3W 6 4 0 2 445 -1
19 -2 -6 ML-F2W 5 4 0 2 445 -1
19 -2 -5 MH-F2W 0 4 0 2 445 -1
19 -2 -4 MH-F1W 10 3 1 1 446 -1
19 -2 -3 MH-F1W 4 3 1 1 446 -1
19 -2 -2 MH-B1W 0 3 1 1 446 -1
19 -2 -1 MH-L1W 0 5 1 2 338 -1
19 -2 0 MH-B1W 9 4 0 2 337 -1
19 -2 1 MH-F1W 7 3 1 1 254 -1
19 -2 2 MH-F1W 10 3 1 1 254 -1
19 -2 3 MH-F2W 11 3 1 1 254 -1
19 -2 4 ML-F2W 3 5 1 2 254 -1
19 -2 5 ML-F3W 4 5 1 2 254 -1
19 -2 6 ML-F3W 5 5 1 2 254 -1
19 -2 7 ML-F3W 6 5 1 2 254 -1
19 -2 8 ML-B3W 7 5 1 2 254 -1
19 -1 -9 ML-F3W 4 4 0 2 445 -1
19 -1 -8 ML-F3W 3 4 0 2 445 -1
19 -1 -7 ML-F3W 2 4 0 2 445 -1
19 -1 -6 ML-F3W 1 4 0 2 445 -1
19 -1 -5 MH-F2W 9 3 1 1 446 -1
19 -1 -4 MH-F1W 8 3 1 1 446 -1
19 -1 -3 MH-F1W 7 3 1 1 446 -1
19 -1 -2 MH-L1W 3 3 1 1 446 -1
19 -1 1 MH-L1W 3 3 1 1 254 -1
19 -1 2 MH-F1W 4 3 1 1 254 -1
19 -1 3 MH-F1W 5 3 1 1 254 -1
19 -1 4 MH-F2W 6 3 1 1 254 -1
19 -1 5 ML-F3W 8 5 1 2 254 -1
19 -1 6 ML-F3W 9 5 1 2 254 -1
19 -1 7 ML-F3W 10 5 1 2 254 -1
19 -1 8 ML-F3W 11 5 1 2 254 -1
19 0 -9 ML-B3W 1 8 2 2 531 -1
19 0 -8 ML-F3W 0 8 2 2 531 -1
19 0 -7 ML-F3W 11 7 2 1 531 -1
19 0 -6 ML-F3W 10 7 2 1 531 -1
19 0 -5 ML-F2W 9 7 2 1 531 -1
19 0 -4 MH-F2W 11 4 0 2 529 -1
19 0 -3 MH-F1W 10 4 0 2 529 -1
19 0 -2 MH-B1W 9 4 0 2 529 -1
19 0 2 MH-B1W 0 3 1 1 254 -1
19 0 3 MH-F1W 1 3 1 1 254 -1
19 0 4 MH-F2W 2 3 1 1 254 -1
19 0 5 ML-F2W 0 6 2 0 255 -1
19 0 6 ML-F3W 1 6 2 0 255 -1
19 0 7 ML-F3W 2 6 2 0 255 -1
19 0 8 ML-F3W 3 6 2 0 255 -1
19 0 9 ML-B3W 4 6 2 0 255 -1
19 1 -8 ML-F3W 8 7 2 1 531 -1
19 1 -7 ML-F3W 7 7 2 1 531 -1
19 1 -6 ML-F3W 6 7 2 1 531 -1
19 1 -5 ML-F3W 5 7 2 1 531 -1
19 1 -4 MH-F2W 3 5 1 2 530 -1
19 1 -3 MH-F1W 2 5 1 2 530 -1
19 1 -2 MH-F1W 1 5 1 2 530 -1
19 1 -1 MH-L1W 0 5 1 2 530 -1
19 1 2 MH-L1W 0 5 1 2 146 -1
19 1 3 MH-F1W 4 5 1 2 146 -1
19 1 4 MH-F1W 5 5 1 2 146 -1
19 1 5 MH-F2W 6 5 1 2 146 -1
19 1 6 ML-F3W 10 5 1 2 146 -1
19 1 7 ML-F3W 11 5 1 2 146 -1
19 1 8 ML-F3W 0 6 2 0 147 -1
19 1 9 ML-F3W 1 6 2 0 147 -1
19 2 -8 ML-B3W 4 7 2 1 531 -1
19 2 -7 ML-F3W 3 7 2 1 531 -1
19 2 -6 ML-F3W 2 7 2 1 531 -1
19 2 -5 ML-F3W 1 7 2 1 531 -1
19 2 -4 ML-F2W 0 7 2 1 531 -1
19 2 -3 MH-F2W 9 5 1 2 530 -1
19 2 -2 MH-F1W 7 5 1 2 530 -1
19 2 -1 MH-F1W 4 5 1 2 530 -1
19 2 0 MH-B1W 0 3 1 1 62 -1
19 2 1 MH-L1W 3 3 1 1 62 -1
19 2 2 MH-B1W 9 4 0 2 145 -1
19 2 3 MH-F1W 1 5 1 2 146 -1
19 2 4 MH-F1W 7 5 1 2 146 -1
19 2 5 MH-F2W 8 5 1 2 146 -1
19 2 6 ML-F2W 2 6 2 0 147 -1
19 2 7 ML-F3W 3 6 2 0 147 -1
19 2 8 ML-F3W 4 6 2 0 147 -1
19 2 9 ML-F3W 5 6 2 0 147 -1
19 2 10 ML-T3W 6 6 2 0 147 -1
19 3 -7 ML-F3W 5 8 2 2 531 -1
19 3 -6 ML-F3W 4 8 2 2 531 -1
19 3 -5 ML-F3W 3 8 2 2 531 -1
19 3 -4 ML-F3W 2 8 2 2 531 -1
19 3 -3 ML-F2W 7 6 2 0 531 -1
19 3 -2 MH-F2W 8 5 1 2 530 -1
19 3 -1 MH-F1W 5 5 1 2 530 -1
19 3 0 MH-F1W 1 3 1 1 62 -1
19 3 1 MH-F1W 4 3 1 1 62 -1
19 3 2 MH-F1W 7 3 1 1 62 -1
19 3 3 MH-F1W 10 4 0 2 145 -1
19 3 4 MH-F1W 2 5 1 2 146 -1
19 3 5 MH-F2W 9 5 1 2 146 -1
19 3 6 ML-F2W 7 6 2 0 147 -1
19 3 7 ML-F3W 8 6 2 0 147 -1
19 3 8 ML-F3W 9 6 2 0 147 -1
19 3 9 ML-F3W 10 6 2 0 147 -1
19 3 10 ML-F3W 11 6 2 0 147 -1
19 4 -6 ML-F3W 9 13 3 2 508 -1
19 4 -5 ML-F3W 7 13 3 2 508 -1
19 4 -4 ML-F3W 4 13 3 2 508 -1
19 4 -3 ML-F3W 8 6 2 0 531 -1
19 4 -2 ML-F2W 2 6 2 0 531 -1
19 4 -1 MH-F2W 6 5 1 2 530 -1
19 4 0 MH-F2W 2 3 1 1 62 -1
19 4 1 MH-F1W 5 3 1 1 62 -1
19 4 2 MH-F1W 10 3 1 1 62 -1
19 4 3 MH-F1W 8 3 1 1 62 -1
19 4 4 MH-F2W 11 4 0 2 145 -1
19 4 5 MH-F2W 3 5 1 2 146 -1
19 4 6 ML-F2W 0 7 2 1 147 -1
19 4 7 ML-F3W 2 8 2 2 147 -1
19 4 8 ML-F3W 4 13 3 2 124 -1
19 4 9 ML-F3W 5 13 3 2 124 -1
19 4 10 ML-F3W 6 13 3 2 124 -1
19 5 -5 ML-53W 8 13 3 2 508 -1
19 5 -4 ML-F3W 5 13 3 2 508 -1
19 5 -3 ML-F3W 9 6 2 0 531 -1
19 5 -2 ML-F3W 3 6 2 0 531 -1
19 5 -1 ML-F3W 10 5 1 2 530 -1
19 5 0 ML-F2W 0 6 2 0 63 -1
19 5 1 MH-F2W 6 3 1 1 62 -1
19 5 2 MH-F2W 11 3 1 1 62 -1
19 5 3 MH-F2W 0 4 0 2 61 -1
19 5 4 MH-F2W 9 3 1 1 62 -1
19 5 5 ML-F2W 9 7 2 1 147 -1
19 5 6 ML-F3W 5 7 2 1 147 -1
19 5 7 ML-F3W 1 7 2 1 147 -1
19 5 8 ML-F3W 3 8 2 2 147 -1
19 5 9 ML-F3W 7 13 3 2 124 -1
19 5 10 ML-53W 8 13 3 2 124 -1
19 6 -4 ML-F3W 6 13 3 2 508 -1
19 6 -3 ML-F3W 10 6 2 0 531 -1
19 6 -2 ML-F3W 4 6 2 0 531 -1
19 6 -1 ML-F3W 11 5 1 2 530 -1
19 6 0 ML-F3W 1 6 2 0 63 -1
19 6 1 ML-F3W 8 5 1 2 62 -1
19 6 2 ML-F2W 3 5 1 2 62 -1
19 6 3 ML-F2W 10 4 0 2 61 -1
19 6 4 ML-F2W 5 4 0 2 61 -1
19 6 5 ML-F3W 1 4 0 2 61 -1
19 6 6 ML-F3W 10 7 2 1 147 -1
19 6 7 ML-F3W 6 7 2 1 147 -1
19 6 8 ML-F3W 2 7 2 1 147 -1
19 6 9 ML-F3W 4 8 2 2 147 -1
19 6 10 ML-F3W 9 13 3 2 124 -1
19 7 -3 ML-F3W 11 6 2 0 531 -1
19 7 -2 ML-F3W 5 6 2 0 531 -1
19 7 -1 ML-F3W 0 6 2 0 531 -1
19 7 0 ML-F3W 2 6 2 0 63 -1
19 7 1 ML-F3W 9 5 1 2 62 -1
19 7 2 ML-F3W 4 5 1 2 62 -1
19 7 3 ML-F3W 5 6 2 0 63 -1
19 7 4 ML-F3W 11 4 0 2 61 -1
19 7 5 ML-F3W 6 4 0 2 61 -1
19 7 6 ML-F3W 2 4 0 2 61 -1
19 7 7 ML-F3W 11 7 2 1 147 -1
19 7 8 ML-F3W 7 7 2 1 147 -1
19 7 9 ML-F3W 3 7 2 1 147 -1
19 7 10 ML-F3W 5 8 2 2 147 -1
19 8 -2 ML-T3W 6 6 2 0 531 -1
19 8 -1 ML-F3W 1 6 2 0 531 -1
19 8 0 ML-F3W 3 6 2 0 63 -1
19 8 1 ML-F3W 10 5 1 2 62 -1
19 8 2 ML-F3W 5 5 1 2 62 -1
19 8 3 ML-F3W 6 6 2 0 63 -1
19 8 4 ML-F3W 7 13 3 2 40 -1
19 8 5 ML-F3W 0 5 1 2 62 -1
19 8 6 ML-F3W 7 4 0 2 61 -1
19 8 7 ML-F3W 3 4 0 2 61 -1
19 8 8 ML-F3W 0 8 2 2 147 -1
19 8 9 ML-F3W 8 7 2 1 147 -1
19 8 10 ML-B3W 4 7 2 1 147 -1
19 9 0 ML-B3W 4 6 2 0 63 -1
19 9 1 ML-F3W 11 5 1 2 62 -1
19 9 2 ML-F3W 6 5 1 2 62 -1
19 9 3 ML-F3W 7 6 2 0 63 -1
19 9 4 ML-F3W 8 13 3 2 40 -1
19 9 5 ML-F3W 9 13 3 2 40 -1
19 9 6 ML-F3W 1 5 1 2 62 -1
19 9 7 ML-F3W 8 4 0 2 61 -1
19 9 8 ML-F3W 4 4 0 2 61 -1
19 9 9 ML-B3W 1 8 2 2 147 -1
19 10 2 ML-B3W 7 5 1 2 62 -1
19 10 3 ML-F3W 8 6 2 0 63 -1
19 10 4 ML-F3W 10 13 3 2 40 -1
19 10 5 ML-53W 11 13 3 2 40 -1
19 10 6 ML-F3W 0 14 2 3 39 -1
19 10 7 ML-F3W 2 5 1 2 62 -1
19 10 8 ML-T3W 9 4 0 2 61 -1
20 -10 -8 ML-T3W 1 11 3 0 340 -1
20 -10 -7 ML-53W 2 12 3 1 340 -1
20 -10 -6 ML-F3W 8 12 3 1 340 -1
20 -10 -5 ML-53W 7 12 3 1 340 -1
20 -10 -4 ML-F3W 5 12 3 1 340 -1
20 -10 -3 ML-53W 8 10 1 3 338 -1
20 -10 -2 ML-B3W 3 10 1 3 338 -1
20 -9 -9 ML-T3W 10 11 3 0 340 -1
20 -9 -8 ML-F3W 5 11 3 0 340 -1
20 -9 -7 ML-F3W 0 11 3 0 340 -1
20 -9 -6 ML-F3W 1 12 3 1 340 -1
20 -9 -5 ML-F3W 6 12 3 1 340 -1
20 -9 -4 ML-F3W 4 12 3 1 340 -1
20 -9 -3 ML-F3W 7 10 1 3 338 -1
20 -9 -2 ML-F3W 2 10 1 3 338 -1
20 -9 -1 ML-F3W 10 9 0 3 337 -1
20 -8 -10 ML-B3W 7 10 1 3 266 -1
20 -8 -9 ML-F3W 2 10 1 3 266 -1
20 -8 -8 ML-F3W 9 11 3 0 340 -1
20 -8 -7 ML-F3W 4 11 3 0 340 -1
20 -8 -6 ML-F3W 11 10 1 3 338 -1
20 -8 -5 ML-F3W 0 12 3 1 340 -1
20 -8 -4 ML-F3W 3 12 3 1 340 -1
20 -8 -3 ML-F3W 6 10 1 3 338 -1
20 -8 -2 ML-F3W 1 10 1 3 338 -1
20 -8 -1 ML-F3W 9 9 0 3 337 -1
20 -7 -10 ML-53W 0 11 3 0 268 -1
20 -7 -9 ML-F3W 6 10 1 3 266 -1
20 -7 -8 ML-F3W 1 10 1 3 266 -1
20 -7 -7 ML-F3W 8 11 3 0 340 -1
20 -7 -6 ML-F3W 3 11 3 0 340 -1
20 -7 -5 ML-F3W 10 10 1 3 338 -1
20 -7 -4 ML-F3W 11 11 3 0 340 -1
20 -7 -3 ML-F3W 5 10 1 3 338 -1
20 -7 -2 ML-F3W 0 10 1 3 338 -1
20 -7 -1 ML-F3W 8 9 0 3 337 -1
20 -6 -10 ML-F3W 0 13 3 2 268 -1
20 -6 -9 ML-F3W 11 10 1 3 266 -1
20 -6 -8 ML-F3W 5 10 1 3 266 -1
20 -6 -7 ML-F3W 0 10 1 3 266 -1
20 -6 -6 ML-F3W 7 11 3 0 340 -1
20 -6 -5 ML-F3W 2 11 3 0 340 -1
20 -6 -4 ML-F2W 9 10 1 3 338 -1
20 -6 -3 ML-F2W 4 10 1 3 338 -1
20 -6 -2 ML-F2W 11 9 0 3 337 -1
20 -6 -1 ML-F3W 7 9 0 3 337 -1
20 -5 -10 ML-53W 11 12 3 1 268 -1
20 -5 -9 ML-F3W 9 12 3 1 268 -1
20 -5 -8 ML-F3W 10 10 1 3 266 -1
20 -5 -7 ML-F3W 4 10 1 3 266 -1
20 -5 -6 ML-F3W 11 9 0 3 265 -1
20 -5 -5 ML-F2W 6 11 3 0 340 -1
20 -5 -4 MH-F2W 11 8 2 2 339 -1
20 -5 -3 MH-F2W 6 9 0 3 337 -1
20 -5 -2 MH-F2W 5 9 0 3 337 -1
20 -5 -1 MH-F2W 3 9 0 3 337 -1
20 -4 -10 ML-F3W 10 12 3 1 268 -1
20 -4 -9 ML-F3W 8 12 3 1 268 -1
20 -4 -8 ML-F3W 7 12 3 1 268 -1
20 -4 -7 ML-F3W 9 10 1 3 266 -1
20 -4 -6 ML-F2W 3 10 1 3 266 -1
20 -4 -5 MH-F2W 7 9 0 3 265 -1
20 -4 -4 MH-F2W 8 8 2 2 339 -1
20 -4 -3 MH-F1W 10 8 2 2 339 -1
20 -4 -2 MH-F1W 4 9 0 3 337 -1
20 -4 -1 MH-F1W 2 9 0 3 337 -1
20 -3 -10 ML-53W 6 12 3 1 268 -1
20 -3 -9 ML-F3W 5 12 3 1 268 -1
20 -3 -8 ML-F3W 4 12 3 1 268 -1
20 -3 -7 ML-F3W 3 12 3 1 268 -1
20 -3 -6 ML-F2W 8 10 1 3 266 -1
20 -3 -5 MH-F2W 10 9 0 3 265 -1
20 -3 -4 MH-F1W 6 9 0 3 265 -1
20 -3 -3 MH-F1W 7 8 2 2 339 -1
20 -3 -2 MH-F1W 9 8 2 2 339 -1
20 -3 -1 MH-F1W 1 9 0 3 337 -1
20 -2 -10 ML-T3W 5 11 3 0 268 -1
20 -2 -9 ML-F3W 4 11 3 0 268 -1
20 -2 -8 ML-F3W 3 11 3 0 268 -1
20 -2 -7 ML-F3W 2 11 3 0 268 -1
20 -2 -6 ML-F2W 1 11 3 0 268 -1
20 -2 -5 MH-F2W 9 9 0 3 265 -1
20 -2 -4 MH-F1W 8 9 0 3 265 -1
20 -2 -3 MH-F1W 5 9 0 3 265 -1
20 -2 -2 MH-B1W 6 8 2 2 339 -1
20 -2 -1 MH-R1W 0 9 0 3 337 -1
20 -1 -9 ML-F3W 9 11 3 0 268 -1
20 -1 -8 ML-F3W 8 11 3 0 268 -1
20 -1 -7 ML-F3W 7 11 3 0 268 -1
20 -1 -6 ML-F3W 6 11 3 0 268 -1
20 -1 -5 MH-F2W 3 9 0 3 265 -1
20 -1 -4 MH-F1W 2 9 0 3 265 -1
20 -1 -3 MH-F1W 1 9 0 3 265 -1
20 -1 -2 MH-R1W 4 9 0 3 265 -1
20 0 -9 ML-T3W 2 12 3 1 268 -1
20 0 -8 ML-F3W 1 12 3 1 268 -1
20 0 -7 ML-F3W 0 12 3 1 268 -1
20 0 -6 ML-F3W 11 11 3 0 268 -1
20 0 -5 ML-F2W 10 11 3 0 268 -1
20 0 -4 MH-F2W 0 9 0 3 265 -1
20 0 -3 MH-F1W 11 8 2 2 267 -1
20 0 -2 MH-B1W 10 8 2 2 267 -1
20 1 -8 ML-F3W 10 9 0 3 529 -1
20 1 -7 ML-F3W 9 9 0 3 529 -1
20 1 -6 ML-F3W 8 9 0 3 529 -1
20 1 -5 ML-F3W 7 9 0 3 529 -1
20 1 -4 MH-F2W 3 9 0 3 529 -1
20 1 -3 MH-F1W 2 9 0 3 529 -1
20 1 -2 MH-F1W 1 9 0 3 529 -1
20 1 -1 MH-R1W 0 9 0 3 529 -1
20 1 2 MH-R1W 0 9 0 3 145 -1
20 1 3 MH-F1W 1 9 0 3 145 -1
20 1 4 MH-F1W 2 9 0 3 145 -1
20 1 5 MH-F2W 3 9 0 3 145 -1
20 1 6 ML-F3W 7 9 0 3 145 -1
20 1 7 ML-F3W 8 9 0 3 145 -1
20 1 8 ML-F3W 9 9 0 3 145 -1
20 1 9 ML-F3W 10 9 0 3 145 -1
20 2 -8 ML-B3W 3 10 1 3 530 -1
20 2 -7 ML-F3W 2 10 1 3 530 -1
20 2 -6 ML-F3W 1 10 1 3 530 -1
20 2 -5 ML-F3W 0 10 1 3 530 -1
20 2 -4 ML-F2W 11 9 0 3 529 -1
20 2 -3 MH-F2W 5 9 0 3 529 -1
20 2 -2 MH-F1W 4 9 0 3 529 -1
20 2 -1 MH-F1W 9 8 2 2 531 -1
20 2 0 MH-B1W 10 8 2 2 75 -1
20 2 0 MH-B1W 6 8 2 2 531 -1
20 2 1 MH-R1W 4 9 0 3 73 -1
20 2 1 MH-R1W 4 9 0 3 457 -1
20 2 2 MH-B1W 10 8 2 2 459 -1
20 2 2 MH-B1W 6 8 2 2 147 -1
20 2 3 MH-F1W 9 8 2 2 147 -1
20 2 4 MH-F1W 4 9 0 3 145 -1
20 2 5 MH-F2W 5 9 0 3 145 -1
20 2 6 ML-F2W 11 9 0 3 145 -1
20 2 7 ML-F3W 0 10 1 3 146 -1
20 2 8 ML-F3W 1 10 1 3 146 -1
20 2 9 ML-F3W 2 10 1 3 146 -1
20 2 10 ML-B3W 3 10 1 3 146 -1
20 3 -7 ML-53W 8 10 1 3 530 -1
20 3 -6 ML-F3W 7 10 1 3 530 -1
20 3 -5 ML-F3W 6 10 1 3 530 -1
20 3 -4 ML-F3W 5 10 1 3 530 -1
20 3 -3 ML-F2W 4 10 1 3 530 -1
20 3 -2 MH-F2W 6 9 0 3 529 -1
20 3 -1 MH-F1W 10 8 2 2 531 -1
20 3 0 MH-F1W 11 8 2 2 75 -1
20 3 0 MH-F1W 7 8 2 2 531 -1
20 3 1 MH-F1W 1 9 0 3 73 -1
20 3 1 MH-F1W 5 9 0 3 457 -1
20 3 2 MH-F1W 1 9 0 3 457 -1
20 3 2 MH-F1W 5 9 0 3 73 -1
20 3 3 MH-F1W 11 8 2 2 459 -1
20 3 3 MH-F1W 7 8 2 2 147 -1
20 3 4 MH-F1W 10 8 2 2 147 -1
20 3 5 MH-F2W 6 9 0 3 145 -1
20 3 6 ML-F2W 4 10 1 3 146 -1
20 3 7 ML-F3W 5 10 1 3 146 -1
20 3 8 ML-F3W 6 10 1 3 146 -1
20 3 9 ML-F3W 7 10 1 3 146 -1
20 3 10 ML-53W 8 10 1 3 146 -1
20 4 -6 ML-F3W 5 12 3 1 532 -1
20 4 -5 ML-F3W 4 12 3 1 532 -1
20 4 -4 ML-F3W 3 12 3 1 532 -1
20 4 -3 ML-F3W 11 11 3 0 532 -1
20 4 -2 ML-F2W 9 10 1 3 530 -1
20 4 -1 MH-F2W 11 8 2 2 531 -1
20 4 0 MH-F2W 0 9 0 3 73 -1
20 4 0 MH-F2W 8 8 2 2 531 -1
20 4 1 MH-F1W 2 9 0 3 73 -1
20 4 1 MH-F1W 6 9 0 3 457 -1
20 4 2 MH-F1W 8 9 0 3 73 -1
20 4 2 MH-F1W 8 9 0 3 457 -1
20 4 3 MH-F1W 2 9 0 3 457 -1
20 4 3 MH-F1W 6 9 0 3 73 -1
20 4 4 MH-F2W 0 9 0 3 457 -1
20 4 4 MH-F2W 8 8 2 2 147 -1
20 4 5 MH-F2W 11 8 2 2 147 -1
20 4 6 ML-F2W 9 10 1 3 146 -1
20 4 7 ML-F3W 11 11 3 0 148 -1
20 4 8 ML-F3W 3 12 3 1 148 -1
20 4 9 ML-F3W 4 12 3 1 148 -1
20 4 10 ML-F3W 5 12 3 1 148 -1
20 5 -5 ML-53W 7 12 3 1 532 -1
20 5 -4 ML-F3W 6 12 3 1 532 -1
20 5 -3 ML-F3W 0 12 3 1 532 -1
20 5 -2 ML-F3W 10 10 1 3 530 -1
20 5 -1 ML-F3W 2 11 3 0 532 -1
20 5 0 ML-F2W 10 11 3 0 76 -1
20 5 0 ML-F2W 6 11 3 0 532 -1
20 5 1 MH-F2W 3 9 0 3 73 -1
20 5 1 MH-F2W 7 9 0 3 457 -1
20 5 2 MH-F2W 9 9 0 3 73 -1
20 5 2 MH-F2W 10 9 0 3 457 -1
20 5 3 MH-F2W 9 9 0 3 457 -1
20 5 3 MH-F2W 10 9 0 3 73 -1
20 5 4 MH-F2W 3 9 0 3 457 -1
20 5 4 MH-F2W 7 9 0 3 73 -1
20 5 5 ML-F2W 10 11 3 0 460 -1
20 5 5 ML-F2W 6 11 3 0 148 -1
20 5 6 ML-F3W 2 11 3 0 148 -1
20 5 7 ML-F3W 10 10 1 3 146 -1
20 5 8 ML-F3W 0 12 3 1 148 -1
20 5 9 ML-F3W 6 12 3 1 148 -1
20 5 10 ML-53W 7 12 3 1 148 -1
20 6 -4 ML-F3W 8 12 3 1 532 -1
20 6 -3 ML-F3W 1 12 3 1 532 -1
20 6 -2 ML-F3W 11 10 1 3 530 -1
20 6 -1 ML-F3W 3 11 3 0 532 -1
20 6 0 ML-F3W 11 11 3 0 76 -1
20 6 0 ML-F3W 7 11 3 0 532 -1
20 6 1 ML-F3W 11 9 0 3 457 -1
20 6 1 ML-F3W 6 11 3 0 76 -1
20 6 2 ML-F2W 3 10 1 3 458 -1
20 6 2 ML-F2W 1 11 3 0 76 -1
20 6 3 ML-F2W 8 10 1 3 74 -1
20 6 3 ML-F2W 8 10 1 3 458 -1
20 6 4 ML-F2W 3 10 1 3 74 -1
20 6 4 ML-F2W 1 11 3 0 460 -1
20 6 5 ML-F3W 11 9 0 3 73 -1
20 6 5 ML-F3W 6 11 3 0 460 -1
20 6 6 ML-F3W 11 11 3 0 460 -1
20 6 6 ML-F3W 7 11 3 0 148 -1
20 6 7 ML-F3W 3 11 3 0 148 -1
20 6 8 ML-F3W 11 10 1 3 146 -1
20 6 9 ML-F3W 1 12 3 1 148 -1
20 6 10 ML-F3W 8 12 3 1 148 -1
20 7 -3 ML-53W 2 12 3 1 532 -1
20 7 -2 ML-F3W 0 11 3 0 532 -1
20 7 -1 ML-F3W 4 11 3 0 532 -1
20 7 0 ML-F3W 0 12 3 1 76 -1
20 7 0 ML-F3W 8 11 3 0 532 -1
20 7 1 ML-F3W 0 10 1 3 458 -1
20 7 1 ML-F3W 7 11 3 0 76 -1
20 7 2 ML-F3W 4 10 1 3 458 -1
20 7 2 ML-F3W 2 11 3 0 76 -1
20 7 3 ML-F3W 9 10 1 3 458 -1
20 7 3 ML-F3W 3 12 3 1 76 -1
20 7 4 ML-F3W 9 10 1 3 74 -1
20 7 4 ML-F3W 3 12 3 1 460 -1
20 7 5 ML-F3W 4 10 1 3 74 -1
20 7 5 ML-F3W 2 11 3 0 460 -1
20 7 6 ML-F3W 0 10 1 3 74 -1
20 7 6 ML-F3W 7 11 3 0 460 -1
20 7 7 ML-F3W 0 12 3 1 460 -1
20 7 7 ML-F3W 8 11 3 0 148 -1
20 7 8 ML-F3W 4 11 3 0 148 -1
20 7 9 ML-F3W 0 11 3 0 148 -1
20 7 10 ML-53W 2 12 3 1 148 -1
20 8 -2 ML-T3W 1 11 3 0 532 -1
20 8 -1 ML-F3W 5 11 3 0 532 -1
20 8 0 ML-F3W 1 12 3 1 76 -1
20 8 0 ML-F3W 9 11 3 0 532 -1
20 8 1 ML-F3W 1 10 1 3 458 -1
20 8 1 ML-F3W 8 11 3 0 76 -1
20 8 2 ML-F3W 5 10 1 3 458 -1
20 8 2 ML-F3W 3 11 3 0 76 -1
20 8 3 ML-F3W 10 10 1 3 458 -1
20 8 3 ML-F3W 4 12 3 1 76 -1
20 8 4 ML-F3W 7 12 3 1 76 -1
20 8 4 ML-F3W 7 12 3 1 460 -1
20 8 5 ML-F3W 10 10 1 3 74 -1
20 8 5 ML-F3W 4 12 3 1 460 -1
20 8 6 ML-F3W 5 10 1 3 74 -1
20 8 6 ML-F3W 3 11 3 0 460 -1
20 8 7 ML-F3W 1 10 1 3 74 -1
20 8 7 ML-F3W 8 11 3 0 460 -1
20 8 8 ML-F3W 1 12 3 1 460 -1
20 8 8 ML-F3W 9 11 3 0 148 -1
20 8 9 ML-F3W 5 11 3 0 148 -1
20 8 10 ML-T3W 1 11 3 0 148 -1
20 9 0 ML-T3W 2 12 3 1 76 -1
20 9 0 ML-T3W 10 11 3 0 532 -1
20 9 1 ML-F3W 2 10 1 3 458 -1
20 9 1 ML-F3W 9 11 3 0 76 -1
20 9 2 ML-F3W 6 10 1 3 458 -1
20 9 2 ML-F3W 4 11 3 0 76 -1
20 9 3 ML-F3W 11 10 1 3 458 -1
20 9 3 ML-F3W 5 12 3 1 76 -1
20 9 4 ML-F3W 8 12 3 1 76 -1
20 9 4 ML-F3W 9 12 3 1 460 -1
20 9 5 ML-F3W 8 12 3 1 460 -1
20 9 5 ML-F3W 9 12 3 1 76 -1
20 9 6 ML-F3W 11 10 1 3 74 -1
20 9 6 ML-F3W 5 12 3 1 460 -1
20 9 7 ML-F3W 6 10 1 3 74 -1
20 9 7 ML-F3W 4 11 3 0 460 -1
20 9 8 ML-F3W 2 10 1 3 74 -1
20 9 8 ML-F3W 9 11 3 0 460 -1
20 9 9 ML-T3W 2 12 3 1 460 -1
20 9 9 ML-T3W 10 11 3 0 148 -1
20 10 2 ML-B3W 7 10 1 3 458 -1
20 10 2 ML-T3W 5 11 3 0 76 -1
20 10 3 ML-53W 0 11 3 0 460 -1
20 10 3 ML-53W 6 12 3 1 76 -1
20 10 4 ML-F3W 10 12 3 1 76 -1
20 10 4 ML-F3W 0 13 3 2 460 -1
20 10 5 ML-53W 11 12 3 1 76 -1
20 10 5 ML-53W 11 12 3 1 460 -1
20 10 6 ML-F3W 10 12 3 1 460 -1
20 10 6 ML-F3W 0 13 3 2 76 -1
20 10 7 ML-53W 0 11 3 0 76 -1
20 10 7 ML-53W 6 12 3 1 460 -1
20 10 8 ML-B3W 7 10 1 3 74 -1
20 10 8 ML-T3W 5 11 3 0 460 -1
21 -10 -8 ML-53W 0 12 3 1 328 -1
21 -10 -7 ML-F3W 5 12 3 1 328 -1
21 -10 -6 ML-F3W 3 14 2 3 327 -1
21 -10 -5 ML-53W 5 14 2 3 327 -1
21 -10 -4 ML-F3W 6 14 2 3 327 -1
21 -10 -3 ML-F3W 0 14 2 3 327 -1
21 -10 -2 ML-53W 10 12 3 1 328 -1
21 -10 -1 ML-B3W 3 13 3 2 328 -1
21 -9 -10 ML-B3W 9 9 0 3 445 -1
21 -9 -9 ML-B3W 2 10 1 3 446 -1
21 -9 -8 ML-F3W 7 11 3 0 328 -1
21 -9 -7 ML-F3W 11 11 3 0 328 -1
21 -9 -6 ML-F3W 4 12 3 1 328 -1
21 -9 -5 ML-F3W 2 14 2 3 327 -1
21 -9 -4 ML-F3W 4 14 2 3 327 -1
21 -9 -3 ML-F3W 11 13 3 2 328 -1
21 -9 -2 ML-F3W 9 12 3 1 328 -1
21 -9 -1 ML-F3W 2 13 3 2 328 -1
21 -9 0 ML-B3W 8 13 3 2 328 -1
21 -8 -10 ML-53W 4 9 0 3 445 -1
21 -8 -9 ML-F3W 8 9 0 3 445 -1
21 -8 -8 ML-F3W 1 10 1 3 446 -1
21 -8 -7 ML-F3W 6 11 3 0 328 -1
21 -8 -6 ML-F3W 10 11 3 0 328 -1
21 -8 -5 ML-F3W 3 12 3 1 328 -1
21 -8 -4 ML-F3W 1 14 2 3 327 -1
21 -8 -3 ML-F3W 10 13 3 2 328 -1
21 -8 -2 ML-F3W 8 12 3 1 328 -1
21 -8 -1 ML-F3W 1 13 3 2 328 -1
21 -8 0 ML-F3W 7 13 3 2 328 -1
21 -8 1 ML-F3W 1 8 2 2 255 -1
21 -8 2 ML-53W 6 8 2 2 255 -1
21 -7 -10 ML-F3W 6 10 1 3 446 -1
21 -7 -9 ML-F3W 3 9 0 3 445 -1
21 -7 -8 ML-F3W 7 9 0 3 445 -1
21 -7 -7 ML-F3W 0 10 1 3 446 -1
21 -7 -6 ML-F3W 5 11 3 0 328 -1
21 -7 -5 ML-F3W 9 11 3 0 328 -1
21 -7 -4 ML-F3W 2 12 3 1 328 -1
21 -7 -3 ML-F3W 9 13 3 2 328 -1
21 -7 -2 ML-F3W 7 12 3 1 328 -1
21 -7 -1 ML-F3W 0 13 3 2 328 -1
21 -7 0 ML-F3W 6 13 3 2 328 -1
21 -7 1 ML-F3W 0 8 2 2 255 -1
21 -7 2 ML-F3W 5 8 2 2 255 -1
21 -7 3 ML-F3W 11 8 2 2 255 -1
21 -6 -10 ML-F3W 10 10 1 3 446 -1
21 -6 -9 ML-F3W 5 10 1 3 446 -1
21 -6 -8 ML-F3W 2 9 0 3 445 -1
21 -6 -7 ML-F3W 6 9 0 3 445 -1
21 -6 -6 ML-F3W 11 9 0 3 445 -1
21 -6 -5 ML-F3W 4 11 3 0 328 -1
21 -6 -4 ML-F2W 8 11 3 0 328 -1
21 -6 -3 ML-F2W 1 12 3 1 328 -1
21 -6 -2 ML-F2W 6 12 3 1 328 -1
21 -6 -1 ML-F3W 11 12 3 1 328 -1
21 -6 0 ML-F3W 5 13 3 2 328 -1
21 -6 1 ML-F3W 11 7 2 1 255 -1
21 -6 2 ML-F3W 4 8 2 2 255 -1
21 -6 3 ML-F3W 10 8 2 2 255 -1
21 -6 4 ML-F3W 0 11 3 0 256 -1
21 -5 -10 ML-53W 11 10 1 3 446 -1
21 -5 -9 ML-F3W 8 10 1 3 446 -1
21 -5 -8 ML-F3W 4 10 1 3 446 -1
21 -5 -7 ML-F3W 1 9 0 3 445 -1
21 -5 -6 ML-F3W 5 9 0 3 445 -1
21 -5 -5 ML-F2W 10 9 0 3 445 -1
21 -5 -4 MH-F2W 0 11 3 0 328 -1
21 -5 -3 MH-F2W 2 11 3 0 328 -1
21 -5 -2 MH-F2W 3 11 3 0 328 -1
21 -5 -1 MH-F2W 9 10 1 3 326 -1
21 -5 0 ML-F2W 4 13 3 2 328 -1
21 -5 1 ML-F3W 10 7 2 1 255 -1
21 -5 2 ML-F3W 3 8 2 2 255 -1
21 -5 3 ML-F3W 9 8 2 2 255 -1
21 -5 4 ML-F3W 9 10 1 3 254 -1
21 -5 5 ML-53W 11 10 1 3 254 -1
21 -4 -10 ML-F3W 0 11 3 0 448 -1
21 -4 -9 ML-F3W 9 10 1 3 446 -1
21 -4 -8 ML-F3W 7 10 1 3 446 -1
21 -4 -7 ML-F3W 3 10 1 3 446 -1
21 -4 -6 ML-F2W 0 9 0 3 445 -1
21 -4 -5 MH-F2W 3 7 2 1 447 -1
21 -4 -4 MH-F2W 11 6 2 0 447 -1
21 -4 -3 MH-F1W 11 10 1 3 326 -1
21 -4 -2 MH-F1W 1 11 3 0 328 -1
21 -4 -1 MH-F1W 8 10 1 3 326 -1
21 -4 0 MH-F2W 5 10 1 3 326 -1
21 -4 1 MH-F2W 6 7 2 1 255 -1
21 -4 2 ML-F2W 2 8 2 2 255 -1
21 -4 3 ML-F3W 8 8 2 2 255 -1
21 -4 4 ML-F3W 7 10 1 3 254 -1
21 -4 5 ML-F3W 8 10 1 3 254 -1
21 -4 6 ML-F3W 10 10 1 3 254 -1
21 -3 -10 ML-F3W 11 8 2 2 447 -1
21 -3 -9 ML-F3W 10 8 2 2 447 -1
21 -3 -8 ML-F3W 9 8 2 2 447 -1
21 -3 -7 ML-F3W 8 8 2 2 447 -1
21 -3 -6 ML-F2W 7 8 2 2 447 -1
21 -3 -5 MH-F2W 8 7 2 1 447 -1
21 -3 -4 MH-F1W 2 7 2 1 447 -1
21 -3 -3 MH-F1W 10 6 2 0 447 -1
21 -3 -2 MH-F1W 10 10 1 3 326 -1
21 -3 -1 MH-F1W 7 10 1 3 326 -1
21 -3 0 MH-F1W 4 10 1 3 326 -1
21 -3 1 MH-F1W 5 7 2 1 255 -1
21 -3 2 MH-F2W 9 7 2 1 255 -1
21 -3 3 ML-F2W 7 8 2 2 255 -1
21 -3 4 ML-F3W 3 10 1 3 254 -1
21 -3 5 ML-F3W 4 10 1 3 254 -1
21 -3 6 ML-F3W 5 10 1 3 254 -1
21 -3 7 ML-F3W 6 10 1 3 254 -1
21 -2 -10 ML-53W 6 8 2 2 447 -1
21 -2 -9 ML-F3W 5 8 2 2 447 -1
21 -2 -8 ML-F3W 4 8 2 2 447 -1
21 -2 -7 ML-F3W 3 8 2 2 447 -1
21 -2 -6 ML-F2W 2 8 2 2 447 -1
21 -2 -5 MH-F2W 9 7 2 1 447 -1
21 -2 -4 MH-F1W 7 7 2 1 447 -1
21 -2 -3 MH-F1W 1 7 2 1 447 -1
21 -2 -2 MH-B1W 9 6 2 0 447 -1
21 -2 -1 MH-L1W 6 10 1 3 326 -1
21 -2 0 MH-B1W 3 10 1 3 326 -1
21 -2 1 MH-F1W 4 7 2 1 255 -1
21 -2 2 MH-F1W 7 7 2 1 255 -1
21 -2 3 MH-F2W 8 7 2 1 255 -1
21 -2 4 ML-F2W 0 9 0 3 253 -1
21 -2 5 ML-F3W 1 9 0 3 253 -1
21 -2 6 ML-F3W 2 9 0 3 253 -1
21 -2 7 ML-F3W 3 9 0 3 253 -1
21 -2 8 ML-53W 4 9 0 3 253 -1
21 -1 -9 ML-F3W 1 8 2 2 447 -1
21 -1 -8 ML-F3W 0 8 2 2 447 -1
21 -1 -7 ML-F3W 11 7 2 1 447 -1
21 -1 -6 ML-F3W 10 7 2 1 447 -1
21 -1 -5 MH-F2W 6 7 2 1 447 -1
21 -1 -4 MH-F1W 5 7 2 1 447 -1
21 -1 -3 MH-F1W 4 7 2 1 447 -1
21 -1 -2 MH-L1W 0 7 2 1 447 -1
21 -1 1 MH-L1W 0 7 2 1 255 -1
21 -1 2 MH-F1W 1 7 2 1 255 -1
21 -1 3 MH-F1W 2 7 2 1 255 -1
21 -1 4 MH-F2W 3 7 2 1 255 -1
21 -1 5 ML-F3W 5 9 0 3 253 -1
21 -1 6 ML-F3W 6 9 0 3 253 -1
21 -1 7 ML-F3W 7 9 0 3 253 -1
21 -1 8 ML-F3W 8 9 0 3 253 -1
21 -1 9 ML-B3W 9 9 0 3 253 -1
21 0 -9 ML-B3W 8 13 3 2 520 -1
21 0 -8 ML-F3W 7 13 3 2 520 -1
21 0 -7 ML-F3W 6 13 3 2 520 -1
21 0 -6 ML-F3W 5 13 3 2 520 -1
21 0 -5 ML-F2W 4 13 3 2 520 -1
21 0 -4 MH-F2W 5 10 1 3 518 -1
21 0 -3 MH-F1W 4 10 1 3 518 -1
21 0 -2 MH-B1W 3 10 1 3 518 -1
21 0 2 MH-B1W 9 6 2 0 255 -1
21 0 3 MH-F1W 10 6 2 0 255 -1
21 0 4 MH-F2W 11 6 2 0 255 -1
21 0 5 ML-F2W 10 9 0 3 253 -1
21 0 6 ML-F3W 11 9 0 3 253 -1
21 0 7 ML-F3W 0 10 1 3 254 -1
21 0 8 ML-F3W 1 10 1 3 254 -1
21 0 9 ML-B3W 2 10 1 3 254 -1
21 1 -9 ML-B3W 3 13 3 2 520 -1
21 1 -8 ML-F3W 2 13 3 2 520 -1
21 1 -7 ML-F3W 1 13 3 2 520 -1
21 1 -6 ML-F3W 0 13 3 2 520 -1
21 1 -5 ML-F3W 11 12 3 1 520 -1
21 1 -4 MH-F2W 9 10 1 3 518 -1
21 1 -3 MH-F1W 8 10 1 3 518 -1
21 1 -2 MH-F1W 7 10 1 3 518 -1
21 1 -1 MH-L1W 6 10 1 3 518 -1
21 1 2 MH-L1W 6 10 1 3 134 -1
21 1 3 MH-F1W 10 10 1 3 134 -1
21 1 4 MH-F1W 11 10 1 3 134 -1
21 1 5 MH-F2W 0 11 3 0 136 -1
21 1 6 ML-F3W 4 11 3 0 136 -1
21 1 7 ML-F3W 5 11 3 0 136 -1
21 1 8 ML-F3W 6 11 3 0 136 -1
21 1 9 ML-F3W 7 11 3 0 136 -1
21 2 -8 ML-53W 10 12 3 1 520 -1
21 2 -7 ML-F3W 9 12 3 1 520 -1
21 2 -6 ML-F3W 8 12 3 1 520 -1
21 2 -5 ML-F3W 7 12 3 1 520 -1
21 2 -4 ML-F2W 6 12 3 1 520 -1
21 2 -3 MH-F2W 3 11 3 0 520 -1
21 2 -2 MH-F1W 1 11 3 0 520 -1
21 2 -1 MH-F1W 10 10 1 3 518 -1
21 2 0 MH-B1W 9 6 2 0 63 -1
21 2 1 MH-L1W 0 7 2 1 63 -1
21 2 2 MH-B1W 3 10 1 3 134 -1
21 2 3 MH-F1W 7 10 1 3 134 -1
21 2 4 MH-F1W 1 11 3 0 136 -1
21 2 5 MH-F2W 2 11 3 0 136 -1
21 2 6 ML-F2W 8 11 3 0 136 -1
21 2 7 ML-F3W 9 11 3 0 136 -1
21 2 8 ML-F3W 10 11 3 0 136 -1
21 2 9 ML-F3W 11 11 3 0 136 -1
21 2 10 ML-53W 0 12 3 1 136 -1
21 3 -7 ML-F3W 0 14 2 3 519 -1
21 3 -6 ML-F3W 11 13 3 2 520 -1
21 3 -5 ML-F3W 10 13 3 2 520 -1
21 3 -4 ML-F3W 9 13 3 2 520 -1
21 3 -3 ML-F2W 1 12 3 1 520 -1
21 3 -2 MH-F2W 2 11 3 0 520 -1
21 3 -1 MH-F1W 11 10 1 3 518 -1
21 3 0 MH-F1W 10 6 2 0 63 -1
21 3 1 MH-F1W 1 7 2 1 63 -1
21 3 2 MH-F1W 4 7 2 1 63 -1
21 3 3 MH-F1W 4 10 1 3 134 -1
21 3 4 MH-F1W 8 10 1 3 134 -1
21 3 5 MH-F2W 3 11 3 0 136 -1
21 3 6 ML-F2W 1 12 3 1 136 -1
21 3 7 ML-F3W 2 12 3 1 136 -1
21 3 8 ML-F3W 3 12 3 1 136 -1
21 3 9 ML-F3W 4 12 3 1 136 -1
21 3 10 ML-F3W 5 12 3 1 136 -1
21 4 -6 ML-F3W 6 14 2 3 519 -1
21 4 -5 ML-F3W 4 14 2 3 519 -1
21 4 -4 ML-F3W 1 14 2 3 519 -1
21 4 -3 ML-F3W 2 12 3 1 520 -1
21 4 -2 ML-F2W 8 11 3 0 520 -1
21 4 -1 MH-F2W 0 11 3 0 520 -1
21 4 0 MH-F2W 11 6 2 0 63 -1
21 4 1 MH-F1W 2 7 2 1 63 -1
21 4 2 MH-F1W 7 7 2 1 63 -1
21 4 3 MH-F1W 5 7 2 1 63 -1
21 4 4 MH-F2W 5 10 1 3 134 -1
21 4 5 MH-F2W 9 10 1 3 134 -1
21 4 6 ML-F2W 6 12 3 1 136 -1
21 4 7 ML-F3W 9 13 3 2 136 -1
21 4 8 ML-F3W 1 14 2 3 135 -1
21 4 9 ML-F3W 2 14 2 3 135 -1
21 4 10 ML-F3W 3 14 2 3 135 -1
21 5 -5 ML-53W 5 14 2 3 519 -1
21 5 -4 ML-F3W 2 14 2 3 519 -1
21 5 -3 ML-F3W 3 12 3 1 520 -1
21 5 -2 ML-F3W 9 11 3 0 520 -1
21 5 -1 ML-F3W 4 11 3 0 520 -1
21 5 0 ML-F2W 10 9 0 3 61 -1
21 5 1 MH-F2W 3 7 2 1 63 -1
21 5 2 MH-F2W 8 7 2 1 63 -1
21 5 3 MH-F2W 9 7 2 1 63 -1
21 5 4 MH-F2W 6 7 2 1 63 -1
21 5 5 ML-F2W 4 13 3 2 136 -1
21 5 6 ML-F3W 11 12 3 1 136 -1
21 5 7 ML-F3W 7 12 3 1 136 -1
21 5 8 ML-F3W 10 13 3 2 136 -1
21 5 9 ML-F3W 4 14 2 3 135 -1
21 5 10 ML-53W 5 14 2 3 135 -1
21 6 -4 ML-F3W 3 14 2 3 519 -1
21 6 -3 ML-F3W 4 12 3 1 520 -1
21 6 -2 ML-F3W 10 11 3 0 520 -1
21 6 -1 ML-F3W 5 11 3 0 520 -1
21 6 0 ML-F3W 11 9 0 3 61 -1
21 6 1 ML-F3W 5 9 0 3 61 -1
21 6 2 ML-F2W 0 9 0 3 61 -1
21 6 3 ML-F2W 7 8 2 2 63 -1
21 6 4 ML-F2W 2 8 2 2 63 -1
21 6 5 ML-F3W 10 7 2 1 63 -1
21 6 6 ML-F3W 5 13 3 2 136 -1
21 6 7 ML-F3W 0 13 3 2 136 -1
21 6 8 ML-F3W 8 12 3 1 136 -1
21 6 9 ML-F3W 11 13 3 2 136 -1
21 6 10 ML-F3W 6 14 2 3 135 -1
21 7 -3 ML-F3W 5 12 3 1 520 -1
21 7 -2 ML-F3W 11 11 3 0 520 -1
21 7 -1 ML-F3W 6 11 3 0 520 -1
21 7 0 ML-F3W 0 10 1 3 62 -1
21 7 1 ML-F3W 6 9 0 3 61 -1
21 7 2 ML-F3W 1 9 0 3 61 -1
21 7 3 ML-F3W 3 10 1 3 62 -1
21 7 4 ML-F3W 8 8 2 2 63 -1
21 7 5 ML-F3W 3 8 2 2 63 -1
21 7 6 ML-F3W 11 7 2 1 63 -1
21 7 7 ML-F3W 6 13 3 2 136 -1
21 7 8 ML-F3W 1 13 3 2 136 -1
21 7 9 ML-F3W 9 12 3 1 136 -1
21 7 10 ML-F3W 0 14 2 3 135 -1
21 8 -2 ML-53W 0 12 3 1 520 -1
21 8 -1 ML-F3W 7 11 3 0 520 -1
21 8 0 ML-F3W 1 10 1 3 62 -1
21 8 1 ML-F3W 7 9 0 3 61 -1
21 8 2 ML-F3W 2 9 0 3 61 -1
21 8 3 ML-F3W 4 10 1 3 62 -1
21 8 4 ML-F3W 7 10 1 3 62 -1
21 8 5 ML-F3W 9 8 2 2 63 -1
21 8 6 ML-F3W 4 8 2 2 63 -1
21 8 7 ML-F3W 0 8 2 2 63 -1
21 8 8 ML-F3W 7 13 3 2 136 -1
21 8 9 ML-F3W 2 13 3 2 136 -1
21 8 10 ML-53W 10 12 3 1 136 -1
21 9 0 ML-B3W 2 10 1 3 62 -1
21 9 1 ML-F3W 8 9 0 3 61 -1
21 9 2 ML-F3W 3 9 0 3 61 -1
21 9 3 ML-F3W 5 10 1 3 62 -1
21 9 4 ML-F3W 8 10 1 3 62 -1
21 9 5 ML-F3W 9 10 1 3 62 -1
21 9 6 ML-F3W 10 8 2 2 63 -1
21 9 7 ML-F3W 5 8 2 2 63 -1
21 9 8 ML-F3W 1 8 2 2 63 -1
21 9 9 ML-B3W 8 13 3 2 136 -1
21 9 10 ML-B3W 3 13 3 2 136 -1
21 10 1 ML-B3W 9 9 0 3 61 -1
21 10 2 ML-53W 4 9 0 3 61 -1
21 10 3 ML-F3W 6 10 1 3 62 -1
21 10 4 ML-F3W 10 10 1 3 62 -1
21 10 5 ML-53W 11 10 1 3 62 -1
21 10 6 ML-F3W 0 11 3 0 64 -1
21 10 7 ML-F3W 11 8 2 2 63 -1
21 10 8 ML-53W 6 8 2 2 63 -1
22 -10 -8 ML-T3W 2 14 2 3 291 -1
22 -10 -7 ML-53W 3 15 4 0 293 -1
22 -10 -6 ML-F3W 9 15 4 0 293 -1
22 -10 -5 ML-53W 8 15 4 0 293 -1
22 -10 -4 ML-F3W 6 15 4 0 293 -1
22 -10 -3 ML-53W 9 13 3 2 292 -1
22 -10 -2 ML-B3W 4 13 3 2 292 -1
22 -9 -9 ML-T3W 11 14 2 3 291 -1
22 -9 -8 ML-F3W 6 14 2 3 291 -1
22 -9 -7 ML-F3W 1 14 2 3 291 -1
22 -9 -6 ML-F3W 2 15 4 0 293 -1
22 -9 -5 ML-F3W 7 15 4 0 293 -1
22 -9 -4 ML-F3W 5 15 4 0 293 -1
22 -9 -3 ML-F3W 8 13 3 2 292 -1
22 -9 -2 ML-F3W 3 13 3 2 292 -1
22 -9 -1 ML-F3W 11 12 3 1 292 -1
22 -8 -10 ML-B3W 4 11 3 0 220 -1
22 -8 -9 ML-F3W 11 10 1 3 218 -1
22 -8 -8 ML-F3W 10 14 2 3 291 -1
22 -8 -7 ML-F3W 5 14 2 3 291 -1
22 -8 -6 ML-F3W 0 14 2 3 291 -1
22 -8 -5 ML-F3W 1 15 4 0 293 -1
22 -8 -4 ML-F3W 4 15 4 0 293 -1
22 -8 -3 ML-F3W 7 13 3 2 292 -1
22 -8 -2 ML-F3W 2 13 3 2 292 -1
22 -8 -1 ML-F3W 10 12 3 1 292 -1
22 -7 -10 ML-53W 9 11 3 0 220 -1
22 -7 -9 ML-F3W 3 11 3 0 220 -1
22 -7 -8 ML-F3W 10 10 1 3 218 -1
22 -7 -7 ML-F3W 9 14 2 3 291 -1
22 -7 -6 ML-F3W 4 14 2 3 291 -1
22 -7 -5 ML-F3W 11 13 3 2 292 -1
22 -7 -4 ML-F3W 0 15 4 0 293 -1
22 -7 -3 ML-F3W 6 13 3 2 292 -1
22 -7 -2 ML-F3W 1 13 3 2 292 -1
22 -7 -1 ML-F3W 9 12 3 1 292 -1
22 -6 -10 ML-F3W 9 13 3 2 220 -1
22 -6 -9 ML-F3W 8 11 3 0 220 -1
22 -6 -8 ML-F3W 2 11 3 0 220 -1
22 -6 -7 ML-F3W 9 10 1 3 218 -1
22 -6 -6 ML-F3W 8 14 2 3 291 -1
22 -6 -5 ML-F3W 3 14 2 3 291 -1
22 -6 -4 ML-F2W 10 13 3 2 292 -1
22 -6 -3 ML-F2W 5 13 3 2 292 -1
22 -6 -2 ML-F2W 0 13 3 2 292 -1
22 -6 -1 ML-F3W 8 12 3 1 292 -1
22 -5 -10 ML-53W 8 13 3 2 220 -1
22 -5 -9 ML-F3W 6 13 3 2 220 -1
22 -5 -8 ML-F3W 7 11 3 0 220 -1
22 -5 -7 ML-F3W 1 11 3 0 220 -1
22 -5 -6 ML-F3W 8 10 1 3 218 -1
22 -5 -5 ML-F2W 7 14 2 3 291 -1
22 -5 -4 MH-F2W 0 12 3 1 292 -1
22 -5 -3 MH-F2W 7 12 3 1 292 -1
22 -5 -2 MH-F2W 6 12 3 1 292 -1
22 -5 -1 MH-F2W 4 12 3 1 292 -1
22 -4 -10 ML-F3W 7 13 3 2 220 -1
22 -4 -9 ML-F3W 5 13 3 2 220 -1
22 -4 -8 ML-F3W 4 13 3 2 220 -1
22 -4 -7 ML-F3W 6 11 3 0 220 -1
22 -4 -6 ML-F2W 0 11 3 0 220 -1
22 -4 -5 MH-F2W 4 10 1 3 218 -1
22 -4 -4 MH-F2W 9 11 3 0 292 -1
22 -4 -3 MH-F1W 11 11 3 0 292 -1
22 -4 -2 MH-F1W 5 12 3 1 292 -1
22 -4 -1 MH-F1W 3 12 3 1 292 -1
22 -3 -10 ML-53W 3 13 3 2 220 -1
22 -3 -9 ML-F3W 2 13 3 2 220 -1
22 -3 -8 ML-F3W 1 13 3 2 220 -1
22 -3 -7 ML-F3W 0 13 3 2 220 -1
22 -3 -6 ML-F2W 5 11 3 0 220 -1
22 -3 -5 MH-F2W 7 10 1 3 218 -1
22 -3 -4 MH-F1W 3 10 1 3 218 -1
22 -3 -3 MH-F1W 8 11 3 0 292 -1
22 -3 -2 MH-F1W 10 11 3 0 292 -1
22 -3 -1 MH-F1W 2 12 3 1 292 -1
22 -2 -10 ML-T3W 2 12 3 1 220 -1
22 -2 -9 ML-F3W 1 12 3 1 220 -1
22 -2 -8 ML-F3W 0 12 3 1 220 -1
22 -2 -7 ML-F3W 11 11 3 0 220 -1
22 -2 -6 ML-F2W 10 11 3 0 220 -1
22 -2 -5 MH-F2W 6 10 1 3 218 -1
22 -2 -4 MH-F1W 5 10 1 3 218 -1
22 -2 -3 MH-F1W 2 10 1 3 218 -1
22 -2 -2 MH-B1W 7 11 3 0 292 -1
22 -2 -1 MH-R1W 1 12 3 1 292 -1
22 -1 -9 ML-F3W 6 12 3 1 220 -1
22 -1 -8 ML-F3W 5 12 3 1 220 -1
22 -1 -7 ML-F3W 4 12 3 1 220 -1
22 -1 -6 ML-F3W 3 12 3 1 220 -1
22 -1 -5 MH-F2W 0 10 1 3 218 -1
22 -1 -4 MH-F1W 11 9 0 3 217 -1
22 -1 -3 MH-F1W 10 9 0 3 217 -1
22 -1 -2 MH-R1W 1 10 1 3 218 -1
22 0 -9 ML-T3W 11 12 3 1 220 -1
22 0 -8 ML-F3W 10 12 3 1 220 -1
22 0 -7 ML-F3W 9 12 3 1 220 -1
22 0 -6 ML-F3W 8 12 3 1 220 -1
22 0 -5 ML-F2W 7 12 3 1 220 -1
22 0 -4 MH-F2W 9 9 0 3 217 -1
22 0 -3 MH-F1W 8 9 0 3 217 -1
22 0 -2 MH-B1W 7 9 0 3 217 -1
22 1 -8 ML-F3W 11 12 3 1 484 -1
22 1 -7 ML-F3W 10 12 3 1 484 -1
22 1 -6 ML-F3W 9 12 3 1 484 -1
22 1 -5 ML-F3W 8 12 3 1 484 -1
22 1 -4 MH-F2W 4 12 3 1 484 -1
22 1 -3 MH-F1W 3 12 3 1 484 -1
22 1 -2 MH-F1W 2 12 3 1 484 -1
22 1 -1 MH-R1W 1 12 3 1 484 -1
22 1 2 MH-R1W 1 12 3 1 100 -1
22 1 3 MH-F1W 2 12 3 1 100 -1
22 1 4 MH-F1W 3 12 3 1 100 -1
22 1 5 MH-F2W 4 12 3 1 100 -1
22 1 6 ML-F3W 8 12 3 1 100 -1
22 1 7 ML-F3W 9 12 3 1 100 -1
22 1 8 ML-F3W 10 12 3 1 100 -1
22 1 9 ML-F3W 11 12 3 1 100 -1
22 2 -8 ML-B3W 4 13 3 2 484 -1
22 2 -7 ML-F3W 3 13 3 2 484 -1
22 2 -6 ML-F3W 2 13 3 2 484 -1
22 2 -5 ML-F3W 1 13 3 2 484 -1
22 2 -4 ML-F2W 0 13 3 2 484 -1
22 2 -3 MH-F2W 6 12 3 1 484 -1
22 2 -2 MH-F1W 5 12 3 1 484 -1
22 2 -1 MH-F1W 10 11 3 0 484 -1
22 2 0 MH-B1W 7 9 0 3 25 -1
22 2 0 MH-B1W 7 11 3 0 484 -1
22 2 1 MH-R1W 1 10 1 3 26 -1
22 2 1 MH-R1W 1 10 1 3 410 -1
22 2 2 MH-B1W 7 9 0 3 409 -1
22 2 2 MH-B1W 7 11 3 0 100 -1
22 2 3 MH-F1W 10 11 3 0 100 -1
22 2 4 MH-F1W 5 12 3 1 100 -1
22 2 5 MH-F2W 6 12 3 1 100 -1
22 2 6 ML-F2W 0 13 3 2 100 -1
22 2 7 ML-F3W 1 13 3 2 100 -1
22 2 8 ML-F3W 2 13 3 2 100 -1
22 2 9 ML-F3W 3 13 3 2 100 -1
22 2 10 ML-B3W 4 13 3 2 100 -1
22 3 -7 ML-53W 9 13 3 2 484 -1
22 3 -6 ML-F3W 8 13 3 2 484 -1
22 3 -5 ML-F3W 7 13 3 2 484 -1
22 3 -4 ML-F3W 6 13 3 2 484 -1
22 3 -3 ML-F2W 5 13 3 2 484 -1
22 3 -2 MH-F2W 7 12 3 1 484 -1
22 3 -1 MH-F1W 11 11 3 0 484 -1
22 3 0 MH-F1W 8 9 0 3 25 -1
22 3 0 MH-F1W 8 11 3 0 484 -1
22 3 1 MH-F1W 10 9 0 3 25 -1
22 3 1 MH-F1W 2 10 1 3 410 -1
22 3 2 MH-F1W 10 9 0 3 409 -1
22 3 2 MH-F1W 2 10 1 3 26 -1
22 3 3 MH-F1W 8 9 0 3 409 -1
22 3 3 MH-F1W 8 11 3 0 100 -1
22 3 4 MH-F1W 11 11 3 0 100 -1
22 3 5 MH-F2W 7 12 3 1 100 -1
22 3 6 ML-F2W 5 13 3 2 100 -1
22 3 7 ML-F3W 6 13 3 2 100 -1
22 3 8 ML-F3W 7 13 3 2 100 -1
22 3 9 ML-F3W 8 13 3 2 100 -1
22 3 10 ML-53W 9 13 3 2 100 -1
22 4 -6 ML-F3W 6 15 4 0 485 -1
22 4 -5 ML-F3W 5 15 4 0 485 -1
22 4 -4 ML-F3W 4 15 4 0 485 -1
22 4 -3 ML-F3W 0 15 4 0 485 -1
22 4 -2 ML-F2W 10 13 3 2 484 -1
22 4 -1 MH-F2W 0 12 3 1 484 -1
22 4 0 MH-F2W 9 9 0 3 25 -1
22 4 0 MH-F2W 9 11 3 0 484 -1
22 4 1 MH-F1W 11 9 0 3 25 -1
22 4 1 MH-F1W 3 10 1 3 410 -1
22 4 2 MH-F1W 5 10 1 3 26 -1
22 4 2 MH-F1W 5 10 1 3 410 -1
22 4 3 MH-F1W 11 9 0 3 409 -1
22 4 3 MH-F1W 3 10 1 3 26 -1
22 4 4 MH-F2W 9 9 0 3 409 -1
22 4 4 MH-F2W 9 11 3 0 100 -1
22 4 5 MH-F2W 0 12 3 1 100 -1
22 4 6 ML-F2W 10 13 3 2 100 -1
22 4 7 ML-F3W 0 15 4 0 101 -1
22 4 8 ML-F3W 4 15 4 0 101 -1
22 4 9 ML-F3W 5 15 4 0 101 -1
22 4 10 ML-F3W 6 15 4 0 101 -1
22 5 -5 ML-53W 8 15 4 0 485 -1
22 5 -4 ML-F3W 7 15 4 0 485 -1
22 5 -3 ML-F3W 1 15 4 0 485 -1
22 5 -2 ML-F3W 11 13 3 2 484 -1
22 5 -1 ML-F3W 3 14 2 3 483 -1
22 5 0 ML-F2W 7 12 3 1 28 -1
22 5 0 ML-F2W 7 14 2 3 483 -1
22 5 1 MH-F2W 0 10 1 3 26 -1
22 5 1 MH-F2W 4 10 1 3 410 -1
22 5 2 MH-F2W 6 10 1 3 26 -1
22 5 2 MH-F2W 7 10 1 3 410 -1
22 5 3 MH-F2W 6 10 1 3 410 -1
22 5 3 MH-F2W 7 10 1 3 26 -1
22 5 4 MH-F2W 0 10 1 3 410 -1
22 5 4 MH-F2W 4 10 1 3 26 -1
22 5 5 ML-F2W 7 12 3 1 412 -1
22 5 5 ML-F2W 7 14 2 3 99 -1
22 5 6 ML-F3W 3 14 2 3 99 -1
22 5 7 ML-F3W 11 13 3 2 100 -1
22 5 8 ML-F3W 1 15 4 0 101 -1
22 5 9 ML-F3W 7 15 4 0 101 -1
22 5 10 ML-53W 8 15 4 0 101 -1
22 6 -4 ML-F3W 9 15 4 0 485 -1
22 6 -3 ML-F3W 2 15 4 0 485 -1
22 6 -2 ML-F3W 0 14 2 3 483 -1
22 6 -1 ML-F3W 4 14 2 3 483 -1
22 6 0 ML-F3W 8 12 3 1 28 -1
22 6 0 ML-F3W 8 14 2 3 483 -1
22 6 1 ML-F3W 8 10 1 3 410 -1
22 6 1 ML-F3W 3 12 3 1 28 -1
22 6 2 ML-F2W 0 11 3 0 412 -1
22 6 2 ML-F2W 10 11 3 0 28 -1
22 6 3 ML-F2W 5 11 3 0 28 -1
22 6 3 ML-F2W 5 11 3 0 412 -1
22 6 4 ML-F2W 0 11 3 0 28 -1
22 6 4 ML-F2W 10 11 3 0 412 -1
22 6 5 ML-F3W 8 10 1 3 26 -1
22 6 5 ML-F3W 3 12 3 1 412 -1
22 6 6 ML-F3W 8 12 3 1 412 -1
22 6 6 ML-F3W 8 14 2 3 99 -1
22 6 7 ML-F3W 4 14 2 3 99 -1
22 6 8 ML-F3W 0 14 2 3 99 -1
22 6 9 ML-F3W 2 15 4 0 101 -1
22 6 10 ML-F3W 9 15 4 0 101 -1
22 7 -3 ML-53W 3 15 4 0 485 -1
22 7 -2 ML-F3W 1 14 2 3 483 -1
22 7 -1 ML-F3W 5 14 2 3 483 -1
22 7 0 ML-F3W 9 12 3 1 28 -1
22 7 0 ML-F3W 9 14 2 3 483 -1
22 7 1 ML-F3W 9 10 1 3 410 -1
22 7 1 ML-F3W 4 12 3 1 28 -1
22 7 2 ML-F3W 1 11 3 0 412 -1
22 7 2 ML-F3W 11 11 3 0 28 -1
22 7 3 ML-F3W 6 11 3 0 412 -1
22 7 3 ML-F3W 0 13 3 2 28 -1
22 7 4 ML-F3W 6 11 3 0 28 -1
22 7 4 ML-F3W 0 13 3 2 412 -1
22 7 5 ML-F3W 1 11 3 0 28 -1
22 7 5 ML-F3W 11 11 3 0 412 -1
22 7 6 ML-F3W 9 10 1 3 26 -1
22 7 6 ML-F3W 4 12 3 1 412 -1
22 7 7 ML-F3W 9 12 3 1 412 -1
22 7 7 ML-F3W 9 14 2 3 99 -1
22 7 8 ML-F3W 5 14 2 3 99 -1
22 7 9 ML-F3W 1 14 2 3 99 -1
22 7 10 ML-53W 3 15 4 0 101 -1
22 8 -2 ML-T3W 2 14 2 3 483 -1
22 8 -1 ML-F3W 6 14 2 3 483 -1
22 8 0 ML-F3W 10 12 3 1 28 -1
22 8 0 ML-F3W 10 14 2 3 483 -1
22 8 1 ML-F3W 10 10 1 3 410 -1
22 8 1 ML-F3W 5 12 3 1 28 -1
22 8 2 ML-F3W 2 11 3 0 412 -1
22 8 2 ML-F3W 0 12 3 1 28 -1
22 8 3 ML-F3W 7 11 3 0 412 -1
22 8 3 ML-F3W 1 13 3 2 28 -1
22 8 4 ML-F3W 4 13 3 2 28 -1
22 8 4 ML-F3W 4 13 3 2 412 -1
22 8 5 ML-F3W 7 11 3 0 28 -1
22 8 5 ML-F3W 1 13 3 2 412 -1
22 8 6 ML-F3W 2 11 3 0 28 -1
22 8 6 ML-F3W 0 12 3 1 412 -1
22 8 7 ML-F3W 10 10 1 3 26 -1
22 8 7 ML-F3W 5 12 3 1 412 -1
22 8 8 ML-F3W 10 12 3 1 412 -1
22 8 8 ML-F3W 10 14 2 3 99 -1
22 8 9 ML-F3W 6 14 2 3 99 -1
22 8 10 ML-T3W 2 14 2 3 99 -1
22 9 0 ML-T3W 11 12 3 1 28 -1
22 9 0 ML-T3W 11 14 2 3 483 -1
22 9 1 ML-F3W 11 10 1 3 410 -1
22 9 1 ML-F3W 6 12 3 1 28 -1
22 9 2 ML-F3W 3 11 3 0 412 -1
22 9 2 ML-F3W 1 12 3 1 28 -1
22 9 3 ML-F3W 8 11 3 0 412 -1
22 9 3 ML-F3W 2 13 3 2 28 -1
22 9 4 ML-F3W 5 13 3 2 28 -1
22 9 4 ML-F3W 6 13 3 2 412 -1
22 9 5 ML-F3W 5 13 3 2 412 -1
22 9 5 ML-F3W 6 13 3 2 28 -1
22 9 6 ML-F3W 8 11 3 0 28 -1
22 9 6 ML-F3W 2 13 3 2 412 -1
22 9 7 ML-F3W 3 11 3 0 28 -1
22 9 7 ML-F3W 1 12 3 1 412 -1
22 9 8 ML-F3W 11 10 1 3 26 -1
22 9 8 ML-F3W 6 12 3 1 412 -1
22 9 9 ML-T3W 11 12 3 1 412 -1
22 9 9 ML-T3W 11 14 2 3 99 -1
22 10 2 ML-B3W 4 11 3 0 412 -1
22 10 2 ML-T3W 2 12 3 1 28 -1
22 10 3 ML-53W 9 11 3 0 412 -1
22 10 3 ML-53W 3 13 3 2 28 -1
22 10 4 ML-F3W 7 13 3 2 28 -1
22 10 4 ML-F3W 9 13 3 2 412 -1
22 10 5 ML-53W 8 13 3 2 28 -1
22 10 5 ML-53W 8 13 3 2 412 -1
22 10 6 ML-F3W 7 13 3 2 412 -1
22 10 6 ML-F3W 9 13 3 2 28 -1
22 10 7 ML-53W 9 11 3 0 28 -1
22 10 7 ML-53W 3 13 3 2 412 -1
22 10 8 ML-B3W 4 11 3 0 28 -1
22 10 8 ML-T3W 2 12 3 1 412 -1
23 -10 -8 ML-53W 7 15 4 0 317 -1
23 -10 -7 ML-F3W 0 16 4 1 317 -1
23 -10 -6 ML-F3W 10 17 4 2 317 -1
23 -10 -5 ML-53W 0 18 3 3 316 -1
23 -10 -4 ML-F3W 1 18 3 3 316 -1
23 -10 -3 ML-F3W 7 17 4 2 317 -1
23 -10 -2 ML-53W 5 16 4 1 317 -1
23 -10 -1 ML-B3W 10 16 4 1 317 -1
23 -9 -10 ML-B3W 3 15 4 0 437 -1
23 -9 -9 ML-B3W 8 15 4 0 437 -1
23 -9 -8 ML-F3W 2 15 4 0 317 -1
23 -9 -7 ML-F3W 6 15 4 0 317 -1
23 -9 -6 ML-F3W 11 15 4 0 317 -1
23 -9 -5 ML-F3W 9 17 4 2 317 -1
23 -9 -4 ML-F3W 11 17 4 2 317 -1
23 -9 -3 ML-F3W 6 17 4 2 317 -1
23 -9 -2 ML-F3W 4 16 4 1 317 -1
23 -9 -1 ML-F3W 9 16 4 1 317 -1
23 -9 0 ML-B3W 3 17 4 2 317 -1
23 -8 -10 ML-53W 10 14 2 3 435 -1
23 -8 -9 ML-F3W 2 15 4 0 437 -1
23 -8 -8 ML-F3W 7 15 4 0 437 -1
23 -8 -7 ML-F3W 1 15 4 0 317 -1
23 -8 -6 ML-F3W 5 15 4 0 317 -1
23 -8 -5 ML-F3W 10 15 4 0 317 -1
23 -8 -4 ML-F3W 8 17 4 2 317 -1
23 -8 -3 ML-F3W 5 17 4 2 317 -1
23 -8 -2 ML-F3W 3 16 4 1 317 -1
23 -8 -1 ML-F3W 8 16 4 1 317 -1
23 -8 0 ML-F3W 2 17 4 2 317 -1
23 -8 1 ML-F3W 7 13 3 2 244 -1
23 -8 2 ML-53W 0 14 2 3 243 -1
23 -7 -10 ML-F3W 0 16 4 1 437 -1
23 -7 -9 ML-F3W 9 14 2 3 435 -1
23 -7 -8 ML-F3W 1 15 4 0 437 -1
23 -7 -7 ML-F3W 6 15 4 0 437 -1
23 -7 -6 ML-F3W 0 15 4 0 317 -1
23 -7 -5 ML-F3W 4 15 4 0 317 -1
23 -7 -4 ML-F3W 9 15 4 0 317 -1
23 -7 -3 ML-F3W 4 17 4 2 317 -1
23 -7 -2 ML-F3W 2 16 4 1 317 -1
23 -7 -1 ML-F3W 7 16 4 1 317 -1
23 -7 0 ML-F3W 1 17 4 2 317 -1
23 -7 1 ML-F3W 6 13 3 2 244 -1
23 -7 2 ML-F3W 11 13 3 2 244 -1
23 -7 3 ML-F3W 5 14 2 3 243 -1
23 -6 -10 ML-F3W 4 16 4 1 437 -1
23 -6 -9 ML-F3W 11 15 4 0 437 -1
23 -6 -8 ML-F3W 8 14 2 3 435 -1
23 -6 -7 ML-F3W 0 15 4 0 437 -1
23 -6 -6 ML-F3W 5 15 4 0 437 -1
23 -6 -5 ML-F3W 11 14 2 3 315 -1
23 -6 -4 ML-F2W 3 15 4 0 317 -1
23 -6 -3 ML-F2W 8 15 4 0 317 -1
23 -6 -2 ML-F2W 1 16 4 1 317 -1
23 -6 -1 ML-F3W 6 16 4 1 317 -1
23 -6 0 ML-F3W 0 17 4 2 317 -1
23 -6 1 ML-F3W 5 13 3 2 244 -1
23 -6 2 ML-F3W 10 13 3 2 244 -1
23 -6 3 ML-F3W 4 14 2 3 243 -1
23 -6 4 ML-F3W 6 16 4 1 245 -1
23 -5 -10 ML-53W 5 16 4 1 437 -1
23 -5 -9 ML-F3W 2 16 4 1 437 -1
23 -5 -8 ML-F3W 10 15 4 0 437 -1
23 -5 -7 ML-F3W 7 14 2 3 435 -1
23 -5 -6 ML-F3W 11 14 2 3 435 -1
23 -5 -5 ML-F2W 4 15 4 0 437 -1
23 -5 -4 MH-F2W 7 14 2 3 315 -1
23 -5 -3 MH-F2W 9 14 2 3 315 -1
23 -5 -2 MH-F2W 10 14 2 3 315 -1
23 -5 -1 MH-F2W 4 14 2 3 315 -1
23 -5 0 ML-F2W 11 16 4 1 317 -1
23 -5 1 ML-F3W 4 13 3 2 244 -1
23 -5 2 ML-F3W 9 13 3 2 244 -1
23 -5 3 ML-F3W 3 14 2 3 243 -1
23 -5 4 ML-F3W 3 16 4 1 245 -1
23 -5 5 ML-53W 5 16 4 1 245 -1
23 -4 -10 ML-F3W 6 16 4 1 437 -1
23 -4 -9 ML-F3W 3 16 4 1 437 -1
23 -4 -8 ML-F3W 1 16 4 1 437 -1
23 -4 -7 ML-F3W 9 15 4 0 437 -1
23 -4 -6 ML-F2W 6 14 2 3 435 -1
23 -4 -5 MH-F2W 9 12 3 1 436 -1
23 -4 -4 MH-F2W 5 12 3 1 436 -1
23 -4 -3 MH-F2W 6 14 2 3 315 -1
23 -4 -2 MH-F1W 8 14 2 3 315 -1
23 -4 -1 MH-F2W 3 14 2 3 315 -1
23 -4 0 MH-F2W 0 14 2 3 315 -1
23 -4 1 MH-F2W 0 13 3 2 244 -1
23 -4 2 ML-F2W 8 13 3 2 244 -1
23 -4 3 ML-F3W 2 14 2 3 243 -1
23 -4 4 ML-F3W 1 16 4 1 245 -1
23 -4 5 ML-F3W 2 16 4 1 245 -1
23 -4 6 ML-F3W 4 16 4 1 245 -1
23 -3 -10 ML-F3W 5 14 2 3 435 -1
23 -3 -9 ML-F3W 4 14 2 3 435 -1
23 -3 -8 ML-F3W 3 14 2 3 435 -1
23 -3 -7 ML-F3W 2 14 2 3 435 -1
23 -3 -6 ML-F2W 1 14 2 3 435 -1
23 -3 -5 MH-F2W 2 13 3 2 436 -1
23 -3 -4 MH-F2W 8 12 3 1 436 -1
23 -3 -3 MH-F1W 4 12 3 1 436 -1
23 -3 -2 MH-F1W 5 14 2 3 315 -1
23 -3 -1 MH-F1W 2 14 2 3 315 -1
23 -3 0 MH-F1W 11 13 3 2 316 -1
23 -3 1 MH-F2W 11 12 3 1 244 -1
23 -3 2 MH-F2W 3 13 3 2 244 -1
23 -3 3 ML-F2W 1 14 2 3 243 -1
23 -3 4 ML-F3W 9 15 4 0 245 -1
23 -3 5 ML-F3W 10 15 4 0 245 -1
23 -3 6 ML-F3W 11 15 4 0 245 -1
23 -3 7 ML-F3W 0 16 4 1 245 -1
23 -2 -10 ML-53W 0 14 2 3 435 -1
23 -2 -9 ML-F3W 11 13 3 2 436 -1
23 -2 -8 ML-F3W 10 13 3 2 436 -1
23 -2 -7 ML-F3W 9 13 3 2 436 -1
23 -2 -6 ML-F2W 8 13 3 2 436 -1
23 -2 -5 MH-F2W 3 13 3 2 436 -1
23 -2 -4 MH-F1W 1 13 3 2 436 -1
23 -2 -3 MH-F1W 7 12 3 1 436 -1
23 -2 -2 MH-B1W 3 12 3 1 436 -1
23 -2 -1 MH-L1W 1 14 2 3 315 -1
23 -2 0 MH-B1W 10 13 3 2 316 -1
23 -2 1 MH-F1W 10 12 3 1 244 -1
23 -2 2 MH-F1W 1 13 3 2 244 -1
23 -2 3 MH-F2W 2 13 3 2 244 -1
23 -2 4 ML-F2W 6 14 2 3 243 -1
23 -2 5 ML-F3W 7 14 2 3 243 -1
23 -2 6 ML-F3W 8 14 2 3 243 -1
23 -2 7 ML-F3W 9 14 2 3 243 -1
23 -2 8 ML-53W 10 14 2 3 243 -1
23 -1 -9 ML-F3W 7 13 3 2 436 -1
23 -1 -8 ML-F3W 6 13 3 2 436 -1
23 -1 -7 ML-F3W 5 13 3 2 436 -1
23 -1 -6 ML-F3W 4 13 3 2 436 -1
23 -1 -5 MH-F2W 0 13 3 2 436 -1
23 -1 -4 MH-F2W 11 12 3 1 436 -1
23 -1 -3 MH-F1W 10 12 3 1 436 -1
23 -1 -2 MH-L1W 6 12 3 1 436 -1
23 -1 1 MH-L1W 6 12 3 1 244 -1
23 -1 2 MH-F1W 7 12 3 1 244 -1
23 -1 3 MH-F2W 8 12 3 1 244 -1
23 -1 4 MH-F2W 9 12 3 1 244 -1
23 -1 5 ML-F3W 11 14 2 3 243 -1
23 -1 6 ML-F3W 0 15 4 0 245 -1
23 -1 7 ML-F3W 1 15 4 0 245 -1
23 -1 8 ML-F3W 2 15 4 0 245 -1
23 -1 9 ML-B3W 3 15 4 0 245 -1
23 0 -9 ML-B3W 3 17 4 2 509 -1
23 0 -8 ML-F3W 2 17 4 2 509 -1
23 0 -7 ML-F3W 1 17 4 2 509 -1
23 0 -6 ML-F3W 0 17 4 2 509 -1
23 0 -5 ML-F2W 11 16 4 1 509 -1
23 0 -4 MH-F2W 0 14 2 3 507 -1
23 0 -3 MH-F1W 11 13 3 2 508 -1
23 0 -2 MH-B1W 10 13 3 2 508 -1
23 0 2 MH-B1W 3 12 3 1 244 -1
23 0 3 MH-F1W 4 12 3 1 244 -1
23 0 4 MH-F2W 5 12 3 1 244 -1
23 0 5 ML-F2W 4 15 4 0 245 -1
23 0 6 ML-F3W 5 15 4 0 245 -1
23 0 7 ML-F3W 6 15 4 0 245 -1
23 0 8 ML-F3W 7 15 4 0 245 -1
23 0 9 ML-B3W 8 15 4 0 245 -1
23 1 -9 ML-B3W 10 16 4 1 509 -1
23 1 -8 ML-F3W 9 16 4 1 509 -1
23 1 -7 ML-F3W 8 16 4 1 509 -1
23 1 -6 ML-F3W 7 16 4 1 509 -1
23 1 -5 ML-F3W 6 16 4 1 509 -1
23 1 -4 MH-F2W 4 14 2 3 507 -1
23 1 -3 MH-F2W 3 14 2 3 507 -1
23 1 -2 MH-F1W 2 14 2 3 507 -1
23 1 -1 MH-L1W 1 14 2 3 507 -1
23 1 2 MH-L1W 1 14 2 3 123 -1
23 1 3 MH-F1W 5 14 2 3 123 -1
23 1 4 MH-F2W 6 14 2 3 123 -1
23 1 5 MH-F2W 7 14 2 3 123 -1
23 1 6 ML-F3W 11 14 2 3 123 -1
23 1 7 ML-F3W 0 15 4 0 125 -1
23 1 8 ML-F3W 1 15 4 0 125 -1
23 1 9 ML-F3W 2 15 4 0 125 -1
23 2 -8 ML-53W 5 16 4 1 509 -1
23 2 -7 ML-F3W 4 16 4 1 509 -1
23 2 -6 ML-F3W 3 16 4 1 509 -1
23 2 -5 ML-F3W 2 16 4 1 509 -1
23 2 -4 ML-F2W 1 16 4 1 509 -1
23 2 -3 MH-F2W 10 14 2 3 507 -1
23 2 -2 MH-F1W 8 14 2 3 507 -1
23 2 -1 MH-F1W 5 14 2 3 507 -1
23 2 0 MH-B1W 3 12 3 1 52 -1
23 2 1 MH-L1W 6 12 3 1 52 -1
23 2 2 MH-B1W 10 13 3 2 124 -1
23 2 3 MH-F1W 2 14 2 3 123 -1
23 2 4 MH-F1W 8 14 2 3 123 -1
23 2 5 MH-F2W 9 14 2 3 123 -1
23 2 6 ML-F2W 3 15 4 0 125 -1
23 2 7 ML-F3W 4 15 4 0 125 -1
23 2 8 ML-F3W 5 15 4 0 125 -1
23 2 9 ML-F3W 6 15 4 0 125 -1
23 2 10 ML-53W 7 15 4 0 125 -1
23 3 -7 ML-F3W 7 17 4 2 509 -1
23 3 -6 ML-F3W 6 17 4 2 509 -1
23 3 -5 ML-F3W 5 17 4 2 509 -1
23 3 -4 ML-F3W 4 17 4 2 509 -1
23 3 -3 ML-F2W 8 15 4 0 509 -1
23 3 -2 MH-F2W 9 14 2 3 507 -1
23 3 -1 MH-F2W 6 14 2 3 507 -1
23 3 0 MH-F1W 4 12 3 1 52 -1
23 3 1 MH-F1W 7 12 3 1 52 -1
23 3 2 MH-F1W 10 12 3 1 52 -1
23 3 3 MH-F1W 11 13 3 2 124 -1
23 3 4 MH-F2W 3 14 2 3 123 -1
23 3 5 MH-F2W 10 14 2 3 123 -1
23 3 6 ML-F2W 8 15 4 0 125 -1
23 3 7 ML-F3W 9 15 4 0 125 -1
23 3 8 ML-F3W 10 15 4 0 125 -1
23 3 9 ML-F3W 11 15 4 0 125 -1
23 3 10 ML-F3W 0 16 4 1 125 -1
23 4 -6 ML-F3W 1 18 3 3 508 -1
23 4 -5 ML-F3W 11 17 4 2 509 -1
23 4 -4 ML-F3W 8 17 4 2 509 -1
23 4 -3 ML-F3W 9 15 4 0 509 -1
23 4 -2 ML-F2W 3 15 4 0 509 -1
23 4 -1 MH-F2W 7 14 2 3 507 -1
23 4 0 MH-F2W 5 12 3 1 52 -1
23 4 1 MH-F2W 8 12 3 1 52 -1
23 4 2 MH-F1W 1 13 3 2 52 -1
23 4 3 MH-F2W 11 12 3 1 52 -1
23 4 4 MH-F2W 0 14 2 3 123 -1
23 4 5 MH-F2W 4 14 2 3 123 -1
23 4 6 ML-F2W 1 16 4 1 125 -1
23 4 7 ML-F3W 4 17 4 2 125 -1
23 4 8 ML-F3W 8 17 4 2 125 -1
23 4 9 ML-F3W 9 17 4 2 125 -1
23 4 10 ML-F3W 10 17 4 2 125 -1
23 5 -5 ML-53W 0 18 3 3 508 -1
23 5 -4 ML-F3W 9 17 4 2 509 -1
23 5 -3 ML-F3W 10 15 4 0 509 -1
23 5 -2 ML-F3W 4 15 4 0 509 -1
23 5 -1 ML-F3W 11 14 2 3 507 -1
23 5 0 ML-F2W 4 15 4 0 53 -1
23 5 1 MH-F2W 9 12 3 1 52 -1
23 5 2 MH-F2W 2 13 3 2 52 -1
23 5 3 MH-F2W 3 13 3 2 52 -1
23 5 4 MH-F2W 0 13 3 2 52 -1
23 5 5 ML-F2W 11 16 4 1 125 -1
23 5 6 ML-F3W 6 16 4 1 125 -1
23 5 7 ML-F3W 2 16 4 1 125 -1
23 5 8 ML-F3W 5 17 4 2 125 -1
23 5 9 ML-F3W 11 17 4 2 125 -1
23 5 10 ML-53W 0 18 3 3 124 -1
23 6 -4 ML-F3W 10 17 4 2 509 -1
23 6 -3 ML-F3W 11 15 4 0 509 -1
23 6 -2 ML-F3W 5 15 4 0 509 -1
23 6 -1 ML-F3W 0 15 4 0 509 -1
23 6 0 ML-F3W 5 15 4 0 53 -1
23 6 1 ML-F3W 11 14 2 3 51 -1
23 6 2 ML-F2W 6 14 2 3 51 -1
23 6 3 ML-F2W 1 14 2 3 51 -1
23 6 4 ML-F2W 8 13 3 2 52 -1
23 6 5 ML-F3W 4 13 3 2 52 -1
23 6 6 ML-F3W 0 17 4 2 125 -1
23 6 7 ML-F3W 7 16 4 1 125 -1
23 6 8 ML-F3W 3 16 4 1 125 -1
23 6 9 ML-F3W 6 17 4 2 125 -1
23 6 10 ML-F3W 1 18 3 3 124 -1
23 7 -3 ML-F3W 0 16 4 1 509 -1
23 7 -2 ML-F3W 6 15 4 0 509 -1
23 7 -1 ML-F3W 1 15 4 0 509 -1
23 7 0 ML-F3W 6 15 4 0 53 -1
23 7 1 ML-F3W 0 15 4 0 53 -1
23 7 2 ML-F3W 7 14 2 3 51 -1
23 7 3 ML-F3W 9 15 4 0 53 -1
23 7 4 ML-F3W 2 14 2 3 51 -1
23 7 5 ML-F3W 9 13 3 2 52 -1
23 7 6 ML-F3W 5 13 3 2 52 -1
23 7 7 ML-F3W 1 17 4 2 125 -1
23 7 8 ML-F3W 8 16 4 1 125 -1
23 7 9 ML-F3W 4 16 4 1 125 -1
23 7 10 ML-F3W 7 17 4 2 125 -1
23 8 -2 ML-53W 7 15 4 0 509 -1
23 8 -1 ML-F3W 2 15 4 0 509 -1
23 8 0 ML-F3W 7 15 4 0 53 -1
23 8 1 ML-F3W 1 15 4 0 53 -1
23 8 2 ML-F3W 8 14 2 3 51 -1
23 8 3 ML-F3W 10 15 4 0 53 -1
23 8 4 ML-F3W 1 16 4 1 53 -1
23 8 5 ML-F3W 3 14 2 3 51 -1
23 8 6 ML-F3W 10 13 3 2 52 -1
23 8 7 ML-F3W 6 13 3 2 52 -1
23 8 8 ML-F3W 2 17 4 2 125 -1
23 8 9 ML-F3W 9 16 4 1 125 -1
23 8 10 ML-53W 5 16 4 1 125 -1
23 9 0 ML-B3W 8 15 4 0 53 -1
23 9 1 ML-F3W 2 15 4 0 53 -1
23 9 2 ML-F3W 9 14 2 3 51 -1
23 9 3 ML-F3W 11 15 4 0 53 -1
23 9 4 ML-F3W 2 16 4 1 53 -1
23 9 5 ML-F3W 3 16 4 1 53 -1
23 9 6 ML-F3W 4 14 2 3 51 -1
23 9 7 ML-F3W 11 13 3 2 52 -1
23 9 8 ML-F3W 7 13 3 2 52 -1
23 9 9 ML-B3W 3 17 4 2 125 -1
23 9 10 ML-B3W 10 16 4 1 125 -1
23 10 1 ML-B3W 3 15 4 0 53 -1
23 10 2 ML-53W 10 14 2 3 51 -1
23 10 3 ML-F3W 0 16 4 1 53 -1
23 10 4 ML-F3W 4 16 4 1 53 -1
23 10 5 ML-53W 5 16 4 1 53 -1
23 10 6 ML-F3W 6 16 4 1 53 -1
23 10 7 ML-F3W 5 14 2 3 51 -1
23 10 8 ML-53W 0 14 2 3 51 -1
24 -10 -9 ML-T3W 11 13 3 2 340 -1
24 -10 -8 ML-53W 6 13 3 2 340 -1
24 -10 -7 ML-F3W 8 14 2 3 339 -1
24 -10 -6 ML-F3W 2 15 4 0 341 -1
24 -10 -5 ML-F3W 1 15 4 0 341 -1
24 -10 -4 ML-F3W 11 14 2 3 339 -1
24 -10 -3 ML-F3W 1 13 3 2 340 -1
24 -10 -2 ML-53W 6 19 5 0 282 -1
24 -9 -9 ML-T3W 4 14 2 3 339 -1
24 -9 -8 ML-F3W 10 13 3 2 340 -1
24 -9 -7 ML-F3W 5 13 3 2 340 -1
24 -9 -6 ML-F3W 7 14 2 3 339 -1
24 -9 -5 ML-F3W 0 15 4 0 341 -1
24 -9 -4 ML-F3W 10 14 2 3 339 -1
24 -9 -3 ML-F3W 0 13 3 2 340 -1
24 -9 -2 ML-F3W 5 19 5 0 282 -1
24 -9 -1 ML-F3W 1 19 5 0 282 -1
24 -8 -10 ML-53W 9 14 2 3 207 -1
24 -8 -9 ML-F3W 4 14 2 3 207 -1
24 -8 -8 ML-F3W 3 14 2 3 339 -1
24 -8 -7 ML-F3W 9 13 3 2 340 -1
24 -8 -6 ML-F3W 4 13 3 2 340 -1
24 -8 -5 ML-F3W 6 14 2 3 339 -1
24 -8 -4 ML-F3W 9 14 2 3 339 -1
24 -8 -3 ML-F3W 11 12 3 1 340 -1
24 -8 -2 ML-F3W 4 19 5 0 282 -1
24 -8 -1 ML-F3W 0 19 5 0 282 -1
24 -7 -10 ML-F3W 5 11 3 0 256 -1
24 -7 -9 ML-F3W 8 14 2 3 207 -1
24 -7 -8 ML-F3W 3 14 2 3 207 -1
24 -7 -7 ML-F3W 2 14 2 3 339 -1
24 -7 -6 ML-F3W 8 13 3 2 340 -1
24 -7 -5 ML-F3W 3 13 3 2 340 -1
24 -7 -4 ML-F3W 5 14 2 3 339 -1
24 -7 -3 ML-F3W 10 12 3 1 340 -1
24 -7 -2 ML-F3W 3 19 5 0 282 -1
24 -7 -1 ML-F3W 11 18 3 3 280 -1
24 -6 -10 ML-F3W 6 13 3 2 256 -1
24 -6 -9 ML-F3W 4 11 3 0 256 -1
24 -6 -8 ML-F3W 7 14 2 3 207 -1
24 -6 -7 ML-F3W 2 14 2 3 207 -1
24 -6 -6 ML-F3W 1 14 2 3 339 -1
24 -6 -5 ML-F3W 7 13 3 2 340 -1
24 -6 -4 ML-F2W 2 13 3 2 340 -1
24 -6 -3 ML-F2W 9 12 3 1 340 -1
24 -6 -2 ML-F2W 2 19 5 0 282 -1
24 -6 -1 ML-F3W 10 18 3 3 280 -1
24 -5 -10 ML-F3W 5 13 3 2 256 -1
24 -5 -9 ML-F3W 3 13 3 2 256 -1
24 -5 -8 ML-F3W 3 11 3 0 256 -1
24 -5 -7 ML-F3W 6 14 2 3 207 -1
24 -5 -6 ML-F3W 1 14 2 3 207 -1
24 -5 -5 ML-F2W 0 14 2 3 339 -1
24 -5 -4 MH-F2W 2 18 3 3 280 -1
24 -5 -3 MH-F2W 9 18 3 3 280 -1
24 -5 -2 MH-F2W 8 18 3 3 280 -1
24 -5 -1 MH-F2W 6 18 3 3 280 -1
24 -4 -10 ML-F3W 4 13 3 2 256 -1
24 -4 -9 ML-F3W 2 13 3 2 256 -1
24 -4 -8 ML-F3W 1 13 3 2 256 -1
24 -4 -7 ML-F3W 2 11 3 0 256 -1
24 -4 -6 ML-F2W 5 14 2 3 207 -1
24 -4 -5 MH-F2W 9 13 3 2 208 -1
24 -4 -4 MH-F2W 11 17 4 2 281 -1
24 -4 -3 MH-F2W 1 18 3 3 280 -1
24 -4 -2 MH-F1W 7 18 3 3 280 -1
24 -4 -1 MH-F2W 5 18 3 3 280 -1
24 -3 -10 ML-F3W 0 13 3 2 256 -1
24 -3 -9 ML-F3W 11 12 3 1 256 -1
24 -3 -8 ML-F3W 10 12 3 1 256 -1
24 -3 -7 ML-F3W 9 12 3 1 256 -1
24 -3 -6 ML-F2W 1 11 3 0 256 -1
24 -3 -5 MH-F2W 0 14 2 3 207 -1
24 -3 -4 MH-F2W 8 13 3 2 208 -1
24 -3 -3 MH-F1W 10 17 4 2 281 -1
24 -3 -2 MH-F1W 0 18 3 3 280 -1
24 -3 -1 MH-F1W 4 18 3 3 280 -1
24 -2 -10 ML-53W 10 11 3 0 256 -1
24 -2 -9 ML-F3W 9 11 3 0 256 -1
24 -2 -8 ML-F3W 8 11 3 0 256 -1
24 -2 -7 ML-F3W 7 11 3 0 256 -1
24 -2 -6 ML-F2W 6 11 3 0 256 -1
24 -2 -5 MH-F2W 11 13 3 2 208 -1
24 -2 -4 MH-F1W 10 13 3 2 208 -1
24 -2 -3 MH-F1W 7 13 3 2 208 -1
24 -2 -2 MH-B1W 9 17 4 2 281 -1
24 -2 -1 MH-R1W 3 18 3 3 280 -1
24 -1 -10 ML-T3W 3 12 3 1 256 -1
24 -1 -9 ML-F3W 2 12 3 1 256 -1
24 -1 -8 ML-F3W 1 12 3 1 256 -1
24 -1 -7 ML-F3W 0 12 3 1 256 -1
24 -1 -6 ML-F3W 11 11 3 0 256 -1
24 -1 -5 MH-F2W 5 13 3 2 208 -1
24 -1 -4 MH-F2W 4 13 3 2 208 -1
24 -1 -3 MH-F1W 3 13 3 2 208 -1
24 -1 -2 MH-R1W 6 13 3 2 208 -1
24 0 -9 ML-T3W 8 12 3 1 256 -1
24 0 -8 ML-F3W 7 12 3 1 256 -1
24 0 -7 ML-F3W 6 12 3 1 256 -1
24 0 -6 ML-F3W 5 12 3 1 256 -1
24 0 -5 ML-F2W 4 12 3 1 256 -1
24 0 -4 MH-F2W 2 13 3 2 208 -1
24 0 -3 MH-F1W 1 13 3 2 208 -1
24 0 -2 MH-B1W 0 13 3 2 208 -1
24 1 -8 ML-F3W 1 19 5 0 474 -1
24 1 -7 ML-F3W 0 19 5 0 474 -1
24 1 -6 ML-F3W 11 18 3 3 472 -1
24 1 -5 ML-F3W 10 18 3 3 472 -1
24 1 -4 MH-F2W 6 18 3 3 472 -1
24 1 -3 MH-F2W 5 18 3 3 472 -1
24 1 -2 MH-F1W 4 18 3 3 472 -1
24 1 -1 MH-R1W 3 18 3 3 472 -1
24 1 2 MH-R1W 3 18 3 3 88 -1
24 1 3 MH-F1W 4 18 3 3 88 -1
24 1 4 MH-F2W 5 18 3 3 88 -1
24 1 5 MH-F2W 6 18 3 3 88 -1
24 1 6 ML-F3W 10 18 3 3 88 -1
24 1 7 ML-F3W 11 18 3 3 88 -1
24 1 8 ML-F3W 0 19 5 0 90 -1
24 1 9 ML-F3W 1 19 5 0 90 -1
24 2 -8 ML-53W 6 19 5 0 474 -1
24 2 -7 ML-F3W 5 19 5 0 474 -1
24 2 -6 ML-F3W 4 19 5 0 474 -1
24 2 -5 ML-F3W 3 19 5 0 474 -1
24 2 -4 ML-F2W 2 19 5 0 474 -1
24 2 -3 MH-F2W 8 18 3 3 472 -1
24 2 -2 MH-F1W 7 18 3 3 472 -1
24 2 -1 MH-F1W 0 18 3 3 472 -1
24 2 0 MH-B1W 0 13 3 2 16 -1
24 2 0 MH-B1W 9 17 4 2 473 -1
24 2 1 MH-R1W 6 13 3 2 16 -1
24 2 1 MH-R1W 6 13 3 2 400 -1
24 2 2 MH-B1W 0 13 3 2 400 -1
24 2 2 MH-B1W 9 17 4 2 89 -1
24 2 3 MH-F1W 0 18 3 3 88 -1
24 2 4 MH-F1W 7 18 3 3 88 -1
24 2 5 MH-F2W 8 18 3 3 88 -1
24 2 6 ML-F2W 2 19 5 0 90 -1
24 2 7 ML-F3W 3 19 5 0 90 -1
24 2 8 ML-F3W 4 19 5 0 90 -1
24 2 9 ML-F3W 5 19 5 0 90 -1
24 2 10 ML-53W 6 19 5 0 90 -1
24 3 -7 ML-F3W 1 13 3 2 532 -1
24 3 -6 ML-F3W 0 13 3 2 532 -1
24 3 -5 ML-F3W 11 12 3 1 532 -1
24 3 -4 ML-F3W 10 12 3 1 532 -1
24 3 -3 ML-F2W 9 12 3 1 532 -1
24 3 -2 MH-F2W 9 18 3 3 472 -1
24 3 -1 MH-F2W 1 18 3 3 472 -1
24 3 0 MH-F1W 1 13 3 2 16 -1
24 3 0 MH-F1W 10 17 4 2 473 -1
24 3 1 MH-F1W 3 13 3 2 16 -1
24 3 1 MH-F1W 7 13 3 2 400 -1
24 3 2 MH-F1W 3 13 3 2 400 -1
24 3 2 MH-F1W 7 13 3 2 16 -1
24 3 3 MH-F1W 1 13 3 2 400 -1
24 3 3 MH-F1W 10 17 4 2 89 -1
24 3 4 MH-F2W 1 18 3 3 88 -1
24 3 5 MH-F2W 9 18 3 3 88 -1
24 3 6 ML-F2W 9 12 3 1 148 -1
24 3 7 ML-F3W 10 12 3 1 148 -1
24 3 8 ML-F3W 11 12 3 1 148 -1
24 3 9 ML-F3W 0 13 3 2 148 -1
24 3 10 ML-F3W 1 13 3 2 148 -1
24 4 -6 ML-F3W 11 14 2 3 531 -1
24 4 -5 ML-F3W 10 14 2 3 531 -1
24 4 -4 ML-F3W 9 14 2 3 531 -1
24 4 -3 ML-F3W 5 14 2 3 531 -1
24 4 -2 ML-F2W 2 13 3 2 532 -1
24 4 -1 MH-F2W 2 18 3 3 472 -1
24 4 0 MH-F2W 2 13 3 2 16 -1
24 4 0 MH-F2W 11 17 4 2 473 -1
24 4 1 MH-F2W 4 13 3 2 16 -1
24 4 1 MH-F2W 8 13 3 2 400 -1
24 4 2 MH-F1W 10 13 3 2 16 -1
24 4 2 MH-F1W 10 13 3 2 400 -1
24 4 3 MH-F2W 4 13 3 2 400 -1
24 4 3 MH-F2W 8 13 3 2 16 -1
24 4 4 MH-F2W 2 13 3 2 400 -1
24 4 4 MH-F2W 11 17 4 2 89 -1
24 4 5 MH-F2W 2 18 3 3 88 -1
24 4 6 ML-F2W 2 13 3 2 148 -1
24 4 7 ML-F3W 5 14 2 3 147 -1
24 4 8 ML-F3W 9 14 2 3 147 -1
24 4 9 ML-F3W 10 14 2 3 147 -1
24 4 10 ML-F3W 11 14 2 3 147 -1
24 5 -5 ML-F3W 1 15 4 0 533 -1
24 5 -4 ML-F3W 0 15 4 0 533 -1
24 5 -3 ML-F3W 6 14 2 3 531 -1
24 5 -2 ML-F3W 3 13 3 2 532 -1
24 5 -1 ML-F3W 7 13 3 2 532 -1
24 5 0 ML-F2W 4 12 3 1 64 -1
24 5 0 ML-F2W 0 14 2 3 531 -1
24 5 1 MH-F2W 5 13 3 2 16 -1
24 5 1 MH-F2W 9 13 3 2 400 -1
24 5 2 MH-F2W 11 13 3 2 16 -1
24 5 2 MH-F2W 0 14 2 3 399 -1
24 5 3 MH-F2W 11 13 3 2 400 -1
24 5 3 MH-F2W 0 14 2 3 15 -1
24 5 4 MH-F2W 5 13 3 2 400 -1
24 5 4 MH-F2W 9 13 3 2 16 -1
24 5 5 ML-F2W 4 12 3 1 448 -1
24 5 5 ML-F2W 0 14 2 3 147 -1
24 5 6 ML-F3W 7 13 3 2 148 -1
24 5 7 ML-F3W 3 13 3 2 148 -1
24 5 8 ML-F3W 6 14 2 3 147 -1
24 5 9 ML-F3W 0 15 4 0 149 -1
24 5 10 ML-F3W 1 15 4 0 149 -1
24 6 -4 ML-F3W 2 15 4 0 533 -1
24 6 -3 ML-F3W 7 14 2 3 531 -1
24 6 -2 ML-F3W 4 13 3 2 532 -1
24 6 -1 ML-F3W 8 13 3 2 532 -1
24 6 0 ML-F3W 5 12 3 1 64 -1
24 6 0 ML-F3W 1 14 2 3 531 -1
24 6 1 ML-F3W 1 14 2 3 399 -1
24 6 1 ML-F3W 11 11 3 0 64 -1
24 6 2 ML-F2W 5 14 2 3 399 -1
24 6 2 ML-F2W 6 11 3 0 64 -1
24 6 3 ML-F2W 1 11 3 0 64 -1
24 6 3 ML-F2W 1 11 3 0 448 -1
24 6 4 ML-F2W 5 14 2 3 15 -1
24 6 4 ML-F2W 6 11 3 0 448 -1
24 6 5 ML-F3W 1 14 2 3 15 -1
24 6 5 ML-F3W 11 11 3 0 448 -1
24 6 6 ML-F3W 5 12 3 1 448 -1
24 6 6 ML-F3W 1 14 2 3 147 -1
24 6 7 ML-F3W 8 13 3 2 148 -1
24 6 8 ML-F3W 4 13 3 2 148 -1
24 6 9 ML-F3W 7 14 2 3 147 -1
24 6 10 ML-F3W 2 15 4 0 149 -1
24 7 -3 ML-F3W 8 14 2 3 531 -1
24 7 -2 ML-F3W 5 13 3 2 532 -1
24 7 -1 ML-F3W 9 13 3 2 532 -1
24 7 0 ML-F3W 6 12 3 1 64 -1
24 7 0 ML-F3W 2 14 2 3 531 -1
24 7 1 ML-F3W 2 14 2 3 399 -1
24 7 1 ML-F3W 0 12 3 1 64 -1
24 7 2 ML-F3W 6 14 2 3 399 -1
24 7 2 ML-F3W 7 11 3 0 64 -1
24 7 3 ML-F3W 2 11 3 0 448 -1
24 7 3 ML-F3W 9 12 3 1 64 -1
24 7 4 ML-F3W 2 11 3 0 64 -1
24 7 4 ML-F3W 9 12 3 1 448 -1
24 7 5 ML-F3W 6 14 2 3 15 -1
24 7 5 ML-F3W 7 11 3 0 448 -1
24 7 6 ML-F3W 2 14 2 3 15 -1
24 7 6 ML-F3W 0 12 3 1 448 -1
24 7 7 ML-F3W 6 12 3 1 448 -1
24 7 7 ML-F3W 2 14 2 3 147 -1
24 7 8 ML-F3W 9 13 3 2 148 -1
24 7 9 ML-F3W 5 13 3 2 148 -1
24 7 10 ML-F3W 8 14 2 3 147 -1
24 8 -2 ML-53W 6 13 3 2 532 -1
24 8 -1 ML-F3W 10 13 3 2 532 -1
24 8 0 ML-F3W 7 12 3 1 64 -1
24 8 0 ML-F3W 3 14 2 3 531 -1
24 8 1 ML-F3W 3 14 2 3 399 -1
24 8 1 ML-F3W 1 12 3 1 64 -1
24 8 2 ML-F3W 7 14 2 3 399 -1
24 8 2 ML-F3W 8 11 3 0 64 -1
24 8 3 ML-F3W 3 11 3 0 448 -1
24 8 3 ML-F3W 10 12 3 1 64 -1
24 8 4 ML-F3W 1 13 3 2 64 -1
24 8 4 ML-F3W 1 13 3 2 448 -1
24 8 5 ML-F3W 3 11 3 0 64 -1
24 8 5 ML-F3W 10 12 3 1 448 -1
24 8 6 ML-F3W 7 14 2 3 15 -1
24 8 6 ML-F3W 8 11 3 0 448 -1
24 8 7 ML-F3W 3 14 2 3 15 -1
24 8 7 ML-F3W 1 12 3 1 448 -1
24 8 8 ML-F3W 7 12 3 1 448 -1
24 8 8 ML-F3W 3 14 2 3 147 -1
24 8 9 ML-F3W 10 13 3 2 148 -1
24 8 10 ML-53W 6 13 3 2 148 -1
24 9 -1 ML-T3W 11 13 3 2 532 -1
24 9 0 ML-T3W 8 12 3 1 64 -1
24 9 0 ML-T3W 4 14 2 3 531 -1
24 9 1 ML-F3W 4 14 2 3 399 -1
24 9 1 ML-F3W 2 12 3 1 64 -1
24 9 2 ML-F3W 8 14 2 3 399 -1
24 9 2 ML-F3W 9 11 3 0 64 -1
24 9 3 ML-F3W 4 11 3 0 448 -1
24 9 3 ML-F3W 11 12 3 1 64 -1
24 9 4 ML-F3W 2 13 3 2 64 -1
24 9 4 ML-F3W 3 13 3 2 448 -1
24 9 5 ML-F3W 2 13 3 2 448 -1
24 9 5 ML-F3W 3 13 3 2 64 -1
24 9 6 ML-F3W 4 11 3 0 64 -1
24 9 6 ML-F3W 11 12 3 1 448 -1
24 9 7 ML-F3W 8 14 2 3 15 -1
24 9 7 ML-F3W 9 11 3 0 448 -1
24 9 8 ML-F3W 4 14 2 3 15 -1
24 9 8 ML-F3W 2 12 3 1 448 -1
24 9 9 ML-T3W 8 12 3 1 448 -1
24 9 9 ML-T3W 4 14 2 3 147 -1
24 9 10 ML-T3W 11 13 3 2 148 -1
24 10 1 ML-T3W 3 12 3 1 64 -1
24 10 2 ML-53W 9 14 2 3 399 -1
24 10 2 ML-53W 10 11 3 0 64 -1
24 10 3 ML-F3W 5 11 3 0 448 -1
24 10 3 ML-F3W 0 13 3 2 64 -1
24 10 4 ML-F3W 4 13 3 2 64 -1
24 10 4 ML-F3W 6 13 3 2 448 -1
24 10 5 ML-F3W 5 13 3 2 64 -1
24 10 5 ML-F3W 5 13 3 2 448 -1
24 10 6 ML-F3W 4 13 3 2 448 -1
24 10 6 ML-F3W 6 13 3 2 64 -1
24 10 7 ML-F3W 5 11 3 0 64 -1
24 10 7 ML-F3W 0 13 3 2 448 -1
24 10 8 ML-53W 9 14 2 3 15 -1
24 10 8 ML-53W 10 11 3 0 448 -1
24 10 9 ML-T3W 3 12 3 1 448 -1
25 -11 -7 ML-R3W 10 16 4 1 329 -1
25 -11 -4 ML-L3W 2 11 3 0 304 -1
25 -10 -8 ML-F3W 10 10 1 3 302 -1
25 -10 -7 ML-F3W 11 14 2 3 327 -1
25 -10 -6 ML-F3W 9 16 4 1 329 -1
25 -10 -5 ML-F3W 0 11 3 0 304 -1
25 -10 -4 ML-F3W 1 11 3 0 304 -1
25 -10 -3 ML-F3W 6 16 4 1 329 -1
25 -10 -2 ML-F3W 4 15 4 0 329 -1
25 -10 -1 ML-B3W 9 15 4 0 329 -1
25 -9 -10 ML-B3W 9 17 4 2 437 -1
25 -9 -9 ML-B3W 2 18 3 3 436 -1
25 -9 -8 ML-F3W 5 10 1 3 302 -1
25 -9 -7 ML-F3W 9 10 1 3 302 -1
25 -9 -6 ML-F3W 10 14 2 3 327 -1
25 -9 -5 ML-F3W 8 16 4 1 329 -1
25 -9 -4 ML-F3W 11 10 1 3 302 -1
25 -9 -3 ML-F3W 5 16 4 1 329 -1
25 -9 -2 ML-F3W 3 15 4 0 329 -1
25 -9 -1 ML-F3W 8 15 4 0 329 -1
25 -9 0 ML-B3W 2 16 4 1 329 -1
25 -8 -10 ML-F3W 4 17 4 2 437 -1
25 -8 -9 ML-F3W 8 17 4 2 437 -1
25 -8 -8 ML-F3W 1 18 3 3 436 -1
25 -8 -7 ML-F3W 4 10 1 3 302 -1
25 -8 -6 ML-F3W 8 10 1 3 302 -1
25 -8 -5 ML-F3W 9 14 2 3 327 -1
25 -8 -4 ML-F3W 7 16 4 1 329 -1
25 -8 -3 ML-F3W 4 16 4 1 329 -1
25 -8 -2 ML-F3W 2 15 4 0 329 -1
25 -8 -1 ML-F3W 7 15 4 0 329 -1
25 -8 0 ML-F3W 1 16 4 1 329 -1
25 -8 1 ML-F3W 2 15 4 0 221 -1
25 -8 2 ML-F3W 7 15 4 0 221 -1
25 -7 -11 ML-L3W 11 15 4 0 413 -1
25 -7 -10 ML-F3W 6 18 3 3 436 -1
25 -7 -9 ML-F3W 3 17 4 2 437 -1
25 -7 -8 ML-F3W 7 17 4 2 437 -1
25 -7 -7 ML-F3W 0 18 3 3 436 -1
25 -7 -6 ML-F3W 3 10 1 3 302 -1
25 -7 -5 ML-F3W 7 10 1 3 302 -1
25 -7 -4 ML-F3W 8 14 2 3 327 -1
25 -7 -3 ML-F3W 3 16 4 1 329 -1
25 -7 -2 ML-F3W 1 15 4 0 329 -1
25 -7 -1 ML-F3W 6 15 4 0 329 -1
25 -7 0 ML-F3W 0 16 4 1 329 -1
25 -7 1 ML-F3W 1 15 4 0 221 -1
25 -7 2 ML-F3W 6 15 4 0 221 -1
25 -7 3 ML-F3W 11 16 4 1 245 -1
25 -7 4 ML-R3W 10 18 3 3 244 -1
25 -6 -10 ML-F3W 9 15 4 0 413 -1
25 -6 -9 ML-F3W 5 18 3 3 436 -1
25 -6 -8 ML-F3W 2 17 4 2 437 -1
25 -6 -7 ML-F3W 6 17 4 2 437 -1
25 -6 -6 ML-F3W 11 17 4 2 437 -1
25 -6 -5 ML-F3W 2 10 1 3 302 -1
25 -6 -4 ML-F2W 6 10 1 3 302 -1
25 -6 -3 ML-F2W 7 14 2 3 327 -1
25 -6 -2 ML-F2W 0 15 4 0 329 -1
25 -6 -1 ML-F3W 5 15 4 0 329 -1
25 -6 0 ML-F3W 11 15 4 0 329 -1
25 -6 1 ML-F3W 0 15 4 0 221 -1
25 -6 2 ML-F3W 5 15 4 0 221 -1
25 -6 3 ML-F3W 10 16 4 1 245 -1
25 -6 4 ML-F3W 9 18 3 3 244 -1
25 -5 -10 ML-F3W 10 15 4 0 413 -1
25 -5 -9 ML-F3W 8 15 4 0 413 -1
25 -5 -8 ML-F3W 4 18 3 3 436 -1
25 -5 -7 ML-F3W 1 17 4 2 437 -1
25 -5 -6 ML-F3W 5 17 4 2 437 -1
25 -5 -5 ML-F2W 10 17 4 2 437 -1
25 -5 -4 MH-F2W 10 9 0 3 301 -1
25 -5 -3 MH-F2W 0 10 1 3 302 -1
25 -5 -2 MH-F2W 1 10 1 3 302 -1
25 -5 -1 MH-F2W 7 9 0 3 301 -1
25 -5 0 ML-F2W 10 15 4 0 329 -1
25 -5 1 ML-F3W 11 14 2 3 219 -1
25 -5 2 ML-F3W 4 15 4 0 221 -1
25 -5 3 ML-F3W 9 16 4 1 245 -1
25 -5 4 ML-F3W 8 18 3 3 244 -1
25 -5 5 ML-F3W 10 15 4 0 221 -1
25 -4 -11 ML-R3W 10 18 3 3 436 -1
25 -4 -10 ML-F3W 9 18 3 3 436 -1
25 -4 -9 ML-F3W 8 18 3 3 436 -1
25 -4 -8 ML-F3W 7 18 3 3 436 -1
25 -4 -7 ML-F3W 3 18 3 3 436 -1
25 -4 -6 ML-F2W 0 17 4 2 437 -1
25 -4 -5 MH-F2W 4 14 2 3 411 -1
25 -4 -4 MH-F2W 0 14 2 3 411 -1
25 -4 -3 MH-F2W 9 9 0 3 301 -1
25 -4 -2 MH-F1W 11 9 0 3 301 -1
25 -4 -1 MH-F2W 6 9 0 3 301 -1
25 -4 0 MH-F2W 3 9 0 3 301 -1
25 -4 1 MH-F2W 7 14 2 3 219 -1
25 -4 2 ML-F2W 3 15 4 0 221 -1
25 -4 3 ML-F3W 8 16 4 1 245 -1
25 -4 4 ML-F3W 7 18 3 3 244 -1
25 -4 5 ML-F3W 8 15 4 0 221 -1
25 -4 6 ML-F3W 9 15 4 0 221 -1
25 -4 7 ML-L3W 11 15 4 0 221 -1
25 -3 -10 ML-F3W 11 16 4 1 437 -1
25 -3 -9 ML-F3W 10 16 4 1 437 -1
25 -3 -8 ML-F3W 9 16 4 1 437 -1
25 -3 -7 ML-F3W 8 16 4 1 437 -1
25 -3 -6 ML-F2W 7 16 4 1 437 -1
25 -3 -5 MH-F2W 9 14 2 3 411 -1
25 -3 -4 MH-F2W 3 14 2 3 411 -1
25 -3 -3 MH-F1W 11 13 3 2 412 -1
25 -3 -2 MH-F1W 8 9 0 3 301 -1
25 -3 -1 MH-F1W 5 9 0 3 301 -1
25 -3 0 MH-F1W 2 9 0 3 301 -1
25 -3 1 MH-F2W 6 14 2 3 219 -1
25 -3 2 MH-F2W 10 14 2 3 219 -1
25 -3 3 ML-F2W 7 16 4 1 245 -1
25 -3 4 ML-F3W 3 18 3 3 244 -1
25 -3 5 ML-F3W 4 18 3 3 244 -1
25 -3 6 ML-F3W 5 18 3 3 244 -1
25 -3 7 ML-F3W 6 18 3 3 244 -1
25 -2 -10 ML-F3W 7 15 4 0 413 -1
25 -2 -9 ML-F3W 6 15 4 0 413 -1
25 -2 -8 ML-F3W 5 15 4 0 413 -1
25 -2 -7 ML-F3W 4 15 4 0 413 -1
25 -2 -6 ML-F2W 3 15 4 0 413 -1
25 -2 -5 MH-F2W 10 14 2 3 411 -1
25 -2 -4 MH-F1W 8 14 2 3 411 -1
25 -2 -3 MH-F1W 2 14 2 3 411 -1
25 -2 -2 MH-B1W 10 13 3 2 412 -1
25 -2 -1 MH-L1W 4 9 0 3 301 -1
25 -2 0 MH-B1W 1 9 0 3 301 -1
25 -2 1 MH-F1W 5 14 2 3 219 -1
25 -2 2 MH-F1W 8 14 2 3 219 -1
25 -2 3 MH-F2W 9 14 2 3 219 -1
25 -2 4 ML-F2W 0 17 4 2 245 -1
25 -2 5 ML-F3W 1 17 4 2 245 -1
25 -2 6 ML-F3W 2 17 4 2 245 -1
25 -2 7 ML-F3W 3 17 4 2 245 -1
25 -2 8 ML-F3W 4 17 4 2 245 -1
25 -1 -9 ML-F3W 2 15 4 0 413 -1
25 -1 -8 ML-F3W 1 15 4 0 413 -1
25 -1 -7 ML-F3W 0 15 4 0 413 -1
25 -1 -6 ML-F3W 11 14 2 3 411 -1
25 -1 -5 MH-F2W 7 14 2 3 411 -1
25 -1 -4 MH-F2W 6 14 2 3 411 -1
25 -1 -3 MH-F1W 5 14 2 3 411 -1
25 -1 -2 MH-L1W 1 14 2 3 411 -1
25 -1 1 MH-L1W 1 14 2 3 219 -1
25 -1 2 MH-F1W 2 14 2 3 219 -1
25 -1 3 MH-F2W 3 14 2 3 219 -1
25 -1 4 MH-F2W 4 14 2 3 219 -1
25 -1 5 ML-F3W 5 17 4 2 245 -1
25 -1 6 ML-F3W 6 17 4 2 245 -1
25 -1 7 ML-F3W 7 17 4 2 245 -1
25 -1 8 ML-F3W 8 17 4 2 245 -1
25 -1 9 ML-B3W 9 17 4 2 245 -1
25 0 -9 ML-B3W 2 16 4 1 521 -1
25 0 -8 ML-F3W 1 16 4 1 521 -1
25 0 -7 ML-F3W 0 16 4 1 521 -1
25 0 -6 ML-F3W 11 15 4 0 521 -1
25 0 -5 ML-F2W 10 15 4 0 521 -1
25 0 -4 MH-F2W 3 9 0 3 493 -1
25 0 -3 MH-F1W 2 9 0 3 493 -1
25 0 -2 MH-B1W 1 9 0 3 493 -1
25 0 2 MH-B1W 10 13 3 2 220 -1
25 0 3 MH-F1W 11 13 3 2 220 -1
25 0 4 MH-F2W 0 14 2 3 219 -1
25 0 5 ML-F2W 10 17 4 2 245 -1
25 0 6 ML-F3W 11 17 4 2 245 -1
25 0 7 ML-F3W 0 18 3 3 244 -1
25 0 8 ML-F3W 1 18 3 3 244 -1
25 0 9 ML-B3W 2 18 3 3 244 -1
25 1 -9 ML-B3W 9 15 4 0 521 -1
25 1 -8 ML-F3W 8 15 4 0 521 -1
25 1 -7 ML-F3W 7 15 4 0 521 -1
25 1 -6 ML-F3W 6 15 4 0 521 -1
25 1 -5 ML-F3W 5 15 4 0 521 -1
25 1 -4 MH-F2W 7 9 0 3 493 -1
25 1 -3 MH-F2W 6 9 0 3 493 -1
25 1 -2 MH-F1W 5 9 0 3 493 -1
25 1 -1 MH-L1W 4 9 0 3 493 -1
25 1 2 MH-L1W 4 9 0 3 109 -1
25 1 3 MH-F1W 8 9 0 3 109 -1
25 1 4 MH-F2W 9 9 0 3 109 -1
25 1 5 MH-F2W 10 9 0 3 109 -1
25 1 6 ML-F3W 2 10 1 3 110 -1
25 1 7 ML-F3W 3 10 1 3 110 -1
25 1 8 ML-F3W 4 10 1 3 110 -1
25 1 9 ML-F3W 5 10 1 3 110 -1
25 2 -8 ML-F3W 4 15 4 0 521 -1
25 2 -7 ML-F3W 3 15 4 0 521 -1
25 2 -6 ML-F3W 2 15 4 0 521 -1
25 2 -5 ML-F3W 1 15 4 0 521 -1
25 2 -4 ML-F2W 0 15 4 0 521 -1
25 2 -3 MH-F2W 1 10 1 3 494 -1
25 2 -2 MH-F1W 11 9 0 3 493 -1
25 2 -1 MH-F1W 8 9 0 3 493 -1
25 2 0 MH-B1W 10 13 3 2 28 -1
25 2 1 MH-L1W 1 14 2 3 27 -1
25 2 2 MH-B1W 1 9 0 3 109 -1
25 2 3 MH-F1W 5 9 0 3 109 -1
25 2 4 MH-F1W 11 9 0 3 109 -1
25 2 5 MH-F2W 0 10 1 3 110 -1
25 2 6 ML-F2W 6 10 1 3 110 -1
25 2 7 ML-F3W 7 10 1 3 110 -1
25 2 8 ML-F3W 8 10 1 3 110 -1
25 2 9 ML-F3W 9 10 1 3 110 -1
25 2 10 ML-F3W 10 10 1 3 110 -1
25 3 -7 ML-F3W 6 16 4 1 521 -1
25 3 -6 ML-F3W 5 16 4 1 521 -1
25 3 -5 ML-F3W 4 16 4 1 521 -1
25 3 -4 ML-F3W 3 16 4 1 521 -1
25 3 -3 ML-F2W 7 14 2 3 519 -1
25 3 -2 MH-F2W 0 10 1 3 494 -1
25 3 -1 MH-F2W 9 9 0 3 493 -1
25 3 0 MH-F1W 11 13 3 2 28 -1
25 3 1 MH-F1W 2 14 2 3 27 -1
25 3 2 MH-F1W 5 14 2 3 27 -1
25 3 3 MH-F1W 2 9 0 3 109 -1
25 3 4 MH-F2W 6 9 0 3 109 -1
25 3 5 MH-F2W 1 10 1 3 110 -1
25 3 6 ML-F2W 7 14 2 3 135 -1
25 3 7 ML-F3W 8 14 2 3 135 -1
25 3 8 ML-F3W 9 14 2 3 135 -1
25 3 9 ML-F3W 10 14 2 3 135 -1
25 3 10 ML-F3W 11 14 2 3 135 -1
25 4 -7 ML-L3W 2 11 3 0 496 -1
25 4 -6 ML-F3W 1 11 3 0 496 -1
25 4 -5 ML-F3W 11 10 1 3 494 -1
25 4 -4 ML-F3W 7 16 4 1 521 -1
25 4 -3 ML-F3W 8 14 2 3 519 -1
25 4 -2 ML-F2W 6 10 1 3 494 -1
25 4 -1 MH-F2W 10 9 0 3 493 -1
25 4 0 MH-F2W 0 14 2 3 27 -1
25 4 1 MH-F2W 3 14 2 3 27 -1
25 4 2 MH-F1W 8 14 2 3 27 -1
25 4 3 MH-F2W 6 14 2 3 27 -1
25 4 4 MH-F2W 3 9 0 3 109 -1
25 4 5 MH-F2W 7 9 0 3 109 -1
25 4 6 ML-F2W 0 15 4 0 137 -1
25 4 7 ML-F3W 3 16 4 1 137 -1
25 4 8 ML-F3W 7 16 4 1 137 -1
25 4 9 ML-F3W 8 16 4 1 137 -1
25 4 10 ML-F3W 9 16 4 1 137 -1
25 4 11 ML-R3W 10 16 4 1 137 -1
25 5 -5 ML-F3W 0 11 3 0 496 -1
25 5 -4 ML-F3W 8 16 4 1 521 -1
25 5 -3 ML-F3W 9 14 2 3 519 -1
25 5 -2 ML-F3W 7 10 1 3 494 -1
25 5 -1 ML-F3W 2 10 1 3 494 -1
25 5 0 ML-F2W 10 17 4 2 53 -1
25 5 1 MH-F2W 4 14 2 3 27 -1
25 5 2 MH-F2W 9 14 2 3 27 -1
25 5 3 MH-F2W 10 14 2 3 27 -1
25 5 4 MH-F2W 7 14 2 3 27 -1
25 5 5 ML-F2W 10 15 4 0 137 -1
25 5 6 ML-F3W 5 15 4 0 137 -1
25 5 7 ML-F3W 1 15 4 0 137 -1
25 5 8 ML-F3W 4 16 4 1 137 -1
25 5 9 ML-F3W 11 10 1 3 110 -1
25 5 10 ML-F3W 0 11 3 0 112 -1
25 6 -4 ML-F3W 9 16 4 1 521 -1
25 6 -3 ML-F3W 10 14 2 3 519 -1
25 6 -2 ML-F3W 8 10 1 3 494 -1
25 6 -1 ML-F3W 3 10 1 3 494 -1
25 6 0 ML-F3W 11 17 4 2 53 -1
25 6 1 ML-F3W 5 17 4 2 53 -1
25 6 2 ML-F2W 0 17 4 2 53 -1
25 6 3 ML-F2W 7 16 4 1 53 -1
25 6 4 ML-F2W 3 15 4 0 29 -1
25 6 5 ML-F3W 11 14 2 3 27 -1
25 6 6 ML-F3W 11 15 4 0 137 -1
25 6 7 ML-F3W 6 15 4 0 137 -1
25 6 8 ML-F3W 2 15 4 0 137 -1
25 6 9 ML-F3W 5 16 4 1 137 -1
25 6 10 ML-F3W 1 11 3 0 112 -1
25 7 -4 ML-R3W 10 16 4 1 521 -1
25 7 -3 ML-F3W 11 14 2 3 519 -1
25 7 -2 ML-F3W 9 10 1 3 494 -1
25 7 -1 ML-F3W 4 10 1 3 494 -1
25 7 0 ML-F3W 0 18 3 3 52 -1
25 7 1 ML-F3W 6 17 4 2 53 -1
25 7 2 ML-F3W 1 17 4 2 53 -1
25 7 3 ML-F3W 3 18 3 3 52 -1
25 7 4 ML-F3W 8 16 4 1 53 -1
25 7 5 ML-F3W 4 15 4 0 29 -1
25 7 6 ML-F3W 0 15 4 0 29 -1
25 7 7 ML-F3W 0 16 4 1 137 -1
25 7 8 ML-F3W 7 15 4 0 137 -1
25 7 9 ML-F3W 3 15 4 0 137 -1
25 7 10 ML-F3W 6 16 4 1 137 -1
25 7 11 ML-L3W 2 11 3 0 112 -1
25 8 -2 ML-F3W 10 10 1 3 494 -1
25 8 -1 ML-F3W 5 10 1 3 494 -1
25 8 0 ML-F3W 1 18 3 3 52 -1
25 8 1 ML-F3W 7 17 4 2 53 -1
25 8 2 ML-F3W 2 17 4 2 53 -1
25 8 3 ML-F3W 4 18 3 3 52 -1
25 8 4 ML-F3W 7 18 3 3 52 -1
25 8 5 ML-F3W 9 16 4 1 53 -1
25 8 6 ML-F3W 5 15 4 0 29 -1
25 8 7 ML-F3W 1 15 4 0 29 -1
25 8 8 ML-F3W 1 16 4 1 137 -1
25 8 9 ML-F3W 8 15 4 0 137 -1
25 8 10 ML-F3W 4 15 4 0 137 -1
25 9 0 ML-B3W 2 18 3 3 52 -1
25 9 1 ML-F3W 8 17 4 2 53 -1
25 9 2 ML-F3W 3 17 4 2 53 -1
25 9 3 ML-F3W 5 18 3 3 52 -1
25 9 4 ML-F3W 8 15 4 0 29 -1
25 9 5 ML-F3W 8 18 3 3 52 -1
25 9 6 ML-F3W 10 16 4 1 53 -1
25 9 7 ML-F3W 6 15 4 0 29 -1
25 9 8 ML-F3W 2 15 4 0 29 -1
25 9 9 ML-B3W 2 16 4 1 137 -1
25 9 10 ML-B3W 9 15 4 0 137 -1
25 10 1 ML-B3W 9 17 4 2 53 -1
25 10 2 ML-F3W 4 17 4 2 53 -1
25 10 3 ML-F3W 6 18 3 3 52 -1
25 10 4 ML-F3W 9 15 4 0 29 -1
25 10 5 ML-F3W 10 15 4 0 29 -1
25 10 6 ML-F3W 9 18 3 3 52 -1
25 10 7 ML-F3W 11 16 4 1 53 -1
25 10 8 ML-F3W 7 15 4 0 29 -1
25 11 4 ML-L3W 11 15 4 0 29 -1
25 11 7 ML-R3W 10 18 3 3 52 -1
26 -10 -9 ML-T3W 5 16 4 1 341 -1
26 -10 -8 ML-53W 0 16 4 1 341 -1
26 -10 -7 ML-F3W 2 17 4 2 341 -1
26 -10 -6 ML-F3W 8 17 4 2 341 -1
26 -10 -5 ML-F3W 7 17 4 2 341 -1
26 -10 -4 ML-F3W 5 17 4 2 341 -1
26 -10 -3 ML-F3W 7 15 4 0 341 -1
26 -10 -2 ML-53W 7 17 4 2 293 -1
26 -9 -9 ML-T3W 10 16 4 1 341 -1
26 -9 -8 ML-F3W 4 16 4 1 341 -1
26 -9 -7 ML-F3W 11 15 4 0 341 -1
26 -9 -6 ML-F3W 1 17 4 2 341 -1
26 -9 -5 ML-F3W 6 17 4 2 341 -1
26 -9 -4 ML-F3W 4 17 4 2 341 -1
26 -9 -3 ML-F3W 6 15 4 0 341 -1
26 -9 -2 ML-F3W 6 17 4 2 293 -1
26 -9 -1 ML-F3W 2 17 4 2 293 -1
26 -8 -10 ML-53W 7 16 4 1 209 -1
26 -8 -9 ML-F3W 2 16 4 1 209 -1
26 -8 -8 ML-F3W 9 16 4 1 341 -1
26 -8 -7 ML-F3W 3 16 4 1 341 -1
26 -8 -6 ML-F3W 10 15 4 0 341 -1
26 -8 -5 ML-F3W 0 17 4 2 341 -1
26 -8 -4 ML-F3W 3 17 4 2 341 -1
26 -8 -3 ML-F3W 5 15 4 0 341 -1
26 -8 -2 ML-F3W 5 17 4 2 293 -1
26 -8 -1 ML-F3W 1 17 4 2 293 -1
26 -7 -10 ML-F3W 11 13 3 2 256 -1
26 -7 -9 ML-F3W 6 16 4 1 209 -1
26 -7 -8 ML-F3W 1 16 4 1 209 -1
26 -7 -7 ML-F3W 8 16 4 1 341 -1
26 -7 -6 ML-F3W 2 16 4 1 341 -1
26 -7 -5 ML-F3W 9 15 4 0 341 -1
26 -7 -4 ML-F3W 11 16 4 1 341 -1
26 -7 -3 ML-F3W 4 15 4 0 341 -1
26 -7 -2 ML-F3W 4 17 4 2 293 -1
26 -7 -1 ML-F3W 0 17 4 2 293 -1
26 -6 -10 ML-F3W 0 16 4 1 257 -1
26 -6 -9 ML-F3W 10 13 3 2 256 -1
26 -6 -8 ML-F3W 5 16 4 1 209 -1
26 -6 -7 ML-F3W 0 16 4 1 209 -1
26 -6 -6 ML-F3W 7 16 4 1 341 -1
26 -6 -5 ML-F3W 1 16 4 1 341 -1
26 -6 -4 ML-F2W 8 15 4 0 341 -1
26 -6 -3 ML-F2W 3 15 4 0 341 -1
26 -6 -2 ML-F3W 3 17 4 2 293 -1
26 -6 -1 ML-F3W 11 16 4 1 293 -1
26 -5 -10 ML-F3W 11 15 4 0 257 -1
26 -5 -9 ML-F3W 9 15 4 0 257 -1
26 -5 -8 ML-F3W 9 13 3 2 256 -1
26 -5 -7 ML-F3W 4 16 4 1 209 -1
26 -5 -6 ML-F3W 11 15 4 0 209 -1
26 -5 -5 ML-F2W 6 16 4 1 341 -1
26 -5 -4 MH-F2W 3 16 4 1 293 -1
26 -5 -3 MH-F2W 10 16 4 1 293 -1
26 -5 -2 MH-F2W 9 16 4 1 293 -1
26 -5 -1 MH-F2W 7 16 4 1 293 -1
26 -4 -10 ML-F3W 10 15 4 0 257 -1
26 -4 -9 ML-F3W 8 15 4 0 257 -1
26 -4 -8 ML-F3W 7 15 4 0 257 -1
26 -4 -7 ML-F3W 8 13 3 2 256 -1
26 -4 -6 ML-F3W 3 16 4 1 209 -1
26 -4 -5 MH-F2W 7 15 4 0 209 -1
26 -4 -4 MH-F2W 0 16 4 1 293 -1
26 -4 -3 MH-F2W 2 16 4 1 293 -1
26 -4 -2 MH-F1W 8 16 4 1 293 -1
26 -4 -1 MH-F2W 6 16 4 1 293 -1
26 -3 -10 ML-F3W 6 15 4 0 257 -1
26 -3 -9 ML-F3W 5 15 4 0 257 -1
26 -3 -8 ML-F3W 4 15 4 0 257 -1
26 -3 -7 ML-F3W 3 15 4 0 257 -1
26 -3 -6 ML-F2W 7 13 3 2 256 -1
26 -3 -5 MH-F2W 10 15 4 0 209 -1
26 -3 -4 MH-F2W 6 15 4 0 209 -1
26 -3 -3 MH-F1W 11 15 4 0 293 -1
26 -3 -2 MH-F1W 1 16 4 1 293 -1
26 -3 -1 MH-F1W 5 16 4 1 293 -1
26 -2 -10 ML-53W 4 14 2 3 255 -1
26 -2 -9 ML-F3W 3 14 2 3 255 -1
26 -2 -8 ML-F3W 2 14 2 3 255 -1
26 -2 -7 ML-F3W 1 14 2 3 255 -1
26 -2 -6 ML-F2W 0 14 2 3 255 -1
26 -2 -5 MH-F2W 9 15 4 0 209 -1
26 -2 -4 MH-F1W 8 15 4 0 209 -1
26 -2 -3 MH-F1W 5 15 4 0 209 -1
26 -2 -2 MH-B1W 10 15 4 0 293 -1
26 -2 -1 MH-R1W 4 16 4 1 293 -1
26 -1 -10 ML-T3W 9 14 2 3 255 -1
26 -1 -9 ML-F3W 8 14 2 3 255 -1
26 -1 -8 ML-F3W 7 14 2 3 255 -1
26 -1 -7 ML-F3W 6 14 2 3 255 -1
26 -1 -6 ML-F3W 5 14 2 3 255 -1
26 -1 -5 MH-F2W 3 15 4 0 209 -1
26 -1 -4 MH-F2W 2 15 4 0 209 -1
26 -1 -3 MH-F1W 1 15 4 0 209 -1
26 -1 -2 MH-R1W 4 15 4 0 209 -1
26 0 -9 ML-T3W 2 15 4 0 257 -1
26 0 -8 ML-F3W 1 15 4 0 257 -1
26 0 -7 ML-F3W 0 15 4 0 257 -1
26 0 -6 ML-F3W 11 14 2 3 255 -1
26 0 -5 ML-F2W 10 14 2 3 255 -1
26 0 -4 MH-F2W 0 15 4 0 209 -1
26 0 -3 MH-F1W 11 14 2 3 207 -1
26 0 -2 MH-B1W 10 14 2 3 207 -1
26 1 -8 ML-F3W 2 17 4 2 485 -1
26 1 -7 ML-F3W 1 17 4 2 485 -1
26 1 -6 ML-F3W 0 17 4 2 485 -1
26 1 -5 ML-F3W 11 16 4 1 485 -1
26 1 -4 MH-F2W 7 16 4 1 485 -1
26 1 -3 MH-F2W 6 16 4 1 485 -1
26 1 -2 MH-F1W 5 16 4 1 485 -1
26 1 -1 MH-R1W 4 16 4 1 485 -1
26 1 2 MH-R1W 4 16 4 1 101 -1
26 1 3 MH-F1W 5 16 4 1 101 -1
26 1 4 MH-F2W 6 16 4 1 101 -1
26 1 5 MH-F2W 7 16 4 1 101 -1
26 1 6 ML-F3W 11 16 4 1 101 -1
26 1 7 ML-F3W 0 17 4 2 101 -1
26 1 8 ML-F3W 1 17 4 2 101 -1
26 1 9 ML-F3W 2 17 4 2 101 -1
26 2 -8 ML-53W 7 17 4 2 485 -1
26 2 -7 ML-F3W 6 17 4 2 485 -1
26 2 -6 ML-F3W 5 17 4 2 485 -1
26 2 -5 ML-F3W 4 17 4 2 485 -1
26 2 -4 ML-F3W 3 17 4 2 485 -1
26 2 -3 MH-F2W 9 16 4 1 485 -1
26 2 -2 MH-F1W 8 16 4 1 485 -1
26 2 -1 MH-F1W 1 16 4 1 485 -1
26 2 0 MH-B1W 10 14 2 3 15 -1
26 2 0 MH-B1W 10 15 4 0 485 -1
26 2 1 MH-R1W 4 15 4 0 17 -1
26 2 1 MH-R1W 4 15 4 0 401 -1
26 2 2 MH-B1W 10 14 2 3 399 -1
26 2 2 MH-B1W 10 15 4 0 101 -1
26 2 3 MH-F1W 1 16 4 1 101 -1
26 2 4 MH-F1W 8 16 4 1 101 -1
26 2 5 MH-F2W 9 16 4 1 101 -1
26 2 6 ML-F3W 3 17 4 2 101 -1
26 2 7 ML-F3W 4 17 4 2 101 -1
26 2 8 ML-F3W 5 17 4 2 101 -1
26 2 9 ML-F3W 6 17 4 2 101 -1
26 2 10 ML-53W 7 17 4 2 101 -1
26 3 -7 ML-F3W 7 15 4 0 533 -1
26 3 -6 ML-F3W 6 15 4 0 533 -1
26 3 -5 ML-F3W 5 15 4 0 533 -1
26 3 -4 ML-F3W 4 15 4 0 533 -1
26 3 -3 ML-F2W 3 15 4 0 533 -1
26 3 -2 MH-F2W 10 16 4 1 485 -1
26 3 -1 MH-F2W 2 16 4 1 485 -1
26 3 0 MH-F1W 11 14 2 3 15 -1
26 3 0 MH-F1W 11 15 4 0 485 -1
26 3 1 MH-F1W 1 15 4 0 17 -1
26 3 1 MH-F1W 5 15 4 0 401 -1
26 3 2 MH-F1W 1 15 4 0 401 -1
26 3 2 MH-F1W 5 15 4 0 17 -1
26 3 3 MH-F1W 11 14 2 3 399 -1
26 3 3 MH-F1W 11 15 4 0 101 -1
26 3 4 MH-F2W 2 16 4 1 101 -1
26 3 5 MH-F2W 10 16 4 1 101 -1
26 3 6 ML-F2W 3 15 4 0 149 -1
26 3 7 ML-F3W 4 15 4 0 149 -1
26 3 8 ML-F3W 5 15 4 0 149 -1
26 3 9 ML-F3W 6 15 4 0 149 -1
26 3 10 ML-F3W 7 15 4 0 149 -1
26 4 -6 ML-F3W 5 17 4 2 533 -1
26 4 -5 ML-F3W 4 17 4 2 533 -1
26 4 -4 ML-F3W 3 17 4 2 533 -1
26 4 -3 ML-F3W 11 16 4 1 533 -1
26 4 -2 ML-F2W 8 15 4 0 533 -1
26 4 -1 MH-F2W 3 16 4 1 485 -1
26 4 0 MH-F2W 0 15 4 0 17 -1
26 4 0 MH-F2W 0 16 4 1 485 -1
26 4 1 MH-F2W 2 15 4 0 17 -1
26 4 1 MH-F2W 6 15 4 0 401 -1
26 4 2 MH-F1W 8 15 4 0 17 -1
26 4 2 MH-F1W 8 15 4 0 401 -1
26 4 3 MH-F2W 2 15 4 0 401 -1
26 4 3 MH-F2W 6 15 4 0 17 -1
26 4 4 MH-F2W 0 15 4 0 401 -1
26 4 4 MH-F2W 0 16 4 1 101 -1
26 4 5 MH-F2W 3 16 4 1 101 -1
26 4 6 ML-F2W 8 15 4 0 149 -1
26 4 7 ML-F3W 11 16 4 1 149 -1
26 4 8 ML-F3W 3 17 4 2 149 -1
26 4 9 ML-F3W 4 17 4 2 149 -1
26 4 10 ML-F3W 5 17 4 2 149 -1
26 5 -5 ML-F3W 7 17 4 2 533 -1
26 5 -4 ML-F3W 6 17 4 2 533 -1
26 5 -3 ML-F3W 0 17 4 2 533 -1
26 5 -2 ML-F3W 9 15 4 0 533 -1
26 5 -1 ML-F3W 1 16 4 1 533 -1
26 5 0 ML-F2W 10 14 2 3 63 -1
26 5 0 ML-F2W 6 16 4 1 533 -1
26 5 1 MH-F2W 3 15 4 0 17 -1
26 5 1 MH-F2W 7 15 4 0 401 -1
26 5 2 MH-F2W 9 15 4 0 17 -1
26 5 2 MH-F2W 10 15 4 0 401 -1
26 5 3 MH-F2W 9 15 4 0 401 -1
26 5 3 MH-F2W 10 15 4 0 17 -1
26 5 4 MH-F2W 3 15 4 0 401 -1
26 5 4 MH-F2W 7 15 4 0 17 -1
26 5 5 ML-F2W 10 14 2 3 447 -1
26 5 5 ML-F2W 6 16 4 1 149 -1
26 5 6 ML-F3W 1 16 4 1 149 -1
26 5 7 ML-F3W 9 15 4 0 149 -1
26 5 8 ML-F3W 0 17 4 2 149 -1
26 5 9 ML-F3W 6 17 4 2 149 -1
26 5 10 ML-F3W 7 17 4 2 149 -1
26 6 -4 ML-F3W 8 17 4 2 533 -1
26 6 -3 ML-F3W 1 17 4 2 533 -1
26 6 -2 ML-F3W 10 15 4 0 533 -1
26 6 -1 ML-F3W 2 16 4 1 533 -1
26 6 0 ML-F3W 11 14 2 3 63 -1
26 6 0 ML-F3W 7 16 4 1 533 -1
26 6 1 ML-F3W 11 15 4 0 401 -1
26 6 1 ML-F3W 5 14 2 3 63 -1
26 6 2 ML-F3W 3 16 4 1 401 -1
26 6 2 ML-F2W 0 14 2 3 63 -1
26 6 3 ML-F2W 7 13 3 2 64 -1
26 6 3 ML-F2W 7 13 3 2 448 -1
26 6 4 ML-F3W 3 16 4 1 17 -1
26 6 4 ML-F2W 0 14 2 3 447 -1
26 6 5 ML-F3W 11 15 4 0 17 -1
26 6 5 ML-F3W 5 14 2 3 447 -1
26 6 6 ML-F3W 11 14 2 3 447 -1
26 6 6 ML-F3W 7 16 4 1 149 -1
26 6 7 ML-F3W 2 16 4 1 149 -1
26 6 8 ML-F3W 10 15 4 0 149 -1
26 6 9 ML-F3W 1 17 4 2 149 -1
26 6 10 ML-F3W 8 17 4 2 149 -1
26 7 -3 ML-F3W 2 17 4 2 533 -1
26 7 -2 ML-F3W 11 15 4 0 533 -1
26 7 -1 ML-F3W 3 16 4 1 533 -1
26 7 0 ML-F3W 0 15 4 0 65 -1
26 7 0 ML-F3W 8 16 4 1 533 -1
26 7 1 ML-F3W 0 16 4 1 401 -1
26 7 1 ML-F3W 6 14 2 3 63 -1
26 7 2 ML-F3W 4 16 4 1 401 -1
26 7 2 ML-F3W 1 14 2 3 63 -1
26 7 3 ML-F3W 8 13 3 2 448 -1
26 7 3 ML-F3W 3 15 4 0 65 -1
26 7 4 ML-F3W 8 13 3 2 64 -1
26 7 4 ML-F3W 3 15 4 0 449 -1
26 7 5 ML-F3W 4 16 4 1 17 -1
26 7 5 ML-F3W 1 14 2 3 447 -1
26 7 6 ML-F3W 0 16 4 1 17 -1
26 7 6 ML-F3W 6 14 2 3 447 -1
26 7 7 ML-F3W 0 15 4 0 449 -1
26 7 7 ML-F3W 8 16 4 1 149 -1
26 7 8 ML-F3W 3 16 4 1 149 -1
26 7 9 ML-F3W 11 15 4 0 149 -1
26 7 10 ML-F3W 2 17 4 2 149 -1
26 8 -2 ML-53W 0 16 4 1 533 -1
26 8 -1 ML-F3W 4 16 4 1 533 -1
26 8 0 ML-F3W 1 15 4 0 65 -1
26 8 0 ML-F3W 9 16 4 1 533 -1
26 8 1 ML-F3W 1 16 4 1 401 -1
26 8 1 ML-F3W 7 14 2 3 63 -1
26 8 2 ML-F3W 5 16 4 1 401 -1
26 8 2 ML-F3W 2 14 2 3 63 -1
26 8 3 ML-F3W 9 13 3 2 448 -1
26 8 3 ML-F3W 4 15 4 0 65 -1
26 8 4 ML-F3W 7 15 4 0 65 -1
26 8 4 ML-F3W 7 15 4 0 449 -1
26 8 5 ML-F3W 9 13 3 2 64 -1
26 8 5 ML-F3W 4 15 4 0 449 -1
26 8 6 ML-F3W 5 16 4 1 17 -1
26 8 6 ML-F3W 2 14 2 3 447 -1
26 8 7 ML-F3W 1 16 4 1 17 -1
26 8 7 ML-F3W 7 14 2 3 447 -1
26 8 8 ML-F3W 1 15 4 0 449 -1
26 8 8 ML-F3W 9 16 4 1 149 -1
26 8 9 ML-F3W 4 16 4 1 149 -1
26 8 10 ML-53W 0 16 4 1 149 -1
26 9 -1 ML-T3W 5 16 4 1 533 -1
26 9 0 ML-T3W 2 15 4 0 65 -1
26 9 0 ML-T3W 10 16 4 1 533 -1
26 9 1 ML-F3W 2 16 4 1 401 -1
26 9 1 ML-F3W 8 14 2 3 63 -1
26 9 2 ML-F3W 6 16 4 1 401 -1
26 9 2 ML-F3W 3 14 2 3 63 -1
26 9 3 ML-F3W 10 13 3 2 448 -1
26 9 3 ML-F3W 5 15 4 0 65 -1
26 9 4 ML-F3W 8 15 4 0 65 -1
26 9 4 ML-F3W 9 15 4 0 449 -1
26 9 5 ML-F3W 8 15 4 0 449 -1
26 9 5 ML-F3W 9 15 4 0 65 -1
26 9 6 ML-F3W 10 13 3 2 64 -1
26 9 6 ML-F3W 5 15 4 0 449 -1
26 9 7 ML-F3W 6 16 4 1 17 -1
26 9 7 ML-F3W 3 14 2 3 447 -1
26 9 8 ML-F3W 2 16 4 1 17 -1
26 9 8 ML-F3W 8 14 2 3 447 -1
26 9 9 ML-T3W 2 15 4 0 449 -1
26 9 9 ML-T3W 10 16 4 1 149 -1
26 9 10 ML-T3W 5 16 4 1 149 -1
26 10 1 ML-T3W 9 14 2 3 63 -1
26 10 2 ML-53W 7 16 4 1 401 -1
26 10 2 ML-53W 4 14 2 3 63 -1
26 10 3 ML-F3W 11 13 3 2 448 -1
26 10 3 ML-F3W 6 15 4 0 65 -1
26 10 4 ML-F3W 10 15 4 0 65 -1
26 10 4 ML-F3W 0 16 4 1 449 -1
26 10 5 ML-F3W 11 15 4 0 65 -1
26 10 5 ML-F3W 11 15 4 0 449 -1
26 10 6 ML-F3W 10 15 4 0 449 -1
26 10 6 ML-F3W 0 16 4 1 65 -1
26 10 7 ML-F3W 11 13 3 2 64 -1
26 10 7 ML-F3W 6 15 4 0 449 -1
26 10 8 ML-53W 7 16 4 1 17 -1
26 10 8 ML-53W 4 14 2 3 447 -1
26 10 9 ML-T3W 9 14 2 3 447 -1
27 -11 -7 ML-T3C 11 1 1 0 350 -1
27 -11 -6 ML-T3C 1 2 0 1 349 -1
27 -11 -5 ML-B3C 1 20 5 1 318 -1
27 -11 -4 ML-B3C 2 20 5 1 318 -1
27 -10 -9 ML-T3C 7 1 1 0 350 -1
27 -10 -8 ML-F3C 2 1 1 0 350 -1
27 -10 -7 ML-F3C 9 0 0 0 349 -1
27 -10 -6 ML-F3C 10 1 1 0 350 -1
27 -10 -5 ML-F3C 0 2 0 1 349 -1
27 -10 -4 ML-F3C 0 20 5 1 318 -1
27 -10 -3 ML-F3C 10 19 5 0 318 -1
27 -10 -2 ML-F3C 6 19 5 0 318 -1
27 -10 -1 ML-B3C 1 19 5 0 318 -1
27 -9 -10 ML-B3C 0 15 4 0 425 -1
27 -9 -8 ML-F3C 6 1 1 0 350 -1
27 -9 -7 ML-F3C 1 1 1 0 350 -1
27 -9 -6 ML-F3C 8 0 0 0 349 -1
27 -9 -5 ML-F3C 9 1 1 0 350 -1
27 -9 -4 ML-F3C 11 19 5 0 318 -1
27 -9 -3 ML-F3C 9 19 5 0 318 -1
27 -9 -2 ML-F3C 5 19 5 0 318 -1
27 -9 -1 ML-F3C 0 19 5 0 318 -1
27 -9 1 ML-T3C 8 14 2 3 267 -1
27 -8 -10 ML-F3C 5 15 4 0 425 -1
27 -8 -9 ML-F3C 11 14 2 3 423 -1
27 -8 -8 ML-F3C 7 14 2 3 423 -1
27 -8 -7 ML-F3C 5 1 1 0 350 -1
27 -8 -6 ML-F3C 0 1 1 0 350 -1
27 -8 -5 ML-F3C 7 0 0 0 349 -1
27 -8 -4 ML-F3C 8 1 1 0 350 -1
27 -8 -3 ML-F3C 8 19 5 0 318 -1
27 -8 -2 ML-F3C 4 19 5 0 318 -1
27 -8 -1 ML-F3C 11 18 3 3 316 -1
27 -8 0 ML-F3C 8 18 3 3 316 -1
27 -8 1 ML-F3C 7 14 2 3 267 -1
27 -8 2 ML-F3C 3 14 2 3 267 -1
27 -7 -11 ML-B3C 0 16 4 1 425 -1
27 -7 -10 ML-F3C 9 15 4 0 425 -1
27 -7 -9 ML-F3C 4 15 4 0 425 -1
27 -7 -8 ML-F3C 10 14 2 3 423 -1
27 -7 -7 ML-F3C 6 14 2 3 423 -1
27 -7 -6 ML-F3C 4 1 1 0 350 -1
27 -7 -5 ML-F3C 11 0 0 0 349 -1
27 -7 -4 ML-F3C 6 0 0 0 349 -1
27 -7 -3 ML-F3C 7 19 5 0 318 -1
27 -7 -2 ML-F3C 3 19 5 0 318 -1
27 -7 -1 ML-F3C 10 18 3 3 316 -1
27 -7 0 ML-F3C 7 18 3 3 316 -1
27 -7 1 ML-F3C 6 14 2 3 267 -1
27 -7 2 ML-F3C 2 14 2 3 267 -1
27 -7 3 ML-F3C 10 13 3 2 268 -1
27 -7 4 ML-T3C 2 15 4 0 269 -1
27 -6 -11 ML-B3C 1 16 4 1 425 -1
27 -6 -10 ML-F3C 11 15 4 0 425 -1
27 -6 -9 ML-F3C 8 15 4 0 425 -1
27 -6 -8 ML-F3C 3 15 4 0 425 -1
27 -6 -7 ML-F3C 9 14 2 3 423 -1
27 -6 -6 ML-F3C 5 14 2 3 423 -1
27 -6 -5 ML-F3C 3 1 1 0 350 -1
27 -6 -4 ML-F3C 10 0 0 0 349 -1
27 -6 -3 ML-F3C 5 0 0 0 349 -1
27 -6 -2 ML-F3C 2 19 5 0 318 -1
27 -6 -1 ML-F3C 9 18 3 3 316 -1
27 -6 0 ML-F3C 6 18 3 3 316 -1
27 -6 1 ML-F3C 5 14 2 3 267 -1
27 -6 2 ML-F3C 1 14 2 3 267 -1
27 -6 3 ML-F3C 9 13 3 2 268 -1
27 -6 4 ML-F3C 0 15 4 0 269 -1
27 -6 5 ML-T3C 1 15 4 0 269 -1
27 -5 -11 ML-T3C 1 15 4 0 461 -1
27 -5 -10 ML-F3C 11 14 2 3 459 -1
27 -5 -9 ML-F3C 10 15 4 0 425 -1
27 -5 -8 ML-F3C 7 15 4 0 425 -1
27 -5 -7 ML-F3C 2 15 4 0 425 -1
27 -5 -6 ML-F3C 8 14 2 3 423 -1
27 -5 -5 ML-F2C 4 14 2 3 423 -1
27 -5 -4 MH-F2C 4 0 0 0 349 -1
27 -5 -3 MH-F2C 1 0 0 0 349 -1
27 -5 -2 MH-F2C 3 18 3 3 316 -1
27 -5 -1 MH-F2C 4 18 3 3 316 -1
27 -5 0 ML-F2C 5 18 3 3 316 -1
27 -5 1 ML-F3C 4 14 2 3 267 -1
27 -5 2 ML-F3C 0 14 2 3 267 -1
27 -5 3 ML-F3C 8 13 3 2 268 -1
27 -5 4 ML-F3C 10 14 2 3 267 -1
27 -5 5 ML-F3C 11 14 2 3 267 -1
27 -5 6 ML-B3C 1 16 4 1 233 -1
27 -4 -11 ML-T3C 2 15 4 0 461 -1
27 -4 -10 ML-F3C 0 15 4 0 461 -1
27 -4 -9 ML-F3C 10 14 2 3 459 -1
27 -4 -8 ML-F3C 9 14 2 3 459 -1
27 -4 -7 ML-F3C 6 15 4 0 425 -1
27 -4 -6 ML-F3C 1 15 4 0 425 -1
27 -4 -5 MH-F2C 2 14 2 3 423 -1
27 -4 -4 MH-F2C 3 16 4 1 413 -1
27 -4 -3 MH-F2C 3 0 0 0 349 -1
27 -4 -2 MH-F2C 0 0 0 0 349 -1
27 -4 -1 MH-F2C 2 18 3 3 316 -1
27 -4 0 MH-F2C 6 11 3 0 304 -1
27 -4 1 MH-F2C 5 13 3 2 268 -1
27 -4 2 ML-F3C 11 13 3 2 268 -1
27 -4 3 ML-F3C 7 13 3 2 268 -1
27 -4 4 ML-F3C 9 14 2 3 267 -1
27 -4 5 ML-F3C 10 15 4 0 233 -1
27 -4 6 ML-F3C 11 15 4 0 233 -1
27 -4 7 ML-B3C 0 16 4 1 233 -1
27 -3 -10 ML-F3C 10 13 3 2 460 -1
27 -3 -9 ML-F3C 9 13 3 2 460 -1
27 -3 -8 ML-F3C 8 13 3 2 460 -1
27 -3 -7 ML-F3C 7 13 3 2 460 -1
27 -3 -6 ML-F3C 6 13 3 2 460 -1
27 -3 -5 MH-F2C 3 14 2 3 423 -1
27 -3 -4 MH-F2C 1 14 2 3 423 -1
27 -3 -3 MH-F1C 1 16 4 1 413 -1
27 -3 -2 MH-F1C 2 0 0 0 349 -1
27 -3 -1 MH-F1C 4 11 3 0 304 -1
27 -3 0 MH-F1C 5 11 3 0 304 -1
27 -3 1 MH-F2C 4 13 3 2 268 -1
27 -3 2 MH-F2C 2 13 3 2 268 -1
27 -3 3 ML-F3C 6 13 3 2 268 -1
27 -3 4 ML-F3C 6 15 4 0 233 -1
27 -3 5 ML-F3C 7 15 4 0 233 -1
27 -3 6 ML-F3C 8 15 4 0 233 -1
27 -3 7 ML-F3C 9 15 4 0 233 -1
27 -2 -10 ML-F3C 3 14 2 3 459 -1
27 -2 -9 ML-F3C 2 14 2 3 459 -1
27 -2 -8 ML-F3C 1 14 2 3 459 -1
27 -2 -7 ML-F3C 0 14 2 3 459 -1
27 -2 -6 ML-F3C 11 13 3 2 460 -1
27 -2 -5 MH-F2C 2 13 3 2 460 -1
27 -2 -4 MH-F2C 1 13 3 2 460 -1
27 -2 -3 MH-F1C 2 16 4 1 413 -1
27 -2 -2 MH-T1C 0 16 4 1 413 -1
27 -2 0 MH-T1C 3 11 3 0 304 -1
27 -2 1 MH-F1C 3 13 3 2 268 -1
27 -2 2 MH-F2C 1 13 3 2 268 -1
27 -2 3 MH-F2C 3 14 2 3 231 -1
27 -2 4 ML-F3C 1 15 4 0 233 -1
27 -2 5 ML-F3C 2 15 4 0 233 -1
27 -2 6 ML-F3C 3 15 4 0 233 -1
27 -2 7 ML-F3C 4 15 4 0 233 -1
27 -2 8 ML-F3C 5 15 4 0 233 -1
27 -1 -10 ML-T3C 8 14 2 3 459 -1
27 -1 -9 ML-F3C 7 14 2 3 459 -1
27 -1 -8 ML-F3C 6 14 2 3 459 -1
27 -1 -7 ML-F3C 5 14 2 3 459 -1
27 -1 -6 ML-F3C 4 14 2 3 459 -1
27 -1 -5 MH-F2C 5 13 3 2 460 -1
27 -1 -4 MH-F2C 4 13 3 2 460 -1
27 -1 -3 MH-F1C 3 13 3 2 460 -1
27 -1 2 MH-F1C 2 16 4 1 221 -1
27 -1 3 MH-F2C 1 14 2 3 231 -1
27 -1 4 MH-F2C 2 14 2 3 231 -1
27 -1 5 ML-F3C 8 14 2 3 231 -1
27 -1 6 ML-F3C 9 14 2 3 231 -1
27 -1 7 ML-F3C 10 14 2 3 231 -1
27 -1 8 ML-F3C 11 14 2 3 231 -1
27 -1 9 ML-B3C 0 15 4 0 233 -1
27 0 -8 ML-F3C 8 18 3 3 508 -1
27 0 -7 ML-F3C 7 18 3 3 508 -1
27 0 -6 ML-F3C 6 18 3 3 508 -1
27 0 -5 ML-F2C 5 18 3 3 508 -1
27 0 -4 MH-F2C 6 11 3 0 496 -1
27 0 -3 MH-F1C 5 11 3 0 496 -1
27 0 -2 MH-T1C 3 11 3 0 496 -1
27 0 2 MH-T1C 0 16 4 1 221 -1
27 0 3 MH-F1C 1 16 4 1 221 -1
27 0 4 MH-F2C 3 16 4 1 221 -1
27 0 5 ML-F2C 4 14 2 3 231 -1
27 0 6 ML-F3C 5 14 2 3 231 -1
27 0 7 ML-F3C 6 14 2 3 231 -1
27 0 8 ML-F3C 7 14 2 3 231 -1
27 1 -9 ML-B3C 1 19 5 0 510 -1
27 1 -8 ML-F3C 0 19 5 0 510 -1
27 1 -7 ML-F3C 11 18 3 3 508 -1
27 1 -6 ML-F3C 10 18 3 3 508 -1
27 1 -5 ML-F3C 9 18 3 3 508 -1
27 1 -4 MH-F2C 4 18 3 3 508 -1
27 1 -3 MH-F2C 2 18 3 3 508 -1
27 1 -2 MH-F1C 4 11 3 0 496 -1
27 1 3 MH-F1C 2 0 0 0 157 -1
27 1 4 MH-F2C 3 0 0 0 157 -1
27 1 5 MH-F2C 4 0 0 0 157 -1
27 1 6 ML-F3C 3 1 1 0 158 -1
27 1 7 ML-F3C 4 1 1 0 158 -1
27 1 8 ML-F3C 5 1 1 0 158 -1
27 1 9 ML-F3C 6 1 1 0 158 -1
27 1 10 ML-T3C 7 1 1 0 158 -1
27 2 -8 ML-F3C 6 19 5 0 510 -1
27 2 -7 ML-F3C 5 19 5 0 510 -1
27 2 -6 ML-F3C 4 19 5 0 510 -1
27 2 -5 ML-F3C 3 19 5 0 510 -1
27 2 -4 ML-F3C 2 19 5 0 510 -1
27 2 -3 MH-F2C 3 18 3 3 508 -1
27 2 -2 MH-F2C 0 0 0 0 541 -1
27 2 -1 MH-F1C 2 0 0 0 541 -1
27 2 0 MH-T1C 0 16 4 1 29 -1
27 2 2 MH-T1C 3 11 3 0 112 -1
27 2 3 MH-F1C 4 11 3 0 112 -1
27 2 4 MH-F2C 0 0 0 0 157 -1
27 2 5 MH-F2C 1 0 0 0 157 -1
27 2 6 ML-F3C 10 0 0 0 157 -1
27 2 7 ML-F3C 11 0 0 0 157 -1
27 2 8 ML-F3C 0 1 1 0 158 -1
27 2 9 ML-F3C 1 1 1 0 158 -1
27 2 10 ML-F3C 2 1 1 0 158 -1
27 3 -7 ML-F3C 10 19 5 0 510 -1
27 3 -6 ML-F3C 9 19 5 0 510 -1
27 3 -5 ML-F3C 8 19 5 0 510 -1
27 3 -4 ML-F3C 7 19 5 0 510 -1
27 3 -3 ML-F3C 5 0 0 0 541 -1
27 3 -2 MH-F2C 1 0 0 0 541 -1
27 3 -1 MH-F2C 3 0 0 0 541 -1
27 3 0 MH-F1C 1 16 4 1 29 -1
27 3 1 MH-F1C 2 16 4 1 29 -1
27 3 2 MH-F1C 3 13 3 2 76 -1
27 3 3 MH-F1C 5 11 3 0 112 -1
27 3 4 MH-F2C 2 18 3 3 124 -1
27 3 5 MH-F2C 3 18 3 3 124 -1
27 3 6 ML-F3C 5 0 0 0 157 -1
27 3 7 ML-F3C 6 0 0 0 157 -1
27 3 8 ML-F3C 7 0 0 0 157 -1
27 3 9 ML-F3C 8 0 0 0 157 -1
27 3 10 ML-F3C 9 0 0 0 157 -1
27 4 -7 ML-B3C 2 20 5 1 510 -1
27 4 -6 ML-F3C 0 20 5 1 510 -1
27 4 -5 ML-F3C 11 19 5 0 510 -1
27 4 -4 ML-F3C 8 1 1 0 542 -1
27 4 -3 ML-F3C 6 0 0 0 541 -1
27 4 -2 ML-F3C 10 0 0 0 541 -1
27 4 -1 MH-F2C 4 0 0 0 541 -1
27 4 0 MH-F2C 3 16 4 1 29 -1
27 4 1 MH-F2C 1 14 2 3 39 -1
27 4 2 MH-F2C 1 13 3 2 76 -1
27 4 3 MH-F2C 4 13 3 2 76 -1
27 4 4 MH-F2C 6 11 3 0 112 -1
27 4 5 MH-F2C 4 18 3 3 124 -1
27 4 6 ML-F3C 2 19 5 0 126 -1
27 4 7 ML-F3C 7 19 5 0 126 -1
27 4 8 ML-F3C 8 1 1 0 158 -1
27 4 9 ML-F3C 9 1 1 0 158 -1
27 4 10 ML-F3C 10 1 1 0 158 -1
27 4 11 ML-T3C 11 1 1 0 158 -1
27 5 -6 ML-B3C 1 20 5 1 510 -1
27 5 -5 ML-F3C 0 2 0 1 541 -1
27 5 -4 ML-F3C 9 1 1 0 542 -1
27 5 -3 ML-F3C 7 0 0 0 541 -1
27 5 -2 ML-F3C 11 0 0 0 541 -1
27 5 -1 ML-F3C 3 1 1 0 542 -1
27 5 0 ML-F2C 4 14 2 3 39 -1
27 5 1 MH-F2C 2 14 2 3 39 -1
27 5 2 MH-F2C 3 14 2 3 39 -1
27 5 3 MH-F2C 2 13 3 2 76 -1
27 5 4 MH-F2C 5 13 3 2 76 -1
27 5 5 ML-F2C 5 18 3 3 124 -1
27 5 6 ML-F3C 9 18 3 3 124 -1
27 5 7 ML-F3C 3 19 5 0 126 -1
27 5 8 ML-F3C 8 19 5 0 126 -1
27 5 9 ML-F3C 11 19 5 0 126 -1
27 5 10 ML-F3C 0 2 0 1 157 -1
27 5 11 ML-T3C 1 2 0 1 157 -1
27 6 -5 ML-T3C 1 2 0 1 541 -1
27 6 -4 ML-F3C 10 1 1 0 542 -1
27 6 -3 ML-F3C 8 0 0 0 541 -1
27 6 -2 ML-F3C 0 1 1 0 542 -1
27 6 -1 ML-F3C 4 1 1 0 542 -1
27 6 0 ML-F3C 5 14 2 3 39 -1
27 6 1 ML-F3C 8 14 2 3 39 -1
27 6 2 ML-F3C 1 15 4 0 41 -1
27 6 3 ML-F3C 6 13 3 2 76 -1
27 6 4 ML-F3C 11 13 3 2 76 -1
27 6 5 ML-F3C 4 14 2 3 75 -1
27 6 6 ML-F3C 6 18 3 3 124 -1
27 6 7 ML-F3C 10 18 3 3 124 -1
27 6 8 ML-F3C 4 19 5 0 126 -1
27 6 9 ML-F3C 9 19 5 0 126 -1
27 6 10 ML-F3C 0 20 5 1 126 -1
27 6 11 ML-B3C 1 20 5 1 126 -1
27 7 -4 ML-T3C 11 1 1 0 542 -1
27 7 -3 ML-F3C 9 0 0 0 541 -1
27 7 -2 ML-F3C 1 1 1 0 542 -1
27 7 -1 ML-F3C 5 1 1 0 542 -1
27 7 0 ML-F3C 6 14 2 3 39 -1
27 7 1 ML-F3C 9 14 2 3 39 -1
27 7 2 ML-F3C 2 15 4 0 41 -1
27 7 3 ML-F3C 6 15 4 0 41 -1
27 7 4 ML-F3C 7 13 3 2 76 -1
27 7 5 ML-F3C 0 14 2 3 75 -1
27 7 6 ML-F3C 5 14 2 3 75 -1
27 7 7 ML-F3C 7 18 3 3 124 -1
27 7 8 ML-F3C 11 18 3 3 124 -1
27 7 9 ML-F3C 5 19 5 0 126 -1
27 7 10 ML-F3C 10 19 5 0 126 -1
27 7 11 ML-B3C 2 20 5 1 126 -1
27 8 -2 ML-F3C 2 1 1 0 542 -1
27 8 -1 ML-F3C 6 1 1 0 542 -1
27 8 0 ML-F3C 7 14 2 3 39 -1
27 8 1 ML-F3C 10 14 2 3 39 -1
27 8 2 ML-F3C 3 15 4 0 41 -1
27 8 3 ML-F3C 7 15 4 0 41 -1
27 8 4 ML-F3C 9 14 2 3 75 -1
27 8 5 ML-F3C 8 13 3 2 76 -1
27 8 6 ML-F3C 1 14 2 3 75 -1
27 8 7 ML-F3C 6 14 2 3 75 -1
27 8 8 ML-F3C 8 18 3 3 124 -1
27 8 9 ML-F3C 0 19 5 0 126 -1
27 8 10 ML-F3C 6 19 5 0 126 -1
27 9 -1 ML-T3C 7 1 1 0 542 -1
27 9 1 ML-F3C 11 14 2 3 39 -1
27 9 2 ML-F3C 4 15 4 0 41 -1
27 9 3 ML-F3C 8 15 4 0 41 -1
27 9 4 ML-F3C 10 15 4 0 41 -1
27 9 5 ML-F3C 10 14 2 3 75 -1
27 9 6 ML-F3C 9 13 3 2 76 -1
27 9 7 ML-F3C 2 14 2 3 75 -1
27 9 8 ML-F3C 7 14 2 3 75 -1
27 9 10 ML-B3C 1 19 5 0 126 -1
27 10 1 ML-B3C 0 15 4 0 41 -1
27 10 2 ML-F3C 5 15 4 0 41 -1
27 10 3 ML-F3C 9 15 4 0 41 -1
27 10 4 ML-F3C 11 15 4 0 41 -1
27 10 5 ML-F3C 11 14 2 3 75 -1
27 10 6 ML-F3C 0 15 4 0 77 -1
27 10 7 ML-F3C 10 13 3 2 76 -1
27 10 8 ML-F3C 3 14 2 3 75 -1
27 10 9 ML-T3C 8 14 2 3 75 -1
27 11 4 ML-B3C 0 16 4 1 41 -1
27 11 5 ML-B3C 1 16 4 1 41 -1
27 11 6 ML-T3C 1 15 4 0 77 -1
27 11 7 ML-T3C 2 15 4 0 77 -1
28 -11 -8 ML-T3C 7 18 3 3 340 -1
28 -11 -7 ML-53C 9 19 5 0 342 -1
28 -11 -6 ML-T3C 11 19 5 0 342 -1
28 -11 -5 ML-B3C 2 17 4 2 269 -1
28 -11 -4 ML-53C 3 17 4 2 269 -1
28 -11 -3 ML-B3C 8 13 3 2 304 -1
28 -10 -9 ML-T3C 5 19 5 0 342 -1
28 -10 -8 ML-F3C 0 19 5 0 342 -1
28 -10 -7 ML-F3C 6 18 3 3 340 -1
28 -10 -6 ML-F3C 8 19 5 0 342 -1
28 -10 -5 ML-F3C 10 19 5 0 342 -1
28 -10 -4 ML-F3C 1 17 4 2 269 -1
28 -10 -3 ML-F3C 7 13 3 2 304 -1
28 -10 -2 ML-F3C 3 13 3 2 304 -1
28 -10 -1 ML-B3C 10 12 3 1 304 -1
28 -9 -10 ML-B3C 5 17 4 2 425 -1
28 -9 -8 ML-F3C 4 19 5 0 342 -1
28 -9 -7 ML-F3C 11 18 3 3 340 -1
28 -9 -6 ML-F3C 5 18 3 3 340 -1
28 -9 -5 ML-F3C 7 19 5 0 342 -1
28 -9 -4 ML-F3C 0 17 4 2 269 -1
28 -9 -3 ML-F3C 6 13 3 2 304 -1
28 -9 -2 ML-F3C 2 13 3 2 304 -1
28 -9 -1 ML-F3C 9 12 3 1 304 -1
28 -9 1 ML-T3C 11 16 4 1 269 -1
28 -8 -11 ML-B3C 3 18 3 3 424 -1
28 -8 -10 ML-F3C 10 17 4 2 425 -1
28 -8 -9 ML-F3C 4 17 4 2 425 -1
28 -8 -8 ML-F3C 0 17 4 2 425 -1
28 -8 -7 ML-F3C 3 19 5 0 342 -1
28 -8 -6 ML-F3C 10 18 3 3 340 -1
28 -8 -5 ML-F3C 4 18 3 3 340 -1
28 -8 -4 ML-F3C 6 19 5 0 342 -1
28 -8 -3 ML-F3C 5 13 3 2 304 -1
28 -8 -2 ML-F3C 1 13 3 2 304 -1
28 -8 -1 ML-F3C 8 12 3 1 304 -1
28 -8 0 ML-F3C 5 12 3 1 304 -1
28 -8 1 ML-F3C 10 16 4 1 269 -1
28 -8 2 ML-F3C 6 16 4 1 269 -1
28 -8 3 ML-T3C 1 16 4 1 269 -1
28 -7 -11 ML-53C 10 20 5 1 390 -1
28 -7 -10 ML-F3C 2 18 3 3 424 -1
28 -7 -9 ML-F3C 9 17 4 2 425 -1
28 -7 -8 ML-F3C 3 17 4 2 425 -1
28 -7 -7 ML-F3C 11 16 4 1 425 -1
28 -7 -6 ML-F3C 2 19 5 0 342 -1
28 -7 -5 ML-F3C 9 18 3 3 340 -1
28 -7 -4 ML-F3C 3 18 3 3 340 -1
28 -7 -3 ML-F3C 4 13 3 2 304 -1
28 -7 -2 ML-F3C 0 13 3 2 304 -1
28 -7 -1 ML-F3C 7 12 3 1 304 -1
28 -7 0 ML-F3C 4 12 3 1 304 -1
28 -7 1 ML-F3C 9 16 4 1 269 -1
28 -7 2 ML-F3C 5 16 4 1 269 -1
28 -7 3 ML-F3C 0 16 4 1 269 -1
28 -7 4 ML-53C 9 17 4 2 269 -1
28 -6 -11 ML-B3C 11 20 5 1 390 -1
28 -6 -10 ML-F3C 9 20 5 1 390 -1
28 -6 -9 ML-F3C 1 18 3 3 424 -1
28 -6 -8 ML-F3C 8 17 4 2 425 -1
28 -6 -7 ML-F3C 2 17 4 2 425 -1
28 -6 -6 ML-F3C 10 16 4 1 425 -1
28 -6 -5 ML-F3C 1 19 5 0 342 -1
28 -6 -4 ML-F3C 8 18 3 3 340 -1
28 -6 -3 ML-F3C 2 18 3 3 340 -1
28 -6 -2 ML-F3C 11 12 3 1 304 -1
28 -6 -1 ML-F3C 6 12 3 1 304 -1
28 -6 0 ML-F3C 3 12 3 1 304 -1
28 -6 1 ML-F3C 8 16 4 1 269 -1
28 -6 2 ML-F3C 4 16 4 1 269 -1
28 -6 3 ML-F3C 11 15 4 0 269 -1
28 -6 4 ML-F3C 7 17 4 2 269 -1
28 -6 5 ML-T3C 8 17 4 2 269 -1
28 -5 -11 ML-T3C 8 17 4 2 461 -1
28 -5 -10 ML-F3C 6 17 4 2 461 -1
28 -5 -9 ML-F3C 8 20 5 1 390 -1
28 -5 -8 ML-F3C 0 18 3 3 424 -1
28 -5 -7 ML-F3C 7 17 4 2 425 -1
28 -5 -6 ML-F3C 1 17 4 2 425 -1
28 -5 -5 ML-F3C 9 16 4 1 425 -1
28 -5 -4 MH-F2C 1 18 3 3 340 -1
28 -5 -3 MH-F2C 10 17 4 2 341 -1
28 -5 -2 MH-F2C 0 12 3 1 304 -1
28 -5 -1 MH-F2C 1 12 3 1 304 -1
28 -5 0 ML-F3C 2 12 3 1 304 -1
28 -5 1 ML-F3C 7 16 4 1 269 -1
28 -5 2 ML-F3C 3 16 4 1 269 -1
28 -5 3 ML-F3C 10 15 4 0 269 -1
28 -5 4 ML-F3C 5 17 4 2 269 -1
28 -5 5 ML-F3C 6 17 4 2 269 -1
28 -5 6 ML-B3C 11 20 5 1 198 -1
28 -4 -11 ML-53C 9 17 4 2 461 -1
28 -4 -10 ML-F3C 7 17 4 2 461 -1
28 -4 -9 ML-F3C 5 17 4 2 461 -1
28 -4 -8 ML-F3C 4 17 4 2 461 -1
28 -4 -7 ML-F3C 11 17 4 2 425 -1
28 -4 -6 ML-F3C 6 17 4 2 425 -1
28 -4 -5 MH-F2C 7 16 4 1 425 -1
28 -4 -4 MH-F2C 5 16 4 1 425 -1
28 -4 -3 MH-F2C 0 18 3 3 340 -1
28 -4 -2 MH-F2C 9 17 4 2 341 -1
28 -4 -1 MH-F2C 11 11 3 0 304 -1
28 -4 0 MH-F2C 10 11 3 0 304 -1
28 -4 1 MH-F2C 7 15 4 0 269 -1
28 -4 2 ML-F3C 2 16 4 1 269 -1
28 -4 3 ML-F3C 9 15 4 0 269 -1
28 -4 4 ML-F3C 4 17 4 2 269 -1
28 -4 5 ML-F3C 8 20 5 1 198 -1
28 -4 6 ML-F3C 9 20 5 1 198 -1
28 -4 7 ML-53C 10 20 5 1 198 -1
28 -3 -11 ML-T3C 1 16 4 1 461 -1
28 -3 -10 ML-F3C 0 16 4 1 461 -1
28 -3 -9 ML-F3C 11 15 4 0 461 -1
28 -3 -8 ML-F3C 10 15 4 0 461 -1
28 -3 -7 ML-F3C 9 15 4 0 461 -1
28 -3 -6 ML-F3C 8 15 4 0 461 -1
28 -3 -5 MH-F2C 8 16 4 1 425 -1
28 -3 -4 MH-F2C 6 16 4 1 425 -1
28 -3 -3 MH-F2C 3 16 4 1 425 -1
28 -3 -2 MH-F1C 11 17 4 2 341 -1
28 -3 -1 MH-F1C 8 11 3 0 304 -1
28 -3 0 MH-F2C 9 11 3 0 304 -1
28 -3 1 MH-F2C 6 15 4 0 269 -1
28 -3 2 MH-F2C 4 15 4 0 269 -1
28 -3 3 ML-F3C 8 15 4 0 269 -1
28 -3 4 ML-F3C 11 17 4 2 233 -1
28 -3 5 ML-F3C 0 18 3 3 232 -1
28 -3 6 ML-F3C 1 18 3 3 232 -1
28 -3 7 ML-F3C 2 18 3 3 232 -1
28 -3 8 ML-B3C 3 18 3 3 232 -1
28 -2 -10 ML-F3C 6 16 4 1 461 -1
28 -2 -9 ML-F3C 5 16 4 1 461 -1
28 -2 -8 ML-F3C 4 16 4 1 461 -1
28 -2 -7 ML-F3C 3 16 4 1 461 -1
28 -2 -6 ML-F3C 2 16 4 1 461 -1
28 -2 -5 MH-F2C 4 15 4 0 461 -1
28 -2 -4 MH-F2C 3 15 4 0 461 -1
28 -2 -3 MH-F1C 4 16 4 1 425 -1
28 -2 -2 MH-T1C 2 16 4 1 425 -1
28 -2 0 MH-T1C 7 11 3 0 304 -1
28 -2 1 MH-F1C 5 15 4 0 269 -1
28 -2 2 MH-F2C 3 15 4 0 269 -1
28 -2 3 MH-F2C 8 16 4 1 233 -1
28 -2 4 ML-F3C 6 17 4 2 233 -1
28 -2 5 ML-F3C 7 17 4 2 233 -1
28 -2 6 ML-F3C 8 17 4 2 233 -1
28 -2 7 ML-F3C 9 17 4 2 233 -1
28 -2 8 ML-F3C 10 17 4 2 233 -1
28 -1 -10 ML-T3C 11 16 4 1 461 -1
28 -1 -9 ML-F3C 10 16 4 1 461 -1
28 -1 -8 ML-F3C 9 16 4 1 461 -1
28 -1 -7 ML-F3C 8 16 4 1 461 -1
28 -1 -6 ML-F3C 7 16 4 1 461 -1
28 -1 -5 MH-F2C 7 15 4 0 461 -1
28 -1 -4 MH-F2C 6 15 4 0 461 -1
28 -1 -3 MH-F1C 5 15 4 0 461 -1
28 -1 2 MH-F1C 4 16 4 1 233 -1
28 -1 3 MH-F2C 6 16 4 1 233 -1
28 -1 4 MH-F2C 7 16 4 1 233 -1
28 -1 5 ML-F3C 1 17 4 2 233 -1
28 -1 6 ML-F3C 2 17 4 2 233 -1
28 -1 7 ML-F3C 3 17 4 2 233 -1
28 -1 8 ML-F3C 4 17 4 2 233 -1
28 -1 9 ML-B3C 5 17 4 2 233 -1
28 0 -8 ML-F3C 5 12 3 1 496 -1
28 0 -7 ML-F3C 4 12 3 1 496 -1
28 0 -6 ML-F3C 3 12 3 1 496 -1
28 0 -5 ML-F3C 2 12 3 1 496 -1
28 0 -4 MH-F2C 10 11 3 0 496 -1
28 0 -3 MH-F2C 9 11 3 0 496 -1
28 0 -2 MH-T1C 7 11 3 0 496 -1
28 0 2 MH-T1C 2 16 4 1 233 -1
28 0 3 MH-F2C 3 16 4 1 233 -1
28 0 4 MH-F2C 5 16 4 1 233 -1
28 0 5 ML-F3C 9 16 4 1 233 -1
28 0 6 ML-F3C 10 16 4 1 233 -1
28 0 7 ML-F3C 11 16 4 1 233 -1
28 0 8 ML-F3C 0 17 4 2 233 -1
28 1 -9 ML-B3C 10 12 3 1 496 -1
28 1 -8 ML-F3C 9 12 3 1 496 -1
28 1 -7 ML-F3C 8 12 3 1 496 -1
28 1 -6 ML-F3C 7 12 3 1 496 -1
28 1 -5 ML-F3C 6 12 3 1 496 -1
28 1 -4 MH-F2C 1 12 3 1 496 -1
28 1 -3 MH-F2C 11 11 3 0 496 -1
28 1 -2 MH-F1C 8 11 3 0 496 -1
28 1 3 MH-F1C 11 17 4 2 149 -1
28 1 4 MH-F2C 0 18 3 3 148 -1
28 1 5 MH-F2C 1 18 3 3 148 -1
28 1 6 ML-F3C 1 19 5 0 150 -1
28 1 7 ML-F3C 2 19 5 0 150 -1
28 1 8 ML-F3C 3 19 5 0 150 -1
28 1 9 ML-F3C 4 19 5 0 150 -1
28 1 10 ML-T3C 5 19 5 0 150 -1
28 2 -8 ML-F3C 3 13 3 2 496 -1
28 2 -7 ML-F3C 2 13 3 2 496 -1
28 2 -6 ML-F3C 1 13 3 2 496 -1
28 2 -5 ML-F3C 0 13 3 2 496 -1
28 2 -4 ML-F3C 11 12 3 1 496 -1
28 2 -3 MH-F2C 0 12 3 1 496 -1
28 2 -2 MH-F2C 9 17 4 2 533 -1
28 2 -1 MH-F1C 11 17 4 2 533 -1
28 2 0 MH-T1C 2 16 4 1 41 -1
28 2 2 MH-T1C 7 11 3 0 112 -1
28 2 3 MH-F1C 8 11 3 0 112 -1
28 2 4 MH-F2C 9 17 4 2 149 -1
28 2 5 MH-F2C 10 17 4 2 149 -1
28 2 6 ML-F3C 8 18 3 3 148 -1
28 2 7 ML-F3C 9 18 3 3 148 -1
28 2 8 ML-F3C 10 18 3 3 148 -1
28 2 9 ML-F3C 11 18 3 3 148 -1
28 2 10 ML-F3C 0 19 5 0 150 -1
28 3 -8 ML-B3C 8 13 3 2 496 -1
28 3 -7 ML-F3C 7 13 3 2 496 -1
28 3 -6 ML-F3C 6 13 3 2 496 -1
28 3 -5 ML-F3C 5 13 3 2 496 -1
28 3 -4 ML-F3C 4 13 3 2 496 -1
28 3 -3 ML-F3C 2 18 3 3 532 -1
28 3 -2 MH-F2C 10 17 4 2 533 -1
28 3 -1 MH-F2C 0 18 3 3 532 -1
28 3 0 MH-F2C 3 16 4 1 41 -1
28 3 1 MH-F1C 4 16 4 1 41 -1
28 3 2 MH-F1C 5 15 4 0 77 -1
28 3 3 MH-F2C 9 11 3 0 112 -1
28 3 4 MH-F2C 11 11 3 0 112 -1
28 3 5 MH-F2C 0 12 3 1 112 -1
28 3 6 ML-F3C 2 18 3 3 148 -1
28 3 7 ML-F3C 3 18 3 3 148 -1
28 3 8 ML-F3C 4 18 3 3 148 -1
28 3 9 ML-F3C 5 18 3 3 148 -1
28 3 10 ML-F3C 6 18 3 3 148 -1
28 3 11 ML-T3C 7 18 3 3 148 -1
28 4 -7 ML-53C 3 17 4 2 461 -1
28 4 -6 ML-F3C 1 17 4 2 461 -1
28 4 -5 ML-F3C 0 17 4 2 461 -1
28 4 -4 ML-F3C 6 19 5 0 534 -1
28 4 -3 ML-F3C 3 18 3 3 532 -1
28 4 -2 ML-F3C 8 18 3 3 532 -1
28 4 -1 MH-F2C 1 18 3 3 532 -1
28 4 0 MH-F2C 5 16 4 1 41 -1
28 4 1 MH-F2C 6 16 4 1 41 -1
28 4 2 MH-F2C 3 15 4 0 77 -1
28 4 3 MH-F2C 6 15 4 0 77 -1
28 4 4 MH-F2C 10 11 3 0 112 -1
28 4 5 MH-F2C 1 12 3 1 112 -1
28 4 6 ML-F3C 11 12 3 1 112 -1
28 4 7 ML-F3C 4 13 3 2 112 -1
28 4 8 ML-F3C 6 19 5 0 150 -1
28 4 9 ML-F3C 7 19 5 0 150 -1
28 4 10 ML-F3C 8 19 5 0 150 -1
28 4 11 ML-53C 9 19 5 0 150 -1
28 5 -6 ML-B3C 2 17 4 2 461 -1
28 5 -5 ML-F3C 10 19 5 0 534 -1
28 5 -4 ML-F3C 7 19 5 0 534 -1
28 5 -3 ML-F3C 4 18 3 3 532 -1
28 5 -2 ML-F3C 9 18 3 3 532 -1
28 5 -1 ML-F3C 1 19 5 0 534 -1
28 5 0 ML-F3C 9 16 4 1 41 -1
28 5 1 MH-F2C 7 16 4 1 41 -1
28 5 2 MH-F2C 8 16 4 1 41 -1
28 5 3 MH-F2C 4 15 4 0 77 -1
28 5 4 MH-F2C 7 15 4 0 77 -1
28 5 5 ML-F3C 2 12 3 1 112 -1
28 5 6 ML-F3C 6 12 3 1 112 -1
28 5 7 ML-F3C 0 13 3 2 112 -1
28 5 8 ML-F3C 5 13 3 2 112 -1
28 5 9 ML-F3C 0 17 4 2 77 -1
28 5 10 ML-F3C 10 19 5 0 150 -1
28 5 11 ML-T3C 11 19 5 0 150 -1
28 6 -5 ML-T3C 11 19 5 0 534 -1
28 6 -4 ML-F3C 8 19 5 0 534 -1
28 6 -3 ML-F3C 5 18 3 3 532 -1
28 6 -2 ML-F3C 10 18 3 3 532 -1
28 6 -1 ML-F3C 2 19 5 0 534 -1
28 6 0 ML-F3C 10 16 4 1 41 -1
28 6 1 ML-F3C 1 17 4 2 41 -1
28 6 2 ML-F3C 6 17 4 2 41 -1
28 6 3 ML-F3C 8 15 4 0 77 -1
28 6 4 ML-F3C 2 16 4 1 77 -1
28 6 5 ML-F3C 7 16 4 1 77 -1
28 6 6 ML-F3C 3 12 3 1 112 -1
28 6 7 ML-F3C 7 12 3 1 112 -1
28 6 8 ML-F3C 1 13 3 2 112 -1
28 6 9 ML-F3C 6 13 3 2 112 -1
28 6 10 ML-F3C 1 17 4 2 77 -1
28 6 11 ML-B3C 2 17 4 2 77 -1
28 7 -4 ML-53C 9 19 5 0 534 -1
28 7 -3 ML-F3C 6 18 3 3 532 -1
28 7 -2 ML-F3C 11 18 3 3 532 -1
28 7 -1 ML-F3C 3 19 5 0 534 -1
28 7 0 ML-F3C 11 16 4 1 41 -1
28 7 1 ML-F3C 2 17 4 2 41 -1
28 7 2 ML-F3C 7 17 4 2 41 -1
28 7 3 ML-F3C 11 17 4 2 41 -1
28 7 4 ML-F3C 9 15 4 0 77 -1
28 7 5 ML-F3C 3 16 4 1 77 -1
28 7 6 ML-F3C 8 16 4 1 77 -1
28 7 7 ML-F3C 4 12 3 1 112 -1
28 7 8 ML-F3C 8 12 3 1 112 -1
28 7 9 ML-F3C 2 13 3 2 112 -1
28 7 10 ML-F3C 7 13 3 2 112 -1
28 7 11 ML-53C 3 17 4 2 77 -1
28 8 -3 ML-T3C 7 18 3 3 532 -1
28 8 -2 ML-F3C 0 19 5 0 534 -1
28 8 -1 ML-F3C 4 19 5 0 534 -1
28 8 0 ML-F3C 0 17 4 2 41 -1
28 8 1 ML-F3C 3 17 4 2 41 -1
28 8 2 ML-F3C 8 17 4 2 41 -1
28 8 3 ML-F3C 0 18 3 3 40 -1
28 8 4 ML-F3C 4 17 4 2 77 -1
28 8 5 ML-F3C 10 15 4 0 77 -1
28 8 6 ML-F3C 4 16 4 1 77 -1
28 8 7 ML-F3C 9 16 4 1 77 -1
28 8 8 ML-F3C 5 12 3 1 112 -1
28 8 9 ML-F3C 9 12 3 1 112 -1
28 8 10 ML-F3C 3 13 3 2 112 -1
28 8 11 ML-B3C 8 13 3 2 112 -1
28 9 -1 ML-T3C 5 19 5 0 534 -1
28 9 1 ML-F3C 4 17 4 2 41 -1
28 9 2 ML-F3C 9 17 4 2 41 -1
28 9 3 ML-F3C 1 18 3 3 40 -1
28 9 4 ML-F3C 8 20 5 1 6 -1
28 9 5 ML-F3C 5 17 4 2 77 -1
28 9 6 ML-F3C 11 15 4 0 77 -1
28 9 7 ML-F3C 5 16 4 1 77 -1
28 9 8 ML-F3C 10 16 4 1 77 -1
28 9 10 ML-B3C 10 12 3 1 112 -1
28 10 1 ML-B3C 5 17 4 2 41 -1
28 10 2 ML-F3C 10 17 4 2 41 -1
28 10 3 ML-F3C 2 18 3 3 40 -1
28 10 4 ML-F3C 9 20 5 1 6 -1
28 10 5 ML-F3C 6 17 4 2 77 -1
28 10 6 ML-F3C 7 17 4 2 77 -1
28 10 7 ML-F3C 0 16 4 1 77 -1
28 10 8 ML-F3C 6 16 4 1 77 -1
28 10 9 ML-T3C 11 16 4 1 77 -1
28 11 3 ML-B3C 3 18 3 3 40 -1
28 11 4 ML-53C 10 20 5 1 6 -1
28 11 5 ML-B3C 11 20 5 1 6 -1
28 11 6 ML-T3C 8 17 4 2 77 -1
28 11 7 ML-53C 9 17 4 2 77 -1
28 11 8 ML-T3C 1 16 4 1 77 -1
29 -11 -8 ML-T3C 0 3 1 1 350 -1
29 -11 -7 ML-53C 2 4 0 2 349 -1
29 -11 -6 ML-53C 4 4 0 2 349 -1
29 -11 -5 ML-53C 10 17 4 2 293 -1
29 -11 -4 ML-53C 11 17 4 2 293 -1
29 -11 -3 ML-B3C 4 22 4 3 317 -1
29 -10 -9 ML-F3C 10 3 1 1 350 -1
29 -10 -8 ML-F3C 5 3 1 1 350 -1
29 -10 -7 ML-F3C 11 2 0 1 349 -1
29 -10 -6 ML-F3C 1 4 0 2 349 -1
29 -10 -5 ML-F3C 3 4 0 2 349 -1
29 -10 -4 ML-F3C 9 17 4 2 293 -1
29 -10 -3 ML-F3C 3 22 4 3 317 -1
29 -10 -2 ML-F3C 11 21 5 2 318 -1
29 -10 -1 ML-F3C 6 21 5 2 318 -1
29 -9 -10 ML-F3C 9 17 4 2 449 -1
29 -9 -8 ML-F3C 9 3 1 1 350 -1
29 -9 -7 ML-F3C 4 3 1 1 350 -1
29 -9 -6 ML-F3C 10 2 0 1 349 -1
29 -9 -5 ML-F3C 0 4 0 2 349 -1
29 -9 -4 ML-F3C 8 17 4 2 293 -1
29 -9 -3 ML-F3C 2 22 4 3 317 -1
29 -9 -2 ML-F3C 10 21 5 2 318 -1
29 -9 -1 ML-F3C 5 21 5 2 318 -1
29 -9 1 ML-F3C 11 19 5 0 258 -1
29 -8 -11 ML-B3C 7 18 3 3 448 -1
29 -8 -10 ML-F3C 2 18 3 3 448 -1
29 -8 -9 ML-F3C 8 17 4 2 449 -1
29 -8 -8 ML-F3C 4 17 4 2 449 -1
29 -8 -7 ML-F3C 8 3 1 1 350 -1
29 -8 -6 ML-F3C 3 3 1 1 350 -1
29 -8 -5 ML-F3C 9 2 0 1 349 -1
29 -8 -4 ML-F3C 11 3 1 1 350 -1
29 -8 -3 ML-F3C 1 22 4 3 317 -1
29 -8 -2 ML-F3C 9 21 5 2 318 -1
29 -8 -1 ML-F3C 4 21 5 2 318 -1
29 -8 0 ML-F3C 1 21 5 2 318 -1
29 -8 1 ML-F3C 10 19 5 0 258 -1
29 -8 2 ML-F3C 6 19 5 0 258 -1
29 -8 3 ML-T3C 1 19 5 0 258 -1
29 -7 -11 ML-53C 6 16 4 1 413 -1
29 -7 -10 ML-F3C 6 18 3 3 448 -1
29 -7 -9 ML-F3C 1 18 3 3 448 -1
29 -7 -8 ML-F3C 7 17 4 2 449 -1
29 -7 -7 ML-F3C 3 17 4 2 449 -1
29 -7 -6 ML-F3C 7 3 1 1 350 -1
29 -7 -5 ML-F3C 2 3 1 1 350 -1
29 -7 -4 ML-F3C 8 2 0 1 349 -1
29 -7 -3 ML-F3C 0 22 4 3 317 -1
29 -7 -2 ML-F3C 8 21 5 2 318 -1
29 -7 -1 ML-F3C 3 21 5 2 318 -1
29 -7 0 ML-F3C 0 21 5 2 318 -1
29 -7 1 ML-F3C 9 19 5 0 258 -1
29 -7 2 ML-F3C 5 19 5 0 258 -1
29 -7 3 ML-F3C 0 19 5 0 258 -1
29 -7 4 ML-53C 5 20 5 1 258 -1
29 -6 -11 ML-53C 7 16 4 1 413 -1
29 -6 -10 ML-F3C 5 16 4 1 413 -1
29 -6 -9 ML-F3C 5 18 3 3 448 -1
29 -6 -8 ML-F3C 0 18 3 3 448 -1
29 -6 -7 ML-F3C 6 17 4 2 449 -1
29 -6 -6 ML-F3C 2 17 4 2 449 -1
29 -6 -5 ML-F3C 6 3 1 1 350 -1
29 -6 -4 ML-F3C 1 3 1 1 350 -1
29 -6 -3 ML-F3C 7 2 0 1 349 -1
29 -6 -2 ML-F3C 7 21 5 2 318 -1
29 -6 -1 ML-F3C 2 21 5 2 318 -1
29 -6 0 ML-F3C 11 20 5 1 318 -1
29 -6 1 ML-F3C 8 19 5 0 258 -1
29 -6 2 ML-F3C 4 19 5 0 258 -1
29 -6 3 ML-F3C 11 18 3 3 256 -1
29 -6 4 ML-F3C 3 20 5 1 258 -1
29 -6 5 ML-53C 4 20 5 1 258 -1
29 -5 -11 ML-53C 4 20 5 1 450 -1
29 -5 -10 ML-F3C 2 20 5 1 450 -1
29 -5 -9 ML-F3C 4 16 4 1 413 -1
29 -5 -8 ML-F3C 4 18 3 3 448 -1
29 -5 -7 ML-F3C 11 17 4 2 449 -1
29 -5 -6 ML-F3C 5 17 4 2 449 -1
29 -5 -5 ML-F3C 1 17 4 2 449 -1
29 -5 -4 MH-F2C 6 2 0 1 349 -1
29 -5 -3 MH-F2C 3 2 0 1 349 -1
29 -5 -2 MH-F2C 8 20 5 1 318 -1
29 -5 -1 MH-F2C 9 20 5 1 318 -1
29 -5 0 ML-F3C 10 20 5 1 318 -1
29 -5 1 ML-F3C 7 19 5 0 258 -1
29 -5 2 ML-F3C 3 19 5 0 258 -1
29 -5 3 ML-F3C 10 18 3 3 256 -1
29 -5 4 ML-F3C 1 20 5 1 258 -1
29 -5 5 ML-F3C 2 20 5 1 258 -1
29 -5 6 ML-53C 7 16 4 1 221 -1
29 -4 -11 ML-53C 5 20 5 1 450 -1
29 -4 -10 ML-F3C 3 20 5 1 450 -1
29 -4 -9 ML-F3C 1 20 5 1 450 -1
29 -4 -8 ML-F3C 0 20 5 1 450 -1
29 -4 -7 ML-F3C 3 18 3 3 448 -1
29 -4 -6 ML-F3C 10 17 4 2 449 -1
29 -4 -5 MH-F2C 6 16 4 1 449 -1
29 -4 -4 MH-F2C 4 16 4 1 449 -1
29 -4 -3 MH-F2C 5 2 0 1 349 -1
29 -4 -2 MH-F2C 2 2 0 1 349 -1
29 -4 -1 MH-F2C 7 20 5 1 318 -1
29 -4 0 MH-F2C 6 20 5 1 318 -1
29 -4 1 MH-F2C 0 17 4 2 257 -1
29 -4 2 ML-F3C 2 19 5 0 258 -1
29 -4 3 ML-F3C 9 18 3 3 256 -1
29 -4 4 ML-F3C 0 20 5 1 258 -1
29 -4 5 ML-F3C 4 16 4 1 221 -1
29 -4 6 ML-F3C 5 16 4 1 221 -1
29 -4 7 ML-53C 6 16 4 1 221 -1
29 -3 -11 ML-T3C 1 19 5 0 450 -1
29 -3 -10 ML-F3C 0 19 5 0 450 -1
29 -3 -9 ML-F3C 11 18 3 3 448 -1
29 -3 -8 ML-F3C 10 18 3 3 448 -1
29 -3 -7 ML-F3C 9 18 3 3 448 -1
29 -3 -6 ML-F3C 8 18 3 3 448 -1
29 -3 -5 MH-F2C 7 16 4 1 449 -1
29 -3 -4 MH-F2C 5 16 4 1 449 -1
29 -3 -3 MH-F2C 2 16 4 1 449 -1
29 -3 -2 MH-F1C 4 2 0 1 349 -1
29 -3 -1 MH-F1C 4 20 5 1 318 -1
29 -3 0 MH-F2C 5 20 5 1 318 -1
29 -3 1 MH-F2C 11 16 4 1 257 -1
29 -3 2 MH-F2C 9 16 4 1 257 -1
29 -3 3 ML-F3C 8 18 3 3 256 -1
29 -3 4 ML-F3C 3 18 3 3 256 -1
29 -3 5 ML-F3C 4 18 3 3 256 -1
29 -3 6 ML-F3C 5 18 3 3 256 -1
29 -3 7 ML-F3C 6 18 3 3 256 -1
29 -3 8 ML-B3C 7 18 3 3 256 -1
29 -2 -10 ML-F3C 6 19 5 0 450 -1
29 -2 -9 ML-F3C 5 19 5 0 450 -1
29 -2 -8 ML-F3C 4 19 5 0 450 -1
29 -2 -7 ML-F3C 3 19 5 0 450 -1
29 -2 -6 ML-F3C 2 19 5 0 450 -1
29 -2 -5 MH-F2C 9 16 4 1 449 -1
29 -2 -4 MH-F2C 8 16 4 1 449 -1
29 -2 -3 MH-F1C 3 16 4 1 449 -1
29 -2 -2 MH-T1C 1 16 4 1 449 -1
29 -2 0 MH-T1C 3 20 5 1 318 -1
29 -2 1 MH-F1C 10 16 4 1 257 -1
29 -2 2 MH-F2C 8 16 4 1 257 -1
29 -2 3 MH-F2C 7 16 4 1 257 -1
29 -2 4 ML-F3C 10 17 4 2 257 -1
29 -2 5 ML-F3C 11 17 4 2 257 -1
29 -2 6 ML-F3C 0 18 3 3 256 -1
29 -2 7 ML-F3C 1 18 3 3 256 -1
29 -2 8 ML-F3C 2 18 3 3 256 -1
29 -1 -10 ML-F3C 11 19 5 0 450 -1
29 -1 -9 ML-F3C 10 19 5 0 450 -1
29 -1 -8 ML-F3C 9 19 5 0 450 -1
29 -1 -7 ML-F3C 8 19 5 0 450 -1
29 -1 -6 ML-F3C 7 19 5 0 450 -1
29 -1 -5 MH-F2C 0 17 4 2 449 -1
29 -1 -4 MH-F2C 11 16 4 1 449 -1
29 -1 -3 MH-F1C 10 16 4 1 449 -1
29 -1 2 MH-F1C 3 16 4 1 257 -1
29 -1 3 MH-F2C 5 16 4 1 257 -1
29 -1 4 MH-F2C 6 16 4 1 257 -1
29 -1 5 ML-F3C 5 17 4 2 257 -1
29 -1 6 ML-F3C 6 17 4 2 257 -1
29 -1 7 ML-F3C 7 17 4 2 257 -1
29 -1 8 ML-F3C 8 17 4 2 257 -1
29 -1 9 ML-F3C 9 17 4 2 257 -1
29 0 -8 ML-F3C 1 21 5 2 510 -1
29 0 -7 ML-F3C 0 21 5 2 510 -1
29 0 -6 ML-F3C 11 20 5 1 510 -1
29 0 -5 ML-F3C 10 20 5 1 510 -1
29 0 -4 MH-F2C 6 20 5 1 510 -1
29 0 -3 MH-F2C 5 20 5 1 510 -1
29 0 -2 MH-T1C 3 20 5 1 510 -1
29 0 2 MH-T1C 1 16 4 1 257 -1
29 0 3 MH-F2C 2 16 4 1 257 -1
29 0 4 MH-F2C 4 16 4 1 257 -1
29 0 5 ML-F3C 1 17 4 2 257 -1
29 0 6 ML-F3C 2 17 4 2 257 -1
29 0 7 ML-F3C 3 17 4 2 257 -1
29 0 8 ML-F3C 4 17 4 2 257 -1
29 1 -9 ML-F3C 6 21 5 2 510 -1
29 1 -8 ML-F3C 5 21 5 2 510 -1
29 1 -7 ML-F3C 4 21 5 2 510 -1
29 1 -6 ML-F3C 3 21 5 2 510 -1
29 1 -5 ML-F3C 2 21 5 2 510 -1
29 1 -4 MH-F2C 9 20 5 1 510 -1
29 1 -3 MH-F2C 7 20 5 1 510 -1
29 1 -2 MH-F1C 4 20 5 1 510 -1
29 1 3 MH-F1C 4 2 0 1 157 -1
29 1 4 MH-F2C 5 2 0 1 157 -1
29 1 5 MH-F2C 6 2 0 1 157 -1
29 1 6 ML-F3C 6 3 1 1 158 -1
29 1 7 ML-F3C 7 3 1 1 158 -1
29 1 8 ML-F3C 8 3 1 1 158 -1
29 1 9 ML-F3C 9 3 1 1 158 -1
29 1 10 ML-F3C 10 3 1 1 158 -1
29 2 -8 ML-F3C 11 21 5 2 510 -1
29 2 -7 ML-F3C 10 21 5 2 510 -1
29 2 -6 ML-F3C 9 21 5 2 510 -1
29 2 -5 ML-F3C 8 21 5 2 510 -1
29 2 -4 ML-F3C 7 21 5 2 510 -1
29 2 -3 MH-F2C 8 20 5 1 510 -1
29 2 -2 MH-F2C 2 2 0 1 541 -1
29 2 -1 MH-F1C 4 2 0 1 541 -1
29 2 0 MH-T1C 1 16 4 1 65 -1
29 2 2 MH-T1C 3 20 5 1 126 -1
29 2 3 MH-F1C 4 20 5 1 126 -1
29 2 4 MH-F2C 2 2 0 1 157 -1
29 2 5 MH-F2C 3 2 0 1 157 -1
29 2 6 ML-F3C 1 3 1 1 158 -1
29 2 7 ML-F3C 2 3 1 1 158 -1
29 2 8 ML-F3C 3 3 1 1 158 -1
29 2 9 ML-F3C 4 3 1 1 158 -1
29 2 10 ML-F3C 5 3 1 1 158 -1
29 3 -8 ML-B3C 4 22 4 3 509 -1
29 3 -7 ML-F3C 3 22 4 3 509 -1
29 3 -6 ML-F3C 2 22 4 3 509 -1
29 3 -5 ML-F3C 1 22 4 3 509 -1
29 3 -4 ML-F3C 0 22 4 3 509 -1
29 3 -3 ML-F3C 7 2 0 1 541 -1
29 3 -2 MH-F2C 3 2 0 1 541 -1
29 3 -1 MH-F2C 5 2 0 1 541 -1
29 3 0 MH-F2C 2 16 4 1 65 -1
29 3 1 MH-F1C 3 16 4 1 65 -1
29 3 2 MH-F1C 10 16 4 1 65 -1
29 3 3 MH-F2C 5 20 5 1 126 -1
29 3 4 MH-F2C 7 20 5 1 126 -1
29 3 5 MH-F2C 8 20 5 1 126 -1
29 3 6 ML-F3C 7 2 0 1 157 -1
29 3 7 ML-F3C 8 2 0 1 157 -1
29 3 8 ML-F3C 9 2 0 1 157 -1
29 3 9 ML-F3C 10 2 0 1 157 -1
29 3 10 ML-F3C 11 2 0 1 157 -1
29 3 11 ML-T3C 0 3 1 1 158 -1
29 4 -7 ML-53C 11 17 4 2 485 -1
29 4 -6 ML-F3C 9 17 4 2 485 -1
29 4 -5 ML-F3C 8 17 4 2 485 -1
29 4 -4 ML-F3C 11 3 1 1 542 -1
29 4 -3 ML-F3C 8 2 0 1 541 -1
29 4 -2 ML-F3C 1 3 1 1 542 -1
29 4 -1 MH-F2C 6 2 0 1 541 -1
29 4 0 MH-F2C 4 16 4 1 65 -1
29 4 1 MH-F2C 5 16 4 1 65 -1
29 4 2 MH-F2C 8 16 4 1 65 -1
29 4 3 MH-F2C 11 16 4 1 65 -1
29 4 4 MH-F2C 6 20 5 1 126 -1
29 4 5 MH-F2C 9 20 5 1 126 -1
29 4 6 ML-F3C 7 21 5 2 126 -1
29 4 7 ML-F3C 0 22 4 3 125 -1
29 4 8 ML-F3C 11 3 1 1 158 -1
29 4 9 ML-F3C 0 4 0 2 157 -1
29 4 10 ML-F3C 1 4 0 2 157 -1
29 4 11 ML-53C 2 4 0 2 157 -1
29 5 -6 ML-53C 10 17 4 2 485 -1
29 5 -5 ML-F3C 3 4 0 2 541 -1
29 5 -4 ML-F3C 0 4 0 2 541 -1
29 5 -3 ML-F3C 9 2 0 1 541 -1
29 5 -2 ML-F3C 2 3 1 1 542 -1
29 5 -1 ML-F3C 6 3 1 1 542 -1
29 5 0 ML-F3C 1 17 4 2 65 -1
29 5 1 MH-F2C 6 16 4 1 65 -1
29 5 2 MH-F2C 7 16 4 1 65 -1
29 5 3 MH-F2C 9 16 4 1 65 -1
29 5 4 MH-F2C 0 17 4 2 65 -1
29 5 5 ML-F3C 10 20 5 1 126 -1
29 5 6 ML-F3C 2 21 5 2 126 -1
29 5 7 ML-F3C 8 21 5 2 126 -1
29 5 8 ML-F3C 1 22 4 3 125 -1
29 5 9 ML-F3C 8 17 4 2 101 -1
29 5 10 ML-F3C 3 4 0 2 157 -1
29 5 11 ML-53C 4 4 0 2 157 -1
29 6 -5 ML-53C 4 4 0 2 541 -1
29 6 -4 ML-F3C 1 4 0 2 541 -1
29 6 -3 ML-F3C 10 2 0 1 541 -1
29 6 -2 ML-F3C 3 3 1 1 542 -1
29 6 -1 ML-F3C 7 3 1 1 542 -1
29 6 0 ML-F3C 2 17 4 2 65 -1
29 6 1 ML-F3C 5 17 4 2 65 -1
29 6 2 ML-F3C 10 17 4 2 65 -1
29 6 3 ML-F3C 8 18 3 3 64 -1
29 6 4 ML-F3C 2 19 5 0 66 -1
29 6 5 ML-F3C 7 19 5 0 66 -1
29 6 6 ML-F3C 11 20 5 1 126 -1
29 6 7 ML-F3C 3 21 5 2 126 -1
29 6 8 ML-F3C 9 21 5 2 126 -1
29 6 9 ML-F3C 2 22 4 3 125 -1
29 6 10 ML-F3C 9 17 4 2 101 -1
29 6 11 ML-53C 10 17 4 2 101 -1
29 7 -4 ML-53C 2 4 0 2 541 -1
29 7 -3 ML-F3C 11 2 0 1 541 -1
29 7 -2 ML-F3C 4 3 1 1 542 -1
29 7 -1 ML-F3C 8 3 1 1 542 -1
29 7 0 ML-F3C 3 17 4 2 65 -1
29 7 1 ML-F3C 6 17 4 2 65 -1
29 7 2 ML-F3C 11 17 4 2 65 -1
29 7 3 ML-F3C 3 18 3 3 64 -1
29 7 4 ML-F3C 9 18 3 3 64 -1
29 7 5 ML-F3C 3 19 5 0 66 -1
29 7 6 ML-F3C 8 19 5 0 66 -1
29 7 7 ML-F3C 0 21 5 2 126 -1
29 7 8 ML-F3C 4 21 5 2 126 -1
29 7 9 ML-F3C 10 21 5 2 126 -1
29 7 10 ML-F3C 3 22 4 3 125 -1
29 7 11 ML-53C 11 17 4 2 101 -1
29 8 -3 ML-T3C 0 3 1 1 542 -1
29 8 -2 ML-F3C 5 3 1 1 542 -1
29 8 -1 ML-F3C 9 3 1 1 542 -1
29 8 0 ML-F3C 4 17 4 2 65 -1
29 8 1 ML-F3C 7 17 4 2 65 -1
29 8 2 ML-F3C 0 18 3 3 64 -1
29 8 3 ML-F3C 4 18 3 3 64 -1
29 8 4 ML-F3C 0 20 5 1 66 -1
29 8 5 ML-F3C 10 18 3 3 64 -1
29 8 6 ML-F3C 4 19 5 0 66 -1
29 8 7 ML-F3C 9 19 5 0 66 -1
29 8 8 ML-F3C 1 21 5 2 126 -1
29 8 9 ML-F3C 5 21 5 2 126 -1
29 8 10 ML-F3C 11 21 5 2 126 -1
29 8 11 ML-B3C 4 22 4 3 125 -1
29 9 -1 ML-F3C 10 3 1 1 542 -1
29 9 1 ML-F3C 8 17 4 2 65 -1
29 9 2 ML-F3C 1 18 3 3 64 -1
29 9 3 ML-F3C 5 18 3 3 64 -1
29 9 4 ML-F3C 4 16 4 1 29 -1
29 9 5 ML-F3C 1 20 5 1 66 -1
29 9 6 ML-F3C 11 18 3 3 64 -1
29 9 7 ML-F3C 5 19 5 0 66 -1
29 9 8 ML-F3C 10 19 5 0 66 -1
29 9 10 ML-F3C 6 21 5 2 126 -1
29 10 1 ML-F3C 9 17 4 2 65 -1
29 10 2 ML-F3C 2 18 3 3 64 -1
29 10 3 ML-F3C 6 18 3 3 64 -1
29 10 4 ML-F3C 5 16 4 1 29 -1
29 10 5 ML-F3C 2 20 5 1 66 -1
29 10 6 ML-F3C 3 20 5 1 66 -1
29 10 7 ML-F3C 0 19 5 0 66 -1
29 10 8 ML-F3C 6 19 5 0 66 -1
29 10 9 ML-F3C 11 19 5 0 66 -1
29 11 3 ML-B3C 7 18 3 3 64 -1
29 11 4 ML-53C 6 16 4 1 29 -1
29 11 5 ML-53C 7 16 4 1 29 -1
29 11 6 ML-53C 4 20 5 1 66 -1
29 11 7 ML-53C 5 20 5 1 66 -1
29 11 8 ML-T3C 1 19 5 0 66 -1
30 -11 -9 ML-T3C 3 18 3 3 328 -1
30 -11 -8 ML-53C 9 17 4 2 329 -1
30 -11 -7 ML-F3C 0 19 5 0 330 -1
30 -11 -6 ML-53C 2 19 5 0 330 -1
30 -11 -5 ML-53C 9 19 5 0 282 -1
30 -11 -4 ML-F3C 10 19 5 0 282 -1
30 -11 -3 ML-53C 2 22 4 3 341 -1
30 -11 -2 ML-B3C 9 21 5 2 342 -1
30 -10 -9 ML-F3C 8 18 3 3 328 -1
30 -10 -8 ML-F3C 2 18 3 3 328 -1
30 -10 -7 ML-F3C 8 17 4 2 329 -1
30 -10 -6 ML-F3C 11 18 3 3 328 -1
30 -10 -5 ML-F3C 1 19 5 0 330 -1
30 -10 -4 ML-F3C 8 19 5 0 282 -1
30 -10 -3 ML-F3C 1 22 4 3 341 -1
30 -10 -2 ML-F3C 8 21 5 2 342 -1
30 -10 -1 ML-F3C 3 21 5 2 342 -1
30 -9 -11 ML-B3C 3 22 4 3 449 -1
30 -9 -10 ML-F3C 9 21 5 2 450 -1
30 -9 -8 ML-F3C 7 18 3 3 328 -1
30 -9 -7 ML-F3C 1 18 3 3 328 -1
30 -9 -6 ML-F3C 7 17 4 2 329 -1
30 -9 -5 ML-F3C 10 18 3 3 328 -1
30 -9 -4 ML-F3C 7 19 5 0 282 -1
30 -9 -3 ML-F3C 0 22 4 3 341 -1
30 -9 -2 ML-F3C 7 21 5 2 342 -1
30 -9 -1 ML-F3C 2 21 5 2 342 -1
30 -9 1 ML-F3C 7 19 5 0 270 -1
30 -9 2 ML-T3C 2 19 5 0 270 -1
30 -8 -11 ML-53C 8 22 4 3 449 -1
30 -8 -10 ML-F3C 2 22 4 3 449 -1
30 -8 -9 ML-F3C 8 21 5 2 450 -1
30 -8 -8 ML-F3C 4 21 5 2 450 -1
30 -8 -7 ML-F3C 6 18 3 3 328 -1
30 -8 -6 ML-F3C 0 18 3 3 328 -1
30 -8 -5 ML-F3C 6 17 4 2 329 -1
30 -8 -4 ML-F3C 9 18 3 3 328 -1
30 -8 -3 ML-F3C 11 21 5 2 342 -1
30 -8 -2 ML-F3C 6 21 5 2 342 -1
30 -8 -1 ML-F3C 1 21 5 2 342 -1
30 -8 0 ML-F3C 10 20 5 1 342 -1
30 -8 1 ML-F3C 6 19 5 0 270 -1
30 -8 2 ML-F3C 1 19 5 0 270 -1
30 -8 3 ML-53C 8 18 3 3 268 -1
30 -7 -11 ML-F3C 10 16 4 1 401 -1
30 -7 -10 ML-F3C 7 22 4 3 449 -1
30 -7 -9 ML-F3C 1 22 4 3 449 -1
30 -7 -8 ML-F3C 7 21 5 2 450 -1
30 -7 -7 ML-F3C 3 21 5 2 450 -1
30 -7 -6 ML-F3C 5 18 3 3 328 -1
30 -7 -5 ML-F3C 11 17 4 2 329 -1
30 -7 -4 ML-F3C 5 17 4 2 329 -1
30 -7 -3 ML-F3C 10 21 5 2 342 -1
30 -7 -2 ML-F3C 5 21 5 2 342 -1
30 -7 -1 ML-F3C 0 21 5 2 342 -1
30 -7 0 ML-F3C 9 20 5 1 342 -1
30 -7 1 ML-F3C 5 19 5 0 270 -1
30 -7 2 ML-F3C 0 19 5 0 270 -1
30 -7 3 ML-F3C 7 18 3 3 268 -1
30 -7 4 ML-F3C 1 20 5 1 270 -1
30 -6 -11 ML-53C 11 16 4 1 401 -1
30 -6 -10 ML-F3C 9 16 4 1 401 -1
30 -6 -9 ML-F3C 6 22 4 3 449 -1
30 -6 -8 ML-F3C 0 22 4 3 449 -1
30 -6 -7 ML-F3C 6 21 5 2 450 -1
30 -6 -6 ML-F3C 2 21 5 2 450 -1
30 -6 -5 ML-F3C 4 18 3 3 328 -1
30 -6 -4 ML-F3C 10 17 4 2 329 -1
30 -6 -3 ML-F3C 4 17 4 2 329 -1
30 -6 -2 ML-F3C 4 21 5 2 342 -1
30 -6 -1 ML-F3C 11 20 5 1 342 -1
30 -6 0 ML-F3C 8 20 5 1 342 -1
30 -6 1 ML-F3C 4 19 5 0 270 -1
30 -6 2 ML-F3C 11 18 3 3 268 -1
30 -6 3 ML-F3C 6 18 3 3 268 -1
30 -6 4 ML-F3C 11 19 5 0 270 -1
30 -6 5 ML-53C 0 20 5 1 270 -1
30 -5 -11 ML-53C 0 20 5 1 462 -1
30 -5 -10 ML-F3C 10 19 5 0 462 -1
30 -5 -9 ML-F3C 8 16 4 1 401 -1
30 -5 -8 ML-F3C 5 22 4 3 449 -1
30 -5 -7 ML-F3C 11 21 5 2 450 -1
30 -5 -6 ML-F3C 5 21 5 2 450 -1
30 -5 -5 ML-F3C 1 21 5 2 450 -1
30 -5 -4 MH-F2C 3 17 4 2 329 -1
30 -5 -3 MH-F2C 0 17 4 2 329 -1
30 -5 -2 MH-F2C 5 20 5 1 342 -1
30 -5 -1 MH-F2C 6 20 5 1 342 -1
30 -5 0 ML-F3C 7 20 5 1 342 -1
30 -5 1 ML-F3C 3 19 5 0 270 -1
30 -5 2 ML-F3C 10 18 3 3 268 -1
30 -5 3 ML-F3C 5 18 3 3 268 -1
30 -5 4 ML-F3C 9 19 5 0 270 -1
30 -5 5 ML-F3C 10 19 5 0 270 -1
30 -5 6 ML-53C 11 16 4 1 209 -1
30 -4 -11 ML-F3C 1 20 5 1 462 -1
30 -4 -10 ML-F3C 11 19 5 0 462 -1
30 -4 -9 ML-F3C 9 19 5 0 462 -1
30 -4 -8 ML-F3C 8 19 5 0 462 -1
30 -4 -7 ML-F3C 4 22 4 3 449 -1
30 -4 -6 ML-F3C 10 21 5 2 450 -1
30 -4 -5 MH-F2C 11 20 5 1 450 -1
30 -4 -4 MH-F2C 9 20 5 1 450 -1
30 -4 -3 MH-F2C 2 17 4 2 329 -1
30 -4 -2 MH-F2C 11 16 4 1 329 -1
30 -4 -1 MH-F2C 4 20 5 1 342 -1
30 -4 0 MH-F2C 3 20 5 1 342 -1
30 -4 1 MH-F2C 2 18 3 3 268 -1
30 -4 2 ML-F3C 9 18 3 3 268 -1
30 -4 3 ML-F3C 4 18 3 3 268 -1
30 -4 4 ML-F3C 8 19 5 0 270 -1
30 -4 5 ML-F3C 8 16 4 1 209 -1
30 -4 6 ML-F3C 9 16 4 1 209 -1
30 -4 7 ML-F3C 10 16 4 1 209 -1
30 -3 -11 ML-53C 8 18 3 3 460 -1
30 -3 -10 ML-F3C 7 18 3 3 460 -1
30 -3 -9 ML-F3C 6 18 3 3 460 -1
30 -3 -8 ML-F3C 5 18 3 3 460 -1
30 -3 -7 ML-F3C 4 18 3 3 460 -1
30 -3 -6 ML-F3C 3 18 3 3 460 -1
30 -3 -5 MH-F2C 0 21 5 2 450 -1
30 -3 -4 MH-F2C 10 20 5 1 450 -1
30 -3 -3 MH-F2C 7 20 5 1 450 -1
30 -3 -2 MH-F1C 1 17 4 2 329 -1
30 -3 -1 MH-F1C 1 20 5 1 342 -1
30 -3 0 MH-F2C 2 20 5 1 342 -1
30 -3 1 MH-F2C 1 18 3 3 268 -1
30 -3 2 MH-F2C 11 17 4 2 269 -1
30 -3 3 ML-F3C 3 18 3 3 268 -1
30 -3 4 ML-F3C 4 22 4 3 257 -1
30 -3 5 ML-F3C 5 22 4 3 257 -1
30 -3 6 ML-F3C 6 22 4 3 257 -1
30 -3 7 ML-F3C 7 22 4 3 257 -1
30 -3 8 ML-53C 8 22 4 3 257 -1
30 -2 -11 ML-T3C 2 19 5 0 462 -1
30 -2 -10 ML-F3C 1 19 5 0 462 -1
30 -2 -9 ML-F3C 0 19 5 0 462 -1
30 -2 -8 ML-F3C 11 18 3 3 460 -1
30 -2 -7 ML-F3C 10 18 3 3 460 -1
30 -2 -6 ML-F3C 9 18 3 3 460 -1
30 -2 -5 MH-F2C 11 17 4 2 461 -1
30 -2 -4 MH-F2C 10 17 4 2 461 -1
30 -2 -3 MH-F1C 8 20 5 1 450 -1
30 -2 -2 MH-T1C 6 20 5 1 450 -1
30 -2 0 MH-T1C 0 20 5 1 342 -1
30 -2 1 MH-F1C 0 18 3 3 268 -1
30 -2 2 MH-F2C 10 17 4 2 269 -1
30 -2 3 MH-F2C 0 21 5 2 258 -1
30 -2 4 ML-F3C 10 21 5 2 258 -1
30 -2 5 ML-F3C 11 21 5 2 258 -1
30 -2 6 ML-F3C 0 22 4 3 257 -1
30 -2 7 ML-F3C 1 22 4 3 257 -1
30 -2 8 ML-F3C 2 22 4 3 257 -1
30 -2 9 ML-B3C 3 22 4 3 257 -1
30 -1 -10 ML-F3C 7 19 5 0 462 -1
30 -1 -9 ML-F3C 6 19 5 0 462 -1
30 -1 -8 ML-F3C 5 19 5 0 462 -1
30 -1 -7 ML-F3C 4 19 5 0 462 -1
30 -1 -6 ML-F3C 3 19 5 0 462 -1
30 -1 -5 MH-F2C 2 18 3 3 460 -1
30 -1 -4 MH-F2C 1 18 3 3 460 -1
30 -1 -3 MH-F1C 0 18 3 3 460 -1
30 -1 2 MH-F1C 8 20 5 1 258 -1
30 -1 3 MH-F2C 10 20 5 1 258 -1
30 -1 4 MH-F2C 11 20 5 1 258 -1
30 -1 5 ML-F3C 5 21 5 2 258 -1
30 -1 6 ML-F3C 6 21 5 2 258 -1
30 -1 7 ML-F3C 7 21 5 2 258 -1
30 -1 8 ML-F3C 8 21 5 2 258 -1
30 -1 9 ML-F3C 9 21 5 2 258 -1
30 0 -8 ML-F3C 10 20 5 1 534 -1
30 0 -7 ML-F3C 9 20 5 1 534 -1
30 0 -6 ML-F3C 8 20 5 1 534 -1
30 0 -5 ML-F3C 7 20 5 1 534 -1
30 0 -4 MH-F2C 3 20 5 1 534 -1
30 0 -3 MH-F2C 2 20 5 1 534 -1
30 0 -2 MH-T1C 0 20 5 1 534 -1
30 0 2 MH-T1C 6 20 5 1 258 -1
30 0 3 MH-F2C 7 20 5 1 258 -1
30 0 4 MH-F2C 9 20 5 1 258 -1
30 0 5 ML-F3C 1 21 5 2 258 -1
30 0 6 ML-F3C 2 21 5 2 258 -1
30 0 7 ML-F3C 3 21 5 2 258 -1
30 0 8 ML-F3C 4 21 5 2 258 -1
30 1 -9 ML-F3C 3 21 5 2 534 -1
30 1 -8 ML-F3C 2 21 5 2 534 -1
30 1 -7 ML-F3C 1 21 5 2 534 -1
30 1 -6 ML-F3C 0 21 5 2 534 -1
30 1 -5 ML-F3C 11 20 5 1 534 -1
30 1 -4 MH-F2C 6 20 5 1 534 -1
30 1 -3 MH-F2C 4 20 5 1 534 -1
30 1 -2 MH-F1C 1 20 5 1 534 -1
30 1 3 MH-F1C 1 17 4 2 137 -1
30 1 4 MH-F2C 2 17 4 2 137 -1
30 1 5 MH-F2C 3 17 4 2 137 -1
30 1 6 ML-F3C 4 18 3 3 136 -1
30 1 7 ML-F3C 5 18 3 3 136 -1
30 1 8 ML-F3C 6 18 3 3 136 -1
30 1 9 ML-F3C 7 18 3 3 136 -1
30 1 10 ML-F3C 8 18 3 3 136 -1
30 2 -9 ML-B3C 9 21 5 2 534 -1
30 2 -8 ML-F3C 8 21 5 2 534 -1
30 2 -7 ML-F3C 7 21 5 2 534 -1
30 2 -6 ML-F3C 6 21 5 2 534 -1
30 2 -5 ML-F3C 5 21 5 2 534 -1
30 2 -4 ML-F3C 4 21 5 2 534 -1
30 2 -3 MH-F2C 5 20 5 1 534 -1
30 2 -2 MH-F2C 11 16 4 1 521 -1
30 2 -1 MH-F1C 1 17 4 2 521 -1
30 2 0 MH-T1C 6 20 5 1 66 -1
30 2 2 MH-T1C 0 20 5 1 150 -1
30 2 3 MH-F1C 1 20 5 1 150 -1
30 2 4 MH-F2C 11 16 4 1 137 -1
30 2 5 MH-F2C 0 17 4 2 137 -1
30 2 6 ML-F3C 10 17 4 2 137 -1
30 2 7 ML-F3C 11 17 4 2 137 -1
30 2 8 ML-F3C 0 18 3 3 136 -1
30 2 9 ML-F3C 1 18 3 3 136 -1
30 2 10 ML-F3C 2 18 3 3 136 -1
30 2 11 ML-T3C 3 18 3 3 136 -1
30 3 -8 ML-53C 2 22 4 3 533 -1
30 3 -7 ML-F3C 1 22 4 3 533 -1
30 3 -6 ML-F3C 0 22 4 3 533 -1
30 3 -5 ML-F3C 11 21 5 2 534 -1
30 3 -4 ML-F3C 10 21 5 2 534 -1
30 3 -3 ML-F3C 4 17 4 2 521 -1
30 3 -2 MH-F2C 0 17 4 2 521 -1
30 3 -1 MH-F2C 2 17 4 2 521 -1
30 3 0 MH-F2C 7 20 5 1 66 -1
30 3 1 MH-F1C 8 20 5 1 66 -1
30 3 2 MH-F1C 0 18 3 3 76 -1
30 3 3 MH-F2C 2 20 5 1 150 -1
30 3 4 MH-F2C 4 20 5 1 150 -1
30 3 5 MH-F2C 5 20 5 1 150 -1
30 3 6 ML-F3C 4 17 4 2 137 -1
30 3 7 ML-F3C 5 17 4 2 137 -1
30 3 8 ML-F3C 6 17 4 2 137 -1
30 3 9 ML-F3C 7 17 4 2 137 -1
30 3 10 ML-F3C 8 17 4 2 137 -1
30 3 11 ML-53C 9 17 4 2 137 -1
30 4 -7 ML-F3C 10 19 5 0 474 -1
30 4 -6 ML-F3C 8 19 5 0 474 -1
30 4 -5 ML-F3C 7 19 5 0 474 -1
30 4 -4 ML-F3C 9 18 3 3 520 -1
30 4 -3 ML-F3C 5 17 4 2 521 -1
30 4 -2 ML-F3C 10 17 4 2 521 -1
30 4 -1 MH-F2C 3 17 4 2 521 -1
30 4 0 MH-F2C 9 20 5 1 66 -1
30 4 1 MH-F2C 10 20 5 1 66 -1
30 4 2 MH-F2C 10 17 4 2 77 -1
30 4 3 MH-F2C 1 18 3 3 76 -1
30 4 4 MH-F2C 3 20 5 1 150 -1
30 4 5 MH-F2C 6 20 5 1 150 -1
30 4 6 ML-F3C 4 21 5 2 150 -1
30 4 7 ML-F3C 10 21 5 2 150 -1
30 4 8 ML-F3C 9 18 3 3 136 -1
30 4 9 ML-F3C 10 18 3 3 136 -1
30 4 10 ML-F3C 11 18 3 3 136 -1
30 4 11 ML-F3C 0 19 5 0 138 -1
30 5 -6 ML-53C 9 19 5 0 474 -1
30 5 -5 ML-F3C 1 19 5 0 522 -1
30 5 -4 ML-F3C 10 18 3 3 520 -1
30 5 -3 ML-F3C 6 17 4 2 521 -1
30 5 -2 ML-F3C 11 17 4 2 521 -1
30 5 -1 ML-F3C 4 18 3 3 520 -1
30 5 0 ML-F3C 1 21 5 2 66 -1
30 5 1 MH-F2C 11 20 5 1 66 -1
30 5 2 MH-F2C 0 21 5 2 66 -1
30 5 3 MH-F2C 11 17 4 2 77 -1
30 5 4 MH-F2C 2 18 3 3 76 -1
30 5 5 ML-F3C 7 20 5 1 150 -1
30 5 6 ML-F3C 11 20 5 1 150 -1
30 5 7 ML-F3C 5 21 5 2 150 -1
30 5 8 ML-F3C 11 21 5 2 150 -1
30 5 9 ML-F3C 7 19 5 0 90 -1
30 5 10 ML-F3C 1 19 5 0 138 -1
30 5 11 ML-53C 2 19 5 0 138 -1
30 6 -5 ML-53C 2 19 5 0 522 -1
30 6 -4 ML-F3C 11 18 3 3 520 -1
30 6 -3 ML-F3C 7 17 4 2 521 -1
30 6 -2 ML-F3C 0 18 3 3 520 -1
30 6 -1 ML-F3C 5 18 3 3 520 -1
30 6 0 ML-F3C 2 21 5 2 66 -1
30 6 1 ML-F3C 5 21 5 2 66 -1
30 6 2 ML-F3C 10 21 5 2 66 -1
30 6 3 ML-F3C 3 18 3 3 76 -1
30 6 4 ML-F3C 9 18 3 3 76 -1
30 6 5 ML-F3C 3 19 5 0 78 -1
30 6 6 ML-F3C 8 20 5 1 150 -1
30 6 7 ML-F3C 0 21 5 2 150 -1
30 6 8 ML-F3C 6 21 5 2 150 -1
30 6 9 ML-F3C 0 22 4 3 149 -1
30 6 10 ML-F3C 8 19 5 0 90 -1
30 6 11 ML-53C 9 19 5 0 90 -1
30 7 -4 ML-F3C 0 19 5 0 522 -1
30 7 -3 ML-F3C 8 17 4 2 521 -1
30 7 -2 ML-F3C 1 18 3 3 520 -1
30 7 -1 ML-F3C 6 18 3 3 520 -1
30 7 0 ML-F3C 3 21 5 2 66 -1
30 7 1 ML-F3C 6 21 5 2 66 -1
30 7 2 ML-F3C 11 21 5 2 66 -1
30 7 3 ML-F3C 4 22 4 3 65 -1
30 7 4 ML-F3C 4 18 3 3 76 -1
30 7 5 ML-F3C 10 18 3 3 76 -1
30 7 6 ML-F3C 4 19 5 0 78 -1
30 7 7 ML-F3C 9 20 5 1 150 -1
30 7 8 ML-F3C 1 21 5 2 150 -1
30 7 9 ML-F3C 7 21 5 2 150 -1
30 7 10 ML-F3C 1 22 4 3 149 -1
30 7 11 ML-F3C 10 19 5 0 90 -1
30 8 -3 ML-53C 9 17 4 2 521 -1
30 8 -2 ML-F3C 2 18 3 3 520 -1
30 8 -1 ML-F3C 7 18 3 3 520 -1
30 8 0 ML-F3C 4 21 5 2 66 -1
30 8 1 ML-F3C 7 21 5 2 66 -1
30 8 2 ML-F3C 0 22 4 3 65 -1
30 8 3 ML-F3C 5 22 4 3 65 -1
30 8 4 ML-F3C 8 19 5 0 78 -1
30 8 5 ML-F3C 5 18 3 3 76 -1
30 8 6 ML-F3C 11 18 3 3 76 -1
30 8 7 ML-F3C 5 19 5 0 78 -1
30 8 8 ML-F3C 10 20 5 1 150 -1
30 8 9 ML-F3C 2 21 5 2 150 -1
30 8 10 ML-F3C 8 21 5 2 150 -1
30 8 11 ML-53C 2 22 4 3 149 -1
30 9 -2 ML-T3C 3 18 3 3 520 -1
30 9 -1 ML-F3C 8 18 3 3 520 -1
30 9 1 ML-F3C 8 21 5 2 66 -1
30 9 2 ML-F3C 1 22 4 3 65 -1
30 9 3 ML-F3C 6 22 4 3 65 -1
30 9 4 ML-F3C 8 16 4 1 17 -1
30 9 5 ML-F3C 9 19 5 0 78 -1
30 9 6 ML-F3C 6 18 3 3 76 -1
30 9 7 ML-F3C 0 19 5 0 78 -1
30 9 8 ML-F3C 6 19 5 0 78 -1
30 9 10 ML-F3C 3 21 5 2 150 -1
30 9 11 ML-B3C 9 21 5 2 150 -1
30 10 1 ML-F3C 9 21 5 2 66 -1
30 10 2 ML-F3C 2 22 4 3 65 -1
30 10 3 ML-F3C 7 22 4 3 65 -1
30 10 4 ML-F3C 9 16 4 1 17 -1
30 10 5 ML-F3C 10 19 5 0 78 -1
30 10 6 ML-F3C 11 19 5 0 78 -1
30 10 7 ML-F3C 7 18 3 3 76 -1
30 10 8 ML-F3C 1 19 5 0 78 -1
30 10 9 ML-F3C 7 19 5 0 78 -1
30 11 2 ML-B3C 3 22 4 3 65 -1
30 11 3 ML-53C 8 22 4 3 65 -1
30 11 4 ML-F3C 10 16 4 1 17 -1
30 11 5 ML-53C 11 16 4 1 17 -1
30 11 6 ML-53C 0 20 5 1 78 -1
30 11 7 ML-F3C 1 20 5 1 78 -1
30 11 8 ML-53C 8 18 3 3 76 -1
30 11 9 ML-T3C 2 19 5 0 78 -1
31 -12 -7 ML-L3C 7 24 6 0 343 -1
31 -12 -5 ML-R3C 3 20 5 1 282 -1
31 -11 -9 ML-T3C 7 23 5 3 342 -1
31 -11 -8 ML-F3C 1 23 5 3 342 -1
31 -11 -7 ML-F3C 4 24 6 0 343 -1
31 -11 -6 ML-53C 6 24 6 0 343 -1
31 -11 -5 ML-53C 1 20 5 1 282 -1
31 -11 -4 ML-F3C 2 20 5 1 282 -1
31 -11 -3 ML-F3C 11 15 4 0 305 -1
31 -11 -2 ML-B3C 6 15 4 0 305 -1
31 -10 -9 ML-F3C 0 24 6 0 343 -1
31 -10 -8 ML-F3C 6 23 5 3 342 -1
31 -10 -7 ML-F3C 0 23 5 3 342 -1
31 -10 -6 ML-F3C 3 24 6 0 343 -1
31 -10 -5 ML-F3C 5 24 6 0 343 -1
31 -10 -4 ML-F3C 0 20 5 1 282 -1
31 -10 -3 ML-F3C 10 15 4 0 305 -1
31 -10 -2 ML-F3C 5 15 4 0 305 -1
31 -10 -1 ML-F3C 0 15 4 0 305 -1
31 -9 -11 ML-B3C 1 21 5 2 438 -1
31 -9 -10 ML-F3C 7 20 5 1 438 -1
31 -9 -8 ML-F3C 11 23 5 3 342 -1
31 -9 -7 ML-F3C 5 23 5 3 342 -1
31 -9 -6 ML-F3C 11 22 4 3 341 -1
31 -9 -5 ML-F3C 2 24 6 0 343 -1
31 -9 -4 ML-F3C 11 19 5 0 282 -1
31 -9 -3 ML-F3C 9 15 4 0 305 -1
31 -9 -2 ML-F3C 4 15 4 0 305 -1
31 -9 -1 ML-F3C 11 14 2 3 303 -1
31 -9 1 ML-F3C 11 22 4 3 245 -1
31 -9 2 ML-T3C 6 22 4 3 245 -1
31 -8 -11 ML-F3C 6 21 5 2 438 -1
31 -8 -10 ML-F3C 0 21 5 2 438 -1
31 -8 -9 ML-F3C 6 20 5 1 438 -1
31 -8 -8 ML-F3C 2 20 5 1 438 -1
31 -8 -7 ML-F3C 10 23 5 3 342 -1
31 -8 -6 ML-F3C 4 23 5 3 342 -1
31 -8 -5 ML-F3C 10 22 4 3 341 -1
31 -8 -4 ML-F3C 1 24 6 0 343 -1
31 -8 -3 ML-F3C 8 15 4 0 305 -1
31 -8 -2 ML-F3C 3 15 4 0 305 -1
31 -8 -1 ML-F3C 10 14 2 3 303 -1
31 -8 0 ML-F3C 7 14 2 3 303 -1
31 -8 1 ML-F3C 10 22 4 3 245 -1
31 -8 2 ML-F3C 5 22 4 3 245 -1
31 -8 3 ML-F3C 0 22 4 3 245 -1
31 -7 -12 ML-R3C 4 17 4 2 401 -1
31 -7 -11 ML-F3C 2 17 4 2 401 -1
31 -7 -10 ML-F3C 5 21 5 2 438 -1
31 -7 -9 ML-F3C 11 20 5 1 438 -1
31 -7 -8 ML-F3C 5 20 5 1 438 -1
31 -7 -7 ML-F3C 1 20 5 1 438 -1
31 -7 -6 ML-F3C 9 23 5 3 342 -1
31 -7 -5 ML-F3C 3 23 5 3 342 -1
31 -7 -4 ML-F3C 9 22 4 3 341 -1
31 -7 -3 ML-F3C 7 15 4 0 305 -1
31 -7 -2 ML-F3C 2 15 4 0 305 -1
31 -7 -1 ML-F3C 9 14 2 3 303 -1
31 -7 0 ML-F3C 6 14 2 3 303 -1
31 -7 1 ML-F3C 9 22 4 3 245 -1
31 -7 2 ML-F3C 4 22 4 3 245 -1
31 -7 3 ML-F3C 11 21 5 2 246 -1
31 -7 4 ML-F3C 5 23 5 3 246 -1
31 -7 5 ML-L3C 6 23 5 3 246 -1
31 -6 -11 ML-53C 3 17 4 2 401 -1
31 -6 -10 ML-F3C 1 17 4 2 401 -1
31 -6 -9 ML-F3C 4 21 5 2 438 -1
31 -6 -8 ML-F3C 10 20 5 1 438 -1
31 -6 -7 ML-F3C 4 20 5 1 438 -1
31 -6 -6 ML-F3C 0 20 5 1 438 -1
31 -6 -5 ML-F3C 8 23 5 3 342 -1
31 -6 -4 ML-F3C 2 23 5 3 342 -1
31 -6 -3 ML-F3C 8 22 4 3 341 -1
31 -6 -2 ML-F3C 1 15 4 0 305 -1
31 -6 -1 ML-F3C 8 14 2 3 303 -1
31 -6 0 ML-F3C 5 14 2 3 303 -1
31 -6 1 ML-F3C 8 22 4 3 245 -1
31 -6 2 ML-F3C 3 22 4 3 245 -1
31 -6 3 ML-F3C 10 21 5 2 246 -1
31 -6 4 ML-F3C 3 23 5 3 246 -1
31 -6 5 ML-53C 4 23 5 3 246 -1
31 -5 -12 ML-L3C 6 23 5 3 438 -1
31 -5 -11 ML-53C 4 23 5 3 438 -1
31 -5 -10 ML-F3C 2 23 5 3 438 -1
31 -5 -9 ML-F3C 0 17 4 2 401 -1
31 -5 -8 ML-F3C 3 21 5 2 438 -1
31 -5 -7 ML-F3C 9 20 5 1 438 -1
31 -5 -6 ML-F3C 3 20 5 1 438 -1
31 -5 -5 ML-F3C 11 19 5 0 438 -1
31 -5 -4 MH-F2C 7 22 4 3 341 -1
31 -5 -3 MH-F2C 4 22 4 3 341 -1
31 -5 -2 MH-F2C 2 14 2 3 303 -1
31 -5 -1 MH-F2C 3 14 2 3 303 -1
31 -5 0 ML-F3C 4 14 2 3 303 -1
31 -5 1 ML-F3C 7 22 4 3 245 -1
31 -5 2 ML-F3C 2 22 4 3 245 -1
31 -5 3 ML-F3C 9 21 5 2 246 -1
31 -5 4 ML-F3C 1 23 5 3 246 -1
31 -5 5 ML-F3C 2 23 5 3 246 -1
31 -5 6 ML-53C 3 17 4 2 209 -1
31 -5 7 ML-R3C 4 17 4 2 209 -1
31 -4 -11 ML-F3C 5 23 5 3 438 -1
31 -4 -10 ML-F3C 3 23 5 3 438 -1
31 -4 -9 ML-F3C 1 23 5 3 438 -1
31 -4 -8 ML-F3C 0 23 5 3 438 -1
31 -4 -7 ML-F3C 2 21 5 2 438 -1
31 -4 -6 ML-F3C 8 20 5 1 438 -1
31 -4 -5 MH-F2C 4 19 5 0 438 -1
31 -4 -4 MH-F2C 2 19 5 0 438 -1
31 -4 -3 MH-F2C 6 22 4 3 341 -1
31 -4 -2 MH-F2C 3 22 4 3 341 -1
31 -4 -1 MH-F2C 1 14 2 3 303 -1
31 -4 0 MH-F2C 0 14 2 3 303 -1
31 -4 1 MH-F2C 10 19 5 0 246 -1
31 -4 2 ML-F3C 1 22 4 3 245 -1
31 -4 3 ML-F3C 8 21 5 2 246 -1
31 -4 4 ML-F3C 0 23 5 3 246 -1
31 -4 5 ML-F3C 0 17 4 2 209 -1
31 -4 6 ML-F3C 1 17 4 2 209 -1
31 -4 7 ML-F3C 2 17 4 2 209 -1
31 -3 -11 ML-F3C 0 22 4 3 437 -1
31 -3 -10 ML-F3C 11 21 5 2 438 -1
31 -3 -9 ML-F3C 10 21 5 2 438 -1
31 -3 -8 ML-F3C 9 21 5 2 438 -1
31 -3 -7 ML-F3C 8 21 5 2 438 -1
31 -3 -6 ML-F3C 7 21 5 2 438 -1
31 -3 -5 MH-F2C 5 19 5 0 438 -1
31 -3 -4 MH-F2C 3 19 5 0 438 -1
31 -3 -3 MH-F2C 0 19 5 0 438 -1
31 -3 -2 MH-F2C 5 22 4 3 341 -1
31 -3 -1 MH-F2C 10 13 3 2 304 -1
31 -3 0 MH-F2C 11 13 3 2 304 -1
31 -3 1 MH-F2C 9 19 5 0 246 -1
31 -3 2 MH-F2C 7 19 5 0 246 -1
31 -3 3 ML-F3C 7 21 5 2 246 -1
31 -3 4 ML-F3C 2 21 5 2 246 -1
31 -3 5 ML-F3C 3 21 5 2 246 -1
31 -3 6 ML-F3C 4 21 5 2 246 -1
31 -3 7 ML-F3C 5 21 5 2 246 -1
31 -3 8 ML-F3C 6 21 5 2 246 -1
31 -2 -11 ML-T3C 6 22 4 3 437 -1
31 -2 -10 ML-F3C 5 22 4 3 437 -1
31 -2 -9 ML-F3C 4 22 4 3 437 -1
31 -2 -8 ML-F3C 3 22 4 3 437 -1
31 -2 -7 ML-F3C 2 22 4 3 437 -1
31 -2 -6 ML-F3C 1 22 4 3 437 -1
31 -2 -5 MH-F2C 7 19 5 0 438 -1
31 -2 -4 MH-F2C 6 19 5 0 438 -1
31 -2 -3 MH-F2C 1 19 5 0 438 -1
31 -2 -2 MH-T2C 11 18 3 3 436 -1
31 -2 0 MH-T2C 9 13 3 2 304 -1
31 -2 1 MH-F2C 8 19 5 0 246 -1
31 -2 2 MH-F2C 6 19 5 0 246 -1
31 -2 3 MH-F2C 5 19 5 0 246 -1
31 -2 4 ML-F3C 8 20 5 1 246 -1
31 -2 5 ML-F3C 9 20 5 1 246 -1
31 -2 6 ML-F3C 10 20 5 1 246 -1
31 -2 7 ML-F3C 11 20 5 1 246 -1
31 -2 8 ML-F3C 0 21 5 2 246 -1
31 -2 9 ML-B3C 1 21 5 2 246 -1
31 -1 -10 ML-F3C 11 22 4 3 437 -1
31 -1 -9 ML-F3C 10 22 4 3 437 -1
31 -1 -8 ML-F3C 9 22 4 3 437 -1
31 -1 -7 ML-F3C 8 22 4 3 437 -1
31 -1 -6 ML-F3C 7 22 4 3 437 -1
31 -1 -5 MH-F2C 10 19 5 0 438 -1
31 -1 -4 MH-F2C 9 19 5 0 438 -1
31 -1 -3 MH-F2C 8 19 5 0 438 -1
31 -1 2 MH-F2C 1 19 5 0 246 -1
31 -1 3 MH-F2C 3 19 5 0 246 -1
31 -1 4 MH-F2C 4 19 5 0 246 -1
31 -1 5 ML-F3C 3 20 5 1 246 -1
31 -1 6 ML-F3C 4 20 5 1 246 -1
31 -1 7 ML-F3C 5 20 5 1 246 -1
31 -1 8 ML-F3C 6 20 5 1 246 -1
31 -1 9 ML-F3C 7 20 5 1 246 -1
31 0 -8 ML-F3C 7 14 2 3 495 -1
31 0 -7 ML-F3C 6 14 2 3 495 -1
31 0 -6 ML-F3C 5 14 2 3 495 -1
31 0 -5 ML-F3C 4 14 2 3 495 -1
31 0 -4 MH-F2C 0 14 2 3 495 -1
31 0 -3 MH-F2C 11 13 3 2 496 -1
31 0 -2 MH-T2C 9 13 3 2 496 -1
31 0 2 MH-T2C 11 18 3 3 244 -1
31 0 3 MH-F2C 0 19 5 0 246 -1
31 0 4 MH-F2C 2 19 5 0 246 -1
31 0 5 ML-F3C 11 19 5 0 246 -1
31 0 6 ML-F3C 0 20 5 1 246 -1
31 0 7 ML-F3C 1 20 5 1 246 -1
31 0 8 ML-F3C 2 20 5 1 246 -1
31 1 -9 ML-F3C 0 15 4 0 497 -1
31 1 -8 ML-F3C 11 14 2 3 495 -1
31 1 -7 ML-F3C 10 14 2 3 495 -1
31 1 -6 ML-F3C 9 14 2 3 495 -1
31 1 -5 ML-F3C 8 14 2 3 495 -1
31 1 -4 MH-F2C 3 14 2 3 495 -1
31 1 -3 MH-F2C 1 14 2 3 495 -1
31 1 -2 MH-F2C 10 13 3 2 496 -1
31 1 3 MH-F2C 5 22 4 3 149 -1
31 1 4 MH-F2C 6 22 4 3 149 -1
31 1 5 MH-F2C 7 22 4 3 149 -1
31 1 6 ML-F3C 8 23 5 3 150 -1
31 1 7 ML-F3C 9 23 5 3 150 -1
31 1 8 ML-F3C 10 23 5 3 150 -1
31 1 9 ML-F3C 11 23 5 3 150 -1
31 1 10 ML-F3C 0 24 6 0 151 -1
31 2 -9 ML-B3C 6 15 4 0 497 -1
31 2 -8 ML-F3C 5 15 4 0 497 -1
31 2 -7 ML-F3C 4 15 4 0 497 -1
31 2 -6 ML-F3C 3 15 4 0 497 -1
31 2 -5 ML-F3C 2 15 4 0 497 -1
31 2 -4 ML-F3C 1 15 4 0 497 -1
31 2 -3 MH-F2C 2 14 2 3 495 -1
31 2 -2 MH-F2C 3 22 4 3 533 -1
31 2 -1 MH-F2C 5 22 4 3 533 -1
31 2 0 MH-T2C 11 18 3 3 52 -1
31 2 2 MH-T2C 9 13 3 2 112 -1
31 2 3 MH-F2C 10 13 3 2 112 -1
31 2 4 MH-F2C 3 22 4 3 149 -1
31 2 5 MH-F2C 4 22 4 3 149 -1
31 2 6 ML-F3C 2 23 5 3 150 -1
31 2 7 ML-F3C 3 23 5 3 150 -1
31 2 8 ML-F3C 4 23 5 3 150 -1
31 2 9 ML-F3C 5 23 5 3 150 -1
31 2 10 ML-F3C 6 23 5 3 150 -1
31 2 11 ML-T3C 7 23 5 3 150 -1
31 3 -8 ML-F3C 11 15 4 0 497 -1
31 3 -7 ML-F3C 10 15 4 0 497 -1
31 3 -6 ML-F3C 9 15 4 0 497 -1
31 3 -5 ML-F3C 8 15 4 0 497 -1
31 3 -4 ML-F3C 7 15 4 0 497 -1
31 3 -3 ML-F3C 8 22 4 3 533 -1
31 3 -2 MH-F2C 4 22 4 3 533 -1
31 3 -1 MH-F2C 6 22 4 3 533 -1
31 3 0 MH-F2C 0 19 5 0 54 -1
31 3 1 MH-F2C 1 19 5 0 54 -1
31 3 2 MH-F2C 8 19 5 0 54 -1
31 3 3 MH-F2C 11 13 3 2 112 -1
31 3 4 MH-F2C 1 14 2 3 111 -1
31 3 5 MH-F2C 2 14 2 3 111 -1
31 3 6 ML-F3C 8 22 4 3 149 -1
31 3 7 ML-F3C 9 22 4 3 149 -1
31 3 8 ML-F3C 10 22 4 3 149 -1
31 3 9 ML-F3C 11 22 4 3 149 -1
31 3 10 ML-F3C 0 23 5 3 150 -1
31 3 11 ML-F3C 1 23 5 3 150 -1
31 4 -7 ML-F3C 2 20 5 1 474 -1
31 4 -6 ML-F3C 0 20 5 1 474 -1
31 4 -5 ML-F3C 11 19 5 0 474 -1
31 4 -4 ML-F3C 1 24 6 0 535 -1
31 4 -3 ML-F3C 9 22 4 3 533 -1
31 4 -2 ML-F3C 2 23 5 3 534 -1
31 4 -1 MH-F2C 7 22 4 3 533 -1
31 4 0 MH-F2C 2 19 5 0 54 -1
31 4 1 MH-F2C 3 19 5 0 54 -1
31 4 2 MH-F2C 6 19 5 0 54 -1
31 4 3 MH-F2C 9 19 5 0 54 -1
31 4 4 MH-F2C 0 14 2 3 111 -1
31 4 5 MH-F2C 3 14 2 3 111 -1
31 4 6 ML-F3C 1 15 4 0 113 -1
31 4 7 ML-F3C 7 15 4 0 113 -1
31 4 8 ML-F3C 1 24 6 0 151 -1
31 4 9 ML-F3C 2 24 6 0 151 -1
31 4 10 ML-F3C 3 24 6 0 151 -1
31 4 11 ML-F3C 4 24 6 0 151 -1
31 5 -7 ML-R3C 3 20 5 1 474 -1
31 5 -6 ML-53C 1 20 5 1 474 -1
31 5 -5 ML-F3C 5 24 6 0 535 -1
31 5 -4 ML-F3C 2 24 6 0 535 -1
31 5 -3 ML-F3C 10 22 4 3 533 -1
31 5 -2 ML-F3C 3 23 5 3 534 -1
31 5 -1 ML-F3C 8 23 5 3 534 -1
31 5 0 ML-F3C 11 19 5 0 54 -1
31 5 1 MH-F2C 4 19 5 0 54 -1
31 5 2 MH-F2C 5 19 5 0 54 -1
31 5 3 MH-F2C 7 19 5 0 54 -1
31 5 4 MH-F2C 10 19 5 0 54 -1
31 5 5 ML-F3C 4 14 2 3 111 -1
31 5 6 ML-F3C 8 14 2 3 111 -1
31 5 7 ML-F3C 2 15 4 0 113 -1
31 5 8 ML-F3C 8 15 4 0 113 -1
31 5 9 ML-F3C 11 19 5 0 90 -1
31 5 10 ML-F3C 5 24 6 0 151 -1
31 5 11 ML-53C 6 24 6 0 151 -1
31 5 12 ML-L3C 7 24 6 0 151 -1
31 6 -5 ML-53C 6 24 6 0 535 -1
31 6 -4 ML-F3C 3 24 6 0 535 -1
31 6 -3 ML-F3C 11 22 4 3 533 -1
31 6 -2 ML-F3C 4 23 5 3 534 -1
31 6 -1 ML-F3C 9 23 5 3 534 -1
31 6 0 ML-F3C 0 20 5 1 54 -1
31 6 1 ML-F3C 3 20 5 1 54 -1
31 6 2 ML-F3C 8 20 5 1 54 -1
31 6 3 ML-F3C 7 21 5 2 54 -1
31 6 4 ML-F3C 1 22 4 3 53 -1
31 6 5 ML-F3C 7 22 4 3 53 -1
31 6 6 ML-F3C 5 14 2 3 111 -1
31 6 7 ML-F3C 9 14 2 3 111 -1
31 6 8 ML-F3C 3 15 4 0 113 -1
31 6 9 ML-F3C 9 15 4 0 113 -1
31 6 10 ML-F3C 0 20 5 1 90 -1
31 6 11 ML-53C 1 20 5 1 90 -1
31 7 -5 ML-L3C 7 24 6 0 535 -1
31 7 -4 ML-F3C 4 24 6 0 535 -1
31 7 -3 ML-F3C 0 23 5 3 534 -1
31 7 -2 ML-F3C 5 23 5 3 534 -1
31 7 -1 ML-F3C 10 23 5 3 534 -1
31 7 0 ML-F3C 1 20 5 1 54 -1
31 7 1 ML-F3C 4 20 5 1 54 -1
31 7 2 ML-F3C 9 20 5 1 54 -1
31 7 3 ML-F3C 2 21 5 2 54 -1
31 7 4 ML-F3C 8 21 5 2 54 -1
31 7 5 ML-F3C 2 22 4 3 53 -1
31 7 6 ML-F3C 8 22 4 3 53 -1
31 7 7 ML-F3C 6 14 2 3 111 -1
31 7 8 ML-F3C 10 14 2 3 111 -1
31 7 9 ML-F3C 4 15 4 0 113 -1
31 7 10 ML-F3C 10 15 4 0 113 -1
31 7 11 ML-F3C 2 20 5 1 90 -1
31 7 12 ML-R3C 3 20 5 1 90 -1
31 8 -3 ML-F3C 1 23 5 3 534 -1
31 8 -2 ML-F3C 6 23 5 3 534 -1
31 8 -1 ML-F3C 11 23 5 3 534 -1
31 8 0 ML-F3C 2 20 5 1 54 -1
31 8 1 ML-F3C 5 20 5 1 54 -1
31 8 2 ML-F3C 10 20 5 1 54 -1
31 8 3 ML-F3C 3 21 5 2 54 -1
31 8 4 ML-F3C 0 23 5 3 54 -1
31 8 5 ML-F3C 9 21 5 2 54 -1
31 8 6 ML-F3C 3 22 4 3 53 -1
31 8 7 ML-F3C 9 22 4 3 53 -1
31 8 8 ML-F3C 7 14 2 3 111 -1
31 8 9 ML-F3C 11 14 2 3 111 -1
31 8 10 ML-F3C 5 15 4 0 113 -1
31 8 11 ML-F3C 11 15 4 0 113 -1
31 9 -2 ML-T3C 7 23 5 3 534 -1
31 9 -1 ML-F3C 0 24 6 0 535 -1
31 9 1 ML-F3C 6 20 5 1 54 -1
31 9 2 ML-F3C 11 20 5 1 54 -1
31 9 3 ML-F3C 4 21 5 2 54 -1
31 9 4 ML-F3C 0 17 4 2 17 -1
31 9 5 ML-F3C 1 23 5 3 54 -1
31 9 6 ML-F3C 10 21 5 2 54 -1
31 9 7 ML-F3C 4 22 4 3 53 -1
31 9 8 ML-F3C 10 22 4 3 53 -1
31 9 10 ML-F3C 0 15 4 0 113 -1
31 9 11 ML-B3C 6 15 4 0 113 -1
31 10 1 ML-F3C 7 20 5 1 54 -1
31 10 2 ML-F3C 0 21 5 2 54 -1
31 10 3 ML-F3C 5 21 5 2 54 -1
31 10 4 ML-F3C 1 17 4 2 17 -1
31 10 5 ML-F3C 2 23 5 3 54 -1
31 10 6 ML-F3C 3 23 5 3 54 -1
31 10 7 ML-F3C 11 21 5 2 54 -1
31 10 8 ML-F3C 5 22 4 3 53 -1
31 10 9 ML-F3C 11 22 4 3 53 -1
31 11 2 ML-B3C 1 21 5 2 54 -1
31 11 3 ML-F3C 6 21 5 2 54 -1
31 11 4 ML-F3C 2 17 4 2 17 -1
31 11 5 ML-53C 3 17 4 2 17 -1
31 11 6 ML-53C 4 23 5 3 54 -1
31 11 7 ML-F3C 5 23 5 3 54 -1
31 11 8 ML-F3C 0 22 4 3 53 -1
31 11 9 ML-T3C 6 22 4 3 53 -1
31 12 5 ML-R3C 4 17 4 2 17 -1
31 12 7 ML-L3C 6 23 5 3 54 -1
32 -12 -9 ML-T3C 8 22 4 3 329 -1
32 -12 -8 ML-53C 1 24 6 0 331 -1
32 -12 -7 ML-53C 6 20 5 1 282 -1
32 -12 -5 ML-53C 4 18 3 3 292 -1
32 -12 -4 ML-53C 5 18 3 3 292 -1
32 -12 -3 ML-B3C 1 22 4 3 329 -1
32 -11 -10 ML-T3C 8 23 5 3 330 -1
32 -11 -9 ML-F3C 2 23 5 3 330 -1
32 -11 -8 ML-F3C 7 22 4 3 329 -1
32 -11 -7 ML-F3C 0 24 6 0 331 -1
32 -11 -6 ML-F3C 5 20 5 1 282 -1
32 -11 -5 ML-F3C 2 18 3 3 292 -1
32 -11 -4 ML-F3C 3 18 3 3 292 -1
32 -11 -3 ML-F3C 0 22 4 3 329 -1
32 -11 -2 ML-F3C 7 21 5 2 330 -1
32 -11 -1 ML-B3C 1 21 5 2 330 -1
32 -10 -11 ML-B3C 10 18 3 3 400 -1
32 -10 -9 ML-F3C 7 23 5 3 330 -1
32 -10 -8 ML-F3C 1 23 5 3 330 -1
32 -10 -7 ML-F3C 6 22 4 3 329 -1
32 -10 -6 ML-F3C 11 23 5 3 330 -1
32 -10 -5 ML-F3C 4 20 5 1 282 -1
32 -10 -4 ML-F3C 1 18 3 3 292 -1
32 -10 -3 ML-F3C 11 21 5 2 330 -1
32 -10 -2 ML-F3C 6 21 5 2 330 -1
32 -10 -1 ML-F3C 0 21 5 2 330 -1
32 -10 1 ML-T3C 8 24 6 0 259 -1
32 -9 -12 ML-B3C 10 19 5 0 402 -1
32 -9 -11 ML-F3C 4 19 5 0 402 -1
32 -9 -10 ML-F3C 9 18 3 3 400 -1
32 -9 -9 ML-F3C 4 18 3 3 400 -1
32 -9 -8 ML-F3C 6 23 5 3 330 -1
32 -9 -7 ML-F3C 0 23 5 3 330 -1
32 -9 -6 ML-F3C 5 22 4 3 329 -1
32 -9 -5 ML-F3C 10 23 5 3 330 -1
32 -9 -4 ML-F3C 0 18 3 3 292 -1
32 -9 -3 ML-F3C 10 21 5 2 330 -1
32 -9 -2 ML-F3C 5 21 5 2 330 -1
32 -9 -1 ML-F3C 11 20 5 1 330 -1
32 -9 0 ML-F3C 7 20 5 1 330 -1
32 -9 1 ML-F3C 7 24 6 0 259 -1
32 -9 2 ML-F3C 2 24 6 0 259 -1
32 -9 3 ML-T3C 8 23 5 3 258 -1
32 -8 -12 ML-53C 0 17 4 2 413 -1
32 -8 -11 ML-F3C 9 19 5 0 402 -1
32 -8 -10 ML-F3C 3 19 5 0 402 -1
32 -8 -9 ML-F3C 8 18 3 3 400 -1
32 -8 -8 ML-F3C 3 18 3 3 400 -1
32 -8 -7 ML-F3C 5 23 5 3 330 -1
32 -8 -6 ML-F3C 11 22 4 3 329 -1
32 -8 -5 ML-F3C 4 22 4 3 329 -1
32 -8 -4 ML-F3C 9 23 5 3 330 -1
32 -8 -3 ML-F3C 9 21 5 2 330 -1
32 -8 -2 ML-F3C 4 21 5 2 330 -1
32 -8 -1 ML-F3C 10 20 5 1 330 -1
32 -8 0 ML-F3C 6 20 5 1 330 -1
32 -8 1 ML-F3C 6 24 6 0 259 -1
32 -8 2 ML-F3C 1 24 6 0 259 -1
32 -8 3 ML-F3C 7 23 5 3 258 -1
32 -8 4 ML-53C 1 25 6 1 259 -1
32 -7 -12 ML-53C 1 17 4 2 413 -1
32 -7 -11 ML-F3C 10 16 4 1 413 -1
32 -7 -10 ML-F3C 8 19 5 0 402 -1
32 -7 -9 ML-F3C 2 19 5 0 402 -1
32 -7 -8 ML-F3C 7 18 3 3 400 -1
32 -7 -7 ML-F3C 2 18 3 3 400 -1
32 -7 -6 ML-F3C 4 23 5 3 330 -1
32 -7 -5 ML-F3C 10 22 4 3 329 -1
32 -7 -4 ML-F3C 3 22 4 3 329 -1
32 -7 -3 ML-F3C 8 21 5 2 330 -1
32 -7 -2 ML-F3C 3 21 5 2 330 -1
32 -7 -1 ML-F3C 9 20 5 1 330 -1
32 -7 0 ML-F3C 5 20 5 1 330 -1
32 -7 1 ML-F3C 5 24 6 0 259 -1
32 -7 2 ML-F3C 0 24 6 0 259 -1
32 -7 3 ML-F3C 6 23 5 3 258 -1
32 -7 4 ML-F3C 0 25 6 1 259 -1
32 -7 5 ML-53C 2 21 5 2 198 -1
32 -6 -11 ML-F3C 11 16 4 1 413 -1
32 -6 -10 ML-F3C 9 16 4 1 413 -1
32 -6 -9 ML-F3C 7 19 5 0 402 -1
32 -6 -8 ML-F3C 1 19 5 0 402 -1
32 -6 -7 ML-F3C 6 18 3 3 400 -1
32 -6 -6 ML-F3C 1 18 3 3 400 -1
32 -6 -5 ML-F3C 3 23 5 3 330 -1
32 -6 -4 ML-F3C 9 22 4 3 329 -1
32 -6 -3 ML-F3C 2 22 4 3 329 -1
32 -6 -2 ML-F3C 2 21 5 2 330 -1
32 -6 -1 ML-F3C 8 20 5 1 330 -1
32 -6 0 ML-F3C 4 20 5 1 330 -1
32 -6 1 ML-F3C 4 24 6 0 259 -1
32 -6 2 ML-F3C 11 23 5 3 258 -1
32 -6 3 ML-F3C 5 23 5 3 258 -1
32 -6 4 ML-F3C 11 24 6 0 259 -1
32 -6 5 ML-F3C 1 21 5 2 198 -1
32 -5 -12 ML-53C 2 21 5 2 390 -1
32 -5 -11 ML-F3C 1 21 5 2 390 -1
32 -5 -10 ML-F3C 0 21 5 2 390 -1
32 -5 -9 ML-F3C 8 16 4 1 413 -1
32 -5 -8 ML-F3C 6 19 5 0 402 -1
32 -5 -7 ML-F3C 0 19 5 0 402 -1
32 -5 -6 ML-F3C 5 18 3 3 400 -1
32 -5 -5 ML-F3C 0 18 3 3 400 -1
32 -5 -4 MH-F2C 2 20 5 1 330 -1
32 -5 -3 MH-F2C 11 19 5 0 330 -1
32 -5 -2 MH-F2C 8 19 5 0 330 -1
32 -5 -1 MH-F2C 9 19 5 0 330 -1
32 -5 0 ML-F3C 3 20 5 1 330 -1
32 -5 1 ML-F3C 3 24 6 0 259 -1
32 -5 2 ML-F3C 10 23 5 3 258 -1
32 -5 3 ML-F3C 4 23 5 3 258 -1
32 -5 4 ML-F3C 10 24 6 0 259 -1
32 -5 5 ML-F3C 0 21 5 2 198 -1
32 -5 6 ML-F3C 11 16 4 1 221 -1
32 -5 7 ML-53C 1 17 4 2 221 -1
32 -4 -12 ML-53C 1 25 6 1 451 -1
32 -4 -11 ML-F3C 0 25 6 1 451 -1
32 -4 -10 ML-F3C 11 24 6 0 451 -1
32 -4 -9 ML-F3C 10 24 6 0 451 -1
32 -4 -8 ML-F3C 9 24 6 0 451 -1
32 -4 -7 ML-F3C 5 19 5 0 402 -1
32 -4 -6 ML-F3C 11 18 3 3 400 -1
32 -4 -5 MH-F2C 10 17 4 2 401 -1
32 -4 -4 MH-F2C 8 17 4 2 401 -1
32 -4 -3 MH-F2C 1 20 5 1 330 -1
32 -4 -2 MH-F2C 10 19 5 0 330 -1
32 -4 -1 MH-F2C 7 19 5 0 330 -1
32 -4 0 MH-F2C 6 19 5 0 330 -1
32 -4 1 MH-F2C 1 23 5 3 258 -1
32 -4 2 ML-F3C 9 23 5 3 258 -1
32 -4 3 ML-F3C 3 23 5 3 258 -1
32 -4 4 ML-F3C 9 24 6 0 259 -1
32 -4 5 ML-F3C 8 16 4 1 221 -1
32 -4 6 ML-F3C 9 16 4 1 221 -1
32 -4 7 ML-F3C 10 16 4 1 221 -1
32 -4 8 ML-53C 0 17 4 2 221 -1
32 -3 -12 ML-T3C 8 23 5 3 450 -1
32 -3 -11 ML-F3C 7 23 5 3 450 -1
32 -3 -10 ML-F3C 6 23 5 3 450 -1
32 -3 -9 ML-F3C 5 23 5 3 450 -1
32 -3 -8 ML-F3C 4 23 5 3 450 -1
32 -3 -7 ML-F3C 3 23 5 3 450 -1
32 -3 -6 ML-F3C 2 23 5 3 450 -1
32 -3 -5 MH-F2C 11 17 4 2 401 -1
32 -3 -4 MH-F2C 9 17 4 2 401 -1
32 -3 -3 MH-F2C 6 17 4 2 401 -1
32 -3 -2 MH-F2C 0 20 5 1 330 -1
32 -3 -1 MH-F2C 4 19 5 0 330 -1
32 -3 0 MH-F2C 5 19 5 0 330 -1
32 -3 1 MH-F2C 0 23 5 3 258 -1
32 -3 2 MH-F2C 10 22 4 3 257 -1
32 -3 3 ML-F3C 2 23 5 3 258 -1
32 -3 4 ML-F3C 5 19 5 0 210 -1
32 -3 5 ML-F3C 6 19 5 0 210 -1
32 -3 6 ML-F3C 7 19 5 0 210 -1
32 -3 7 ML-F3C 8 19 5 0 210 -1
32 -3 8 ML-F3C 9 19 5 0 210 -1
32 -3 9 ML-B3C 10 19 5 0 210 -1
32 -2 -11 ML-F3C 2 24 6 0 451 -1
32 -2 -10 ML-F3C 1 24 6 0 451 -1
32 -2 -9 ML-F3C 0 24 6 0 451 -1
32 -2 -8 ML-F3C 11 23 5 3 450 -1
32 -2 -7 ML-F3C 10 23 5 3 450 -1
32 -2 -6 ML-F3C 9 23 5 3 450 -1
32 -2 -5 MH-F2C 10 22 4 3 449 -1
32 -2 -4 MH-F2C 9 22 4 3 449 -1
32 -2 -3 MH-F2C 7 17 4 2 401 -1
32 -2 -2 MH-T2C 5 17 4 2 401 -1
32 -2 0 MH-T2C 3 19 5 0 330 -1
32 -2 1 MH-F2C 11 22 4 3 257 -1
32 -2 2 MH-F2C 9 22 4 3 257 -1
32 -2 3 MH-F2C 11 17 4 2 209 -1
32 -2 4 ML-F3C 11 18 3 3 208 -1
32 -2 5 ML-F3C 0 19 5 0 210 -1
32 -2 6 ML-F3C 1 19 5 0 210 -1
32 -2 7 ML-F3C 2 19 5 0 210 -1
32 -2 8 ML-F3C 3 19 5 0 210 -1
32 -2 9 ML-F3C 4 19 5 0 210 -1
32 -1 -11 ML-T3C 8 24 6 0 451 -1
32 -1 -10 ML-F3C 7 24 6 0 451 -1
32 -1 -9 ML-F3C 6 24 6 0 451 -1
32 -1 -8 ML-F3C 5 24 6 0 451 -1
32 -1 -7 ML-F3C 4 24 6 0 451 -1
32 -1 -6 ML-F3C 3 24 6 0 451 -1
32 -1 -5 MH-F2C 1 23 5 3 450 -1
32 -1 -4 MH-F2C 0 23 5 3 450 -1
32 -1 -3 MH-F2C 11 22 4 3 449 -1
32 -1 2 MH-F2C 7 17 4 2 209 -1
32 -1 3 MH-F2C 9 17 4 2 209 -1
32 -1 4 MH-F2C 10 17 4 2 209 -1
32 -1 5 ML-F3C 5 18 3 3 208 -1
32 -1 6 ML-F3C 6 18 3 3 208 -1
32 -1 7 ML-F3C 7 18 3 3 208 -1
32 -1 8 ML-F3C 8 18 3 3 208 -1
32 -1 9 ML-F3C 9 18 3 3 208 -1
32 -1 10 ML-B3C 10 18 3 3 208 -1
32 0 -9 ML-F3C 7 20 5 1 522 -1
32 0 -8 ML-F3C 6 20 5 1 522 -1
32 0 -7 ML-F3C 5 20 5 1 522 -1
32 0 -6 ML-F3C 4 20 5 1 522 -1
32 0 -5 ML-F3C 3 20 5 1 522 -1
32 0 -4 MH-F2C 6 19 5 0 522 -1
32 0 -3 MH-F2C 5 19 5 0 522 -1
32 0 -2 MH-T2C 3 19 5 0 522 -1
32 0 2 MH-T2C 5 17 4 2 209 -1
32 0 3 MH-F2C 6 17 4 2 209 -1
32 0 4 MH-F2C 8 17 4 2 209 -1
32 0 5 ML-F3C 0 18 3 3 208 -1
32 0 6 ML-F3C 1 18 3 3 208 -1
32 0 7 ML-F3C 2 18 3 3 208 -1
32 0 8 ML-F3C 3 18 3 3 208 -1
32 0 9 ML-F3C 4 18 3 3 208 -1
32 1 -10 ML-B3C 1 21 5 2 522 -1
32 1 -9 ML-F3C 0 21 5 2 522 -1
32 1 -8 ML-F3C 11 20 5 1 522 -1
32 1 -7 ML-F3C 10 20 5 1 522 -1
32 1 -6 ML-F3C 9 20 5 1 522 -1
32 1 -5 ML-F3C 8 20 5 1 522 -1
32 1 -4 MH-F2C 9 19 5 0 522 -1
32 1 -3 MH-F2C 7 19 5 0 522 -1
32 1 -2 MH-F2C 4 19 5 0 522 -1
32 1 3 MH-F2C 0 20 5 1 138 -1
32 1 4 MH-F2C 1 20 5 1 138 -1
32 1 5 MH-F2C 2 20 5 1 138 -1
32 1 6 ML-F3C 3 23 5 3 138 -1
32 1 7 ML-F3C 4 23 5 3 138 -1
32 1 8 ML-F3C 5 23 5 3 138 -1
32 1 9 ML-F3C 6 23 5 3 138 -1
32 1 10 ML-F3C 7 23 5 3 138 -1
32 1 11 ML-T3C 8 23 5 3 138 -1
32 2 -9 ML-F3C 7 21 5 2 522 -1
32 2 -8 ML-F3C 6 21 5 2 522 -1
32 2 -7 ML-F3C 5 21 5 2 522 -1
32 2 -6 ML-F3C 4 21 5 2 522 -1
32 2 -5 ML-F3C 3 21 5 2 522 -1
32 2 -4 ML-F3C 2 21 5 2 522 -1
32 2 -3 MH-F2C 8 19 5 0 522 -1
32 2 -2 MH-F2C 10 19 5 0 522 -1
32 2 -1 MH-F2C 0 20 5 1 522 -1
32 2 0 MH-T2C 5 17 4 2 17 -1
32 2 2 MH-T2C 3 19 5 0 138 -1
32 2 3 MH-F2C 4 19 5 0 138 -1
32 2 4 MH-F2C 10 19 5 0 138 -1
32 2 5 MH-F2C 11 19 5 0 138 -1
32 2 6 ML-F3C 9 22 4 3 137 -1
32 2 7 ML-F3C 10 22 4 3 137 -1
32 2 8 ML-F3C 11 22 4 3 137 -1
32 2 9 ML-F3C 0 23 5 3 138 -1
32 2 10 ML-F3C 1 23 5 3 138 -1
32 2 11 ML-F3C 2 23 5 3 138 -1
32 3 -9 ML-B3C 1 22 4 3 521 -1
32 3 -8 ML-F3C 0 22 4 3 521 -1
32 3 -7 ML-F3C 11 21 5 2 522 -1
32 3 -6 ML-F3C 10 21 5 2 522 -1
32 3 -5 ML-F3C 9 21 5 2 522 -1
32 3 -4 ML-F3C 8 21 5 2 522 -1
32 3 -3 ML-F3C 2 22 4 3 521 -1
32 3 -2 MH-F2C 11 19 5 0 522 -1
32 3 -1 MH-F2C 1 20 5 1 522 -1
32 3 0 MH-F2C 6 17 4 2 17 -1
32 3 1 MH-F2C 7 17 4 2 17 -1
32 3 2 MH-F2C 11 22 4 3 65 -1
32 3 3 MH-F2C 5 19 5 0 138 -1
32 3 4 MH-F2C 7 19 5 0 138 -1
32 3 5 MH-F2C 8 19 5 0 138 -1
32 3 6 ML-F3C 2 22 4 3 137 -1
32 3 7 ML-F3C 3 22 4 3 137 -1
32 3 8 ML-F3C 4 22 4 3 137 -1
32 3 9 ML-F3C 5 22 4 3 137 -1
32 3 10 ML-F3C 6 22 4 3 137 -1
32 3 11 ML-F3C 7 22 4 3 137 -1
32 3 12 ML-T3C 8 22 4 3 137 -1
32 4 -8 ML-53C 5 18 3 3 484 -1
32 4 -7 ML-F3C 3 18 3 3 484 -1
32 4 -6 ML-F3C 1 18 3 3 484 -1
32 4 -5 ML-F3C 0 18 3 3 484 -1
32 4 -4 ML-F3C 9 23 5 3 522 -1
32 4 -3 ML-F3C 3 22 4 3 521 -1
32 4 -2 ML-F3C 9 22 4 3 521 -1
32 4 -1 MH-F2C 2 20 5 1 522 -1
32 4 0 MH-F2C 8 17 4 2 17 -1
32 4 1 MH-F2C 9 17 4 2 17 -1
32 4 2 MH-F2C 9 22 4 3 65 -1
32 4 3 MH-F2C 0 23 5 3 66 -1
32 4 4 MH-F2C 6 19 5 0 138 -1
32 4 5 MH-F2C 9 19 5 0 138 -1
32 4 6 ML-F3C 2 21 5 2 138 -1
32 4 7 ML-F3C 8 21 5 2 138 -1
32 4 8 ML-F3C 9 23 5 3 138 -1
32 4 9 ML-F3C 10 23 5 3 138 -1
32 4 10 ML-F3C 11 23 5 3 138 -1
32 4 11 ML-F3C 0 24 6 0 139 -1
32 4 12 ML-53C 1 24 6 0 139 -1
32 5 -7 ML-53C 4 18 3 3 484 -1
32 5 -6 ML-F3C 2 18 3 3 484 -1
32 5 -5 ML-F3C 4 20 5 1 474 -1
32 5 -4 ML-F3C 10 23 5 3 522 -1
32 5 -3 ML-F3C 4 22 4 3 521 -1
32 5 -2 ML-F3C 10 22 4 3 521 -1
32 5 -1 ML-F3C 3 23 5 3 522 -1
32 5 0 ML-F3C 0 18 3 3 16 -1
32 5 1 MH-F2C 10 17 4 2 17 -1
32 5 2 MH-F2C 11 17 4 2 17 -1
32 5 3 MH-F2C 10 22 4 3 65 -1
32 5 4 MH-F2C 1 23 5 3 66 -1
32 5 5 ML-F3C 3 20 5 1 138 -1
32 5 6 ML-F3C 8 20 5 1 138 -1
32 5 7 ML-F3C 3 21 5 2 138 -1
32 5 8 ML-F3C 9 21 5 2 138 -1
32 5 9 ML-F3C 0 18 3 3 100 -1
32 5 10 ML-F3C 4 20 5 1 90 -1
32 5 11 ML-F3C 5 20 5 1 90 -1
32 5 12 ML-53C 6 20 5 1 90 -1
32 6 -5 ML-F3C 5 20 5 1 474 -1
32 6 -4 ML-F3C 11 23 5 3 522 -1
32 6 -3 ML-F3C 5 22 4 3 521 -1
32 6 -2 ML-F3C 11 22 4 3 521 -1
32 6 -1 ML-F3C 4 23 5 3 522 -1
32 6 0 ML-F3C 1 18 3 3 16 -1
32 6 1 ML-F3C 5 18 3 3 16 -1
32 6 2 ML-F3C 11 18 3 3 16 -1
32 6 3 ML-F3C 2 23 5 3 66 -1
32 6 4 ML-F3C 9 23 5 3 66 -1
32 6 5 ML-F3C 3 24 6 0 67 -1
32 6 6 ML-F3C 4 20 5 1 138 -1
32 6 7 ML-F3C 9 20 5 1 138 -1
32 6 8 ML-F3C 4 21 5 2 138 -1
32 6 9 ML-F3C 10 21 5 2 138 -1
32 6 10 ML-F3C 1 18 3 3 100 -1
32 6 11 ML-F3C 2 18 3 3 100 -1
32 7 -5 ML-53C 6 20 5 1 474 -1
32 7 -4 ML-F3C 0 24 6 0 523 -1
32 7 -3 ML-F3C 6 22 4 3 521 -1
32 7 -2 ML-F3C 0 23 5 3 522 -1
32 7 -1 ML-F3C 5 23 5 3 522 -1
32 7 0 ML-F3C 2 18 3 3 16 -1
32 7 1 ML-F3C 6 18 3 3 16 -1
32 7 2 ML-F3C 0 19 5 0 18 -1
32 7 3 ML-F3C 5 19 5 0 18 -1
32 7 4 ML-F3C 3 23 5 3 66 -1
32 7 5 ML-F3C 10 23 5 3 66 -1
32 7 6 ML-F3C 4 24 6 0 67 -1
32 7 7 ML-F3C 5 20 5 1 138 -1
32 7 8 ML-F3C 10 20 5 1 138 -1
32 7 9 ML-F3C 5 21 5 2 138 -1
32 7 10 ML-F3C 11 21 5 2 138 -1
32 7 11 ML-F3C 3 18 3 3 100 -1
32 7 12 ML-53C 4 18 3 3 100 -1
32 8 -4 ML-53C 1 24 6 0 523 -1
32 8 -3 ML-F3C 7 22 4 3 521 -1
32 8 -2 ML-F3C 1 23 5 3 522 -1
32 8 -1 ML-F3C 6 23 5 3 522 -1
32 8 0 ML-F3C 3 18 3 3 16 -1
32 8 1 ML-F3C 7 18 3 3 16 -1
32 8 2 ML-F3C 1 19 5 0 18 -1
32 8 3 ML-F3C 6 19 5 0 18 -1
32 8 4 ML-F3C 9 24 6 0 67 -1
32 8 5 ML-F3C 4 23 5 3 66 -1
32 8 6 ML-F3C 11 23 5 3 66 -1
32 8 7 ML-F3C 5 24 6 0 67 -1
32 8 8 ML-F3C 6 20 5 1 138 -1
32 8 9 ML-F3C 11 20 5 1 138 -1
32 8 10 ML-F3C 6 21 5 2 138 -1
32 8 11 ML-F3C 0 22 4 3 137 -1
32 8 12 ML-53C 5 18 3 3 100 -1
32 9 -3 ML-T3C 8 22 4 3 521 -1
32 9 -2 ML-F3C 2 23 5 3 522 -1
32 9 -1 ML-F3C 7 23 5 3 522 -1
32 9 0 ML-F3C 4 18 3 3 16 -1
32 9 1 ML-F3C 8 18 3 3 16 -1
32 9 2 ML-F3C 2 19 5 0 18 -1
32 9 3 ML-F3C 7 19 5 0 18 -1
32 9 4 ML-F3C 8 16 4 1 29 -1
32 9 5 ML-F3C 10 24 6 0 67 -1
32 9 6 ML-F3C 5 23 5 3 66 -1
32 9 7 ML-F3C 0 24 6 0 67 -1
32 9 8 ML-F3C 6 24 6 0 67 -1
32 9 9 ML-F3C 7 20 5 1 138 -1
32 9 10 ML-F3C 0 21 5 2 138 -1
32 9 11 ML-F3C 7 21 5 2 138 -1
32 9 12 ML-B3C 1 22 4 3 137 -1
32 10 -1 ML-T3C 8 23 5 3 522 -1
32 10 1 ML-F3C 9 18 3 3 16 -1
32 10 2 ML-F3C 3 19 5 0 18 -1
32 10 3 ML-F3C 8 19 5 0 18 -1
32 10 4 ML-F3C 9 16 4 1 29 -1
32 10 5 ML-F3C 0 21 5 2 6 -1
32 10 6 ML-F3C 11 24 6 0 67 -1
32 10 7 ML-F3C 6 23 5 3 66 -1
32 10 8 ML-F3C 1 24 6 0 67 -1
32 10 9 ML-F3C 7 24 6 0 67 -1
32 10 11 ML-B3C 1 21 5 2 138 -1
32 11 1 ML-B3C 10 18 3 3 16 -1
32 11 2 ML-F3C 4 19 5 0 18 -1
32 11 3 ML-F3C 9 19 5 0 18 -1
32 11 4 ML-F3C 10 16 4 1 29 -1
32 11 5 ML-F3C 11 16 4 1 29 -1
32 11 6 ML-F3C 1 21 5 2 6 -1
32 11 7 ML-F3C 0 25 6 1 67 -1
32 11 8 ML-F3C 7 23 5 3 66 -1
32 11 9 ML-F3C 2 24 6 0 67 -1
32 11 10 ML-T3C 8 24 6 0 67 -1
32 12 3 ML-B3C 10 19 5 0 18 -1
32 12 4 ML-53C 0 17 4 2 29 -1
32 12 5 ML-53C 1 17 4 2 29 -1
32 12 7 ML-53C 2 21 5 2 6 -1
32 12 8 ML-53C 1 25 6 1 67 -1
32 12 9 ML-T3C 8 23 5 3 66 -1
33 -13 -8 ML-R3C 11 25 6 1 331 -1
33 -13 -5 ML-L3C 7 21 5 2 294 -1
33 -12 -10 ML-T3C 1 25 6 1 331 -1
33 -12 -9 ML-F3C 2 22 4 3 293 -1
33 -12 -8 ML-F3C 5 26 6 2 331 -1
33 -12 -7 ML-F3C 10 25 6 1 331 -1
33 -12 -6 ML-53C 0 26 6 2 331 -1
33 -12 -5 ML-F3C 5 21 5 2 294 -1
33 -12 -4 ML-F3C 6 21 5 2 294 -1
33 -12 -3 ML-F3C 0 21 5 2 294 -1
33 -12 -2 ML-B3C 6 20 5 1 294 -1
33 -11 -10 ML-F3C 7 25 6 1 331 -1
33 -11 -9 ML-F3C 0 25 6 1 331 -1
33 -11 -8 ML-F3C 1 22 4 3 293 -1
33 -11 -7 ML-F3C 4 26 6 2 331 -1
33 -11 -6 ML-F3C 9 25 6 1 331 -1
33 -11 -5 ML-F3C 3 21 5 2 294 -1
33 -11 -4 ML-F3C 4 21 5 2 294 -1
33 -11 -3 ML-F3C 11 20 5 1 294 -1
33 -11 -2 ML-F3C 5 20 5 1 294 -1
33 -11 -1 ML-F3C 11 19 5 0 294 -1
33 -10 -12 ML-B3C 2 19 5 0 414 -1
33 -10 -11 ML-F3C 7 18 3 3 412 -1
33 -10 -9 ML-F3C 6 25 6 1 331 -1
33 -10 -8 ML-F3C 11 24 6 0 331 -1
33 -10 -7 ML-F3C 0 22 4 3 293 -1
33 -10 -6 ML-F3C 3 26 6 2 331 -1
33 -10 -5 ML-F3C 8 25 6 1 331 -1
33 -10 -4 ML-F3C 2 21 5 2 294 -1
33 -10 -3 ML-F3C 10 20 5 1 294 -1
33 -10 -2 ML-F3C 4 20 5 1 294 -1
33 -10 -1 ML-F3C 10 19 5 0 294 -1
33 -10 1 ML-F3C 0 25 6 1 247 -1
33 -10 2 ML-T3C 6 24 6 0 247 -1
33 -9 -12 ML-F3C 8 19 5 0 414 -1
33 -9 -11 ML-F3C 1 19 5 0 414 -1
33 -9 -10 ML-F3C 6 18 3 3 412 -1
33 -9 -9 ML-F3C 1 18 3 3 412 -1
33 -9 -8 ML-F3C 5 25 6 1 331 -1
33 -9 -7 ML-F3C 10 24 6 0 331 -1
33 -9 -6 ML-F3C 11 21 5 2 294 -1
33 -9 -5 ML-F3C 2 26 6 2 331 -1
33 -9 -4 ML-F3C 1 21 5 2 294 -1
33 -9 -3 ML-F3C 9 20 5 1 294 -1
33 -9 -2 ML-F3C 3 20 5 1 294 -1
33 -9 -1 ML-F3C 9 19 5 0 294 -1
33 -9 0 ML-F3C 5 19 5 0 294 -1
33 -9 1 ML-F3C 11 24 6 0 247 -1
33 -9 2 ML-F3C 5 24 6 0 247 -1
33 -9 3 ML-F3C 5 20 5 1 210 -1
33 -8 -13 ML-L3C 3 20 5 1 414 -1
33 -8 -12 ML-F3C 1 20 5 1 414 -1
33 -8 -11 ML-F3C 7 19 5 0 414 -1
33 -8 -10 ML-F3C 0 19 5 0 414 -1
33 -8 -9 ML-F3C 5 18 3 3 412 -1
33 -8 -8 ML-F3C 0 18 3 3 412 -1
33 -8 -7 ML-F3C 4 25 6 1 331 -1
33 -8 -6 ML-F3C 9 24 6 0 331 -1
33 -8 -5 ML-F3C 10 21 5 2 294 -1
33 -8 -4 ML-F3C 1 26 6 2 331 -1
33 -8 -3 ML-F3C 8 20 5 1 294 -1
33 -8 -2 ML-F3C 2 20 5 1 294 -1
33 -8 -1 ML-F3C 8 19 5 0 294 -1
33 -8 0 ML-F3C 4 19 5 0 294 -1
33 -8 1 ML-F3C 10 24 6 0 247 -1
33 -8 2 ML-F3C 4 24 6 0 247 -1
33 -8 3 ML-F3C 4 20 5 1 210 -1
33 -8 4 ML-F3C 10 25 6 1 247 -1
33 -8 5 ML-R3C 5 25 6 1 247 -1
33 -7 -12 ML-F3C 2 20 5 1 414 -1
33 -7 -11 ML-F3C 11 19 5 0 414 -1
33 -7 -10 ML-F3C 6 19 5 0 414 -1
33 -7 -9 ML-F3C 11 18 3 3 412 -1
33 -7 -8 ML-F3C 4 18 3 3 412 -1
33 -7 -7 ML-F3C 11 17 4 2 413 -1
33 -7 -6 ML-F3C 3 25 6 1 331 -1
33 -7 -5 ML-F3C 8 24 6 0 331 -1
33 -7 -4 ML-F3C 9 21 5 2 294 -1
33 -7 -3 ML-F3C 7 20 5 1 294 -1
33 -7 -2 ML-F3C 1 20 5 1 294 -1
33 -7 -1 ML-F3C 7 19 5 0 294 -1
33 -7 0 ML-F3C 3 19 5 0 294 -1
33 -7 1 ML-F3C 9 24 6 0 247 -1
33 -7 2 ML-F3C 3 24 6 0 247 -1
33 -7 3 ML-F3C 3 20 5 1 210 -1
33 -7 4 ML-F3C 9 25 6 1 247 -1
33 -7 5 ML-F3C 4 25 6 1 247 -1
33 -6 -12 ML-53C 3 25 6 1 439 -1
33 -6 -11 ML-F3C 0 20 5 1 414 -1
33 -6 -10 ML-F3C 10 19 5 0 414 -1
33 -6 -9 ML-F3C 5 19 5 0 414 -1
33 -6 -8 ML-F3C 10 18 3 3 412 -1
33 -6 -7 ML-F3C 3 18 3 3 412 -1
33 -6 -6 ML-F3C 10 17 4 2 413 -1
33 -6 -5 ML-F3C 2 25 6 1 331 -1
33 -6 -4 ML-F3C 7 24 6 0 331 -1
33 -6 -3 ML-F3C 8 21 5 2 294 -1
33 -6 -2 ML-F3C 0 20 5 1 294 -1
33 -6 -1 ML-F3C 6 19 5 0 294 -1
33 -6 0 ML-F3C 2 19 5 0 294 -1
33 -6 1 ML-F3C 8 24 6 0 247 -1
33 -6 2 ML-F3C 2 24 6 0 247 -1
33 -6 3 ML-F3C 2 20 5 1 210 -1
33 -6 4 ML-F3C 8 25 6 1 247 -1
33 -6 5 ML-F3C 2 25 6 1 247 -1
33 -6 6 ML-53C 3 25 6 1 247 -1
33 -5 -13 ML-R3C 5 25 6 1 439 -1
33 -5 -12 ML-F3C 4 25 6 1 439 -1
33 -5 -11 ML-F3C 2 25 6 1 439 -1
33 -5 -10 ML-F3C 1 25 6 1 439 -1
33 -5 -9 ML-F3C 9 19 5 0 414 -1
33 -5 -8 ML-F3C 4 19 5 0 414 -1
33 -5 -7 ML-F3C 9 18 3 3 412 -1
33 -5 -6 ML-F3C 2 18 3 3 412 -1
33 -5 -5 ML-F3C 9 17 4 2 413 -1
33 -5 -4 MH-F2C 6 24 6 0 331 -1
33 -5 -3 MH-F2C 3 24 6 0 331 -1
33 -5 -2 MH-F2C 11 18 3 3 292 -1
33 -5 -1 MH-F2C 0 19 5 0 294 -1
33 -5 0 ML-F3C 1 19 5 0 294 -1
33 -5 1 ML-F3C 7 24 6 0 247 -1
33 -5 2 ML-F3C 1 24 6 0 247 -1
33 -5 3 ML-F3C 1 20 5 1 210 -1
33 -5 4 ML-F3C 7 25 6 1 247 -1
33 -5 5 ML-F3C 1 25 6 1 247 -1
33 -5 6 ML-F3C 0 20 5 1 222 -1
33 -5 7 ML-F3C 2 20 5 1 222 -1
33 -5 8 ML-L3C 3 20 5 1 222 -1
33 -4 -12 ML-F3C 10 25 6 1 439 -1
33 -4 -11 ML-F3C 9 25 6 1 439 -1
33 -4 -10 ML-F3C 8 25 6 1 439 -1
33 -4 -9 ML-F3C 7 25 6 1 439 -1
33 -4 -8 ML-F3C 6 25 6 1 439 -1
33 -4 -7 ML-F3C 3 19 5 0 414 -1
33 -4 -6 ML-F3C 8 18 3 3 412 -1
33 -4 -5 MH-F2C 7 17 4 2 413 -1
33 -4 -4 MH-F2C 5 17 4 2 413 -1
33 -4 -3 MH-F2C 5 24 6 0 331 -1
33 -4 -2 MH-F2C 2 24 6 0 331 -1
33 -4 -1 MH-F2C 10 18 3 3 292 -1
33 -4 0 MH-F2C 9 18 3 3 292 -1
33 -4 1 MH-F2C 11 23 5 3 246 -1
33 -4 2 ML-F3C 0 24 6 0 247 -1
33 -4 3 ML-F3C 0 20 5 1 210 -1
33 -4 4 ML-F3C 6 25 6 1 247 -1
33 -4 5 ML-F3C 9 19 5 0 222 -1
33 -4 6 ML-F3C 10 19 5 0 222 -1
33 -4 7 ML-F3C 11 19 5 0 222 -1
33 -4 8 ML-F3C 1 20 5 1 222 -1
33 -3 -12 ML-F3C 5 20 5 1 402 -1
33 -3 -11 ML-F3C 4 20 5 1 402 -1
33 -3 -10 ML-F3C 3 20 5 1 402 -1
33 -3 -9 ML-F3C 2 20 5 1 402 -1
33 -3 -8 ML-F3C 1 20 5 1 402 -1
33 -3 -7 ML-F3C 0 20 5 1 402 -1
33 -3 -6 ML-F3C 11 19 5 0 402 -1
33 -3 -5 MH-F2C 8 17 4 2 413 -1
33 -3 -4 MH-F2C 6 17 4 2 413 -1
33 -3 -3 MH-F2C 3 17 4 2 413 -1
33 -3 -2 MH-F2C 4 24 6 0 331 -1
33 -3 -1 MH-F2C 7 18 3 3 292 -1
33 -3 0 MH-F2C 8 18 3 3 292 -1
33 -3 1 MH-F2C 10 23 5 3 246 -1
33 -3 2 MH-F2C 8 23 5 3 246 -1
33 -3 3 ML-F3C 11 19 5 0 210 -1
33 -3 4 ML-F3C 3 19 5 0 222 -1
33 -3 5 ML-F3C 4 19 5 0 222 -1
33 -3 6 ML-F3C 5 19 5 0 222 -1
33 -3 7 ML-F3C 6 19 5 0 222 -1
33 -3 8 ML-F3C 7 19 5 0 222 -1
33 -3 9 ML-F3C 8 19 5 0 222 -1
33 -2 -12 ML-T3C 6 24 6 0 439 -1
33 -2 -11 ML-F3C 5 24 6 0 439 -1
33 -2 -10 ML-F3C 4 24 6 0 439 -1
33 -2 -9 ML-F3C 3 24 6 0 439 -1
33 -2 -8 ML-F3C 2 24 6 0 439 -1
33 -2 -7 ML-F3C 1 24 6 0 439 -1
33 -2 -6 ML-F3C 0 24 6 0 439 -1
33 -2 -5 MH-F2C 8 23 5 3 438 -1
33 -2 -4 MH-F2C 7 23 5 3 438 -1
33 -2 -3 MH-F2C 4 17 4 2 413 -1
33 -2 -2 MH-T2C 2 17 4 2 413 -1
33 -2 0 MH-T2C 6 18 3 3 292 -1
33 -2 1 MH-F2C 9 23 5 3 246 -1
33 -2 2 MH-F2C 7 23 5 3 246 -1
33 -2 3 MH-F2C 8 17 4 2 221 -1
33 -2 4 ML-F3C 8 18 3 3 220 -1
33 -2 5 ML-F3C 9 18 3 3 220 -1
33 -2 6 ML-F3C 10 18 3 3 220 -1
33 -2 7 ML-F3C 11 18 3 3 220 -1
33 -2 8 ML-F3C 0 19 5 0 222 -1
33 -2 9 ML-F3C 1 19 5 0 222 -1
33 -2 10 ML-B3C 2 19 5 0 222 -1
33 -1 -11 ML-F3C 0 25 6 1 439 -1
33 -1 -10 ML-F3C 11 24 6 0 439 -1
33 -1 -9 ML-F3C 10 24 6 0 439 -1
33 -1 -8 ML-F3C 9 24 6 0 439 -1
33 -1 -7 ML-F3C 8 24 6 0 439 -1
33 -1 -6 ML-F3C 7 24 6 0 439 -1
33 -1 -5 MH-F2C 11 23 5 3 438 -1
33 -1 -4 MH-F2C 10 23 5 3 438 -1
33 -1 -3 MH-F2C 9 23 5 3 438 -1
33 -1 2 MH-F2C 4 17 4 2 221 -1
33 -1 3 MH-F2C 6 17 4 2 221 -1
33 -1 4 MH-F2C 7 17 4 2 221 -1
33 -1 5 ML-F3C 2 18 3 3 220 -1
33 -1 6 ML-F3C 3 18 3 3 220 -1
33 -1 7 ML-F3C 4 18 3 3 220 -1
33 -1 8 ML-F3C 5 18 3 3 220 -1
33 -1 9 ML-F3C 6 18 3 3 220 -1
33 -1 10 ML-F3C 7 18 3 3 220 -1
33 0 -9 ML-F3C 5 19 5 0 486 -1
33 0 -8 ML-F3C 4 19 5 0 486 -1
33 0 -7 ML-F3C 3 19 5 0 486 -1
33 0 -6 ML-F3C 2 19 5 0 486 -1
33 0 -5 ML-F3C 1 19 5 0 486 -1
33 0 -4 MH-F2C 9 18 3 3 484 -1
33 0 -3 MH-F2C 8 18 3 3 484 -1
33 0 -2 MH-T2C 6 18 3 3 484 -1
33 0 2 MH-T2C 2 17 4 2 221 -1
33 0 3 MH-F2C 3 17 4 2 221 -1
33 0 4 MH-F2C 5 17 4 2 221 -1
33 0 5 ML-F3C 9 17 4 2 221 -1
33 0 6 ML-F3C 10 17 4 2 221 -1
33 0 7 ML-F3C 11 17 4 2 221 -1
33 0 8 ML-F3C 0 18 3 3 220 -1
33 0 9 ML-F3C 1 18 3 3 220 -1
33 1 -10 ML-F3C 11 19 5 0 486 -1
33 1 -9 ML-F3C 10 19 5 0 486 -1
33 1 -8 ML-F3C 9 19 5 0 486 -1
33 1 -7 ML-F3C 8 19 5 0 486 -1
33 1 -6 ML-F3C 7 19 5 0 486 -1
33 1 -5 ML-F3C 6 19 5 0 486 -1
33 1 -4 MH-F2C 0 19 5 0 486 -1
33 1 -3 MH-F2C 10 18 3 3 484 -1
33 1 -2 MH-F2C 7 18 3 3 484 -1
33 1 3 MH-F2C 4 24 6 0 139 -1
33 1 4 MH-F2C 5 24 6 0 139 -1
33 1 5 MH-F2C 6 24 6 0 139 -1
33 1 6 ML-F3C 2 25 6 1 139 -1
33 1 7 ML-F3C 3 25 6 1 139 -1
33 1 8 ML-F3C 4 25 6 1 139 -1
33 1 9 ML-F3C 5 25 6 1 139 -1
33 1 10 ML-F3C 6 25 6 1 139 -1
33 1 11 ML-F3C 7 25 6 1 139 -1
33 2 -10 ML-B3C 6 20 5 1 486 -1
33 2 -9 ML-F3C 5 20 5 1 486 -1
33 2 -8 ML-F3C 4 20 5 1 486 -1
33 2 -7 ML-F3C 3 20 5 1 486 -1
33 2 -6 ML-F3C 2 20 5 1 486 -1
33 2 -5 ML-F3C 1 20 5 1 486 -1
33 2 -4 ML-F3C 0 20 5 1 486 -1
33 2 -3 MH-F2C 11 18 3 3 484 -1
33 2 -2 MH-F2C 2 24 6 0 523 -1
33 2 -1 MH-F2C 4 24 6 0 523 -1
33 2 0 MH-T2C 2 17 4 2 29 -1
33 2 2 MH-T2C 6 18 3 3 100 -1
33 2 3 MH-F2C 7 18 3 3 100 -1
33 2 4 MH-F2C 2 24 6 0 139 -1
33 2 5 MH-F2C 3 24 6 0 139 -1
33 2 6 ML-F3C 7 24 6 0 139 -1
33 2 7 ML-F3C 8 24 6 0 139 -1
33 2 8 ML-F3C 9 24 6 0 139 -1
33 2 9 ML-F3C 10 24 6 0 139 -1
33 2 10 ML-F3C 11 24 6 0 139 -1
33 2 11 ML-F3C 0 25 6 1 139 -1
33 2 12 ML-T3C 1 25 6 1 139 -1
33 3 -9 ML-F3C 0 21 5 2 486 -1
33 3 -8 ML-F3C 11 20 5 1 486 -1
33 3 -7 ML-F3C 10 20 5 1 486 -1
33 3 -6 ML-F3C 9 20 5 1 486 -1
33 3 -5 ML-F3C 8 20 5 1 486 -1
33 3 -4 ML-F3C 7 20 5 1 486 -1
33 3 -3 ML-F3C 8 21 5 2 486 -1
33 3 -2 MH-F2C 3 24 6 0 523 -1
33 3 -1 MH-F2C 5 24 6 0 523 -1
33 3 0 MH-F2C 3 17 4 2 29 -1
33 3 1 MH-F2C 4 17 4 2 29 -1
33 3 2 MH-F2C 9 23 5 3 54 -1
33 3 3 MH-F2C 8 18 3 3 100 -1
33 3 4 MH-F2C 10 18 3 3 100 -1
33 3 5 MH-F2C 11 18 3 3 100 -1
33 3 6 ML-F3C 8 21 5 2 102 -1
33 3 7 ML-F3C 9 21 5 2 102 -1
33 3 8 ML-F3C 10 21 5 2 102 -1
33 3 9 ML-F3C 11 21 5 2 102 -1
33 3 10 ML-F3C 0 22 4 3 101 -1
33 3 11 ML-F3C 1 22 4 3 101 -1
33 3 12 ML-F3C 2 22 4 3 101 -1
33 4 -8 ML-F3C 6 21 5 2 486 -1
33 4 -7 ML-F3C 4 21 5 2 486 -1
33 4 -6 ML-F3C 2 21 5 2 486 -1
33 4 -5 ML-F3C 1 21 5 2 486 -1
33 4 -4 ML-F3C 1 26 6 2 523 -1
33 4 -3 ML-F3C 9 21 5 2 486 -1
33 4 -2 ML-F3C 7 24 6 0 523 -1
33 4 -1 MH-F2C 6 24 6 0 523 -1
33 4 0 MH-F2C 5 17 4 2 29 -1
33 4 1 MH-F2C 6 17 4 2 29 -1
33 4 2 MH-F2C 7 23 5 3 54 -1
33 4 3 MH-F2C 10 23 5 3 54 -1
33 4 4 MH-F2C 9 18 3 3 100 -1
33 4 5 MH-F2C 0 19 5 0 102 -1
33 4 6 ML-F3C 0 20 5 1 102 -1
33 4 7 ML-F3C 7 20 5 1 102 -1
33 4 8 ML-F3C 1 26 6 2 139 -1
33 4 9 ML-F3C 2 26 6 2 139 -1
33 4 10 ML-F3C 3 26 6 2 139 -1
33 4 11 ML-F3C 4 26 6 2 139 -1
33 4 12 ML-F3C 5 26 6 2 139 -1
33 5 -8 ML-L3C 7 21 5 2 486 -1
33 5 -7 ML-F3C 5 21 5 2 486 -1
33 5 -6 ML-F3C 3 21 5 2 486 -1
33 5 -5 ML-F3C 8 25 6 1 523 -1
33 5 -4 ML-F3C 2 26 6 2 523 -1
33 5 -3 ML-F3C 10 21 5 2 486 -1
33 5 -2 ML-F3C 8 24 6 0 523 -1
33 5 -1 ML-F3C 2 25 6 1 523 -1
33 5 0 ML-F3C 9 17 4 2 29 -1
33 5 1 MH-F2C 7 17 4 2 29 -1
33 5 2 MH-F2C 8 17 4 2 29 -1
33 5 3 MH-F2C 8 23 5 3 54 -1
33 5 4 MH-F2C 11 23 5 3 54 -1
33 5 5 ML-F3C 1 19 5 0 102 -1
33 5 6 ML-F3C 6 19 5 0 102 -1
33 5 7 ML-F3C 1 20 5 1 102 -1
33 5 8 ML-F3C 8 20 5 1 102 -1
33 5 9 ML-F3C 1 21 5 2 102 -1
33 5 10 ML-F3C 8 25 6 1 139 -1
33 5 11 ML-F3C 9 25 6 1 139 -1
33 5 12 ML-F3C 10 25 6 1 139 -1
33 5 13 ML-R3C 11 25 6 1 139 -1
33 6 -6 ML-53C 0 26 6 2 523 -1
33 6 -5 ML-F3C 9 25 6 1 523 -1
33 6 -4 ML-F3C 3 26 6 2 523 -1
33 6 -3 ML-F3C 11 21 5 2 486 -1
33 6 -2 ML-F3C 9 24 6 0 523 -1
33 6 -1 ML-F3C 3 25 6 1 523 -1
33 6 0 ML-F3C 10 17 4 2 29 -1
33 6 1 ML-F3C 2 18 3 3 28 -1
33 6 2 ML-F3C 8 18 3 3 28 -1
33 6 3 ML-F3C 11 19 5 0 18 -1
33 6 4 ML-F3C 0 24 6 0 55 -1
33 6 5 ML-F3C 7 24 6 0 55 -1
33 6 6 ML-F3C 2 19 5 0 102 -1
33 6 7 ML-F3C 7 19 5 0 102 -1
33 6 8 ML-F3C 2 20 5 1 102 -1
33 6 9 ML-F3C 9 20 5 1 102 -1
33 6 10 ML-F3C 2 21 5 2 102 -1
33 6 11 ML-F3C 3 21 5 2 102 -1
33 6 12 ML-53C 0 26 6 2 139 -1
33 7 -5 ML-F3C 10 25 6 1 523 -1
33 7 -4 ML-F3C 4 26 6 2 523 -1
33 7 -3 ML-F3C 0 22 4 3 485 -1
33 7 -2 ML-F3C 10 24 6 0 523 -1
33 7 -1 ML-F3C 4 25 6 1 523 -1
33 7 0 ML-F3C 11 17 4 2 29 -1
33 7 1 ML-F3C 3 18 3 3 28 -1
33 7 2 ML-F3C 9 18 3 3 28 -1
33 7 3 ML-F3C 3 19 5 0 30 -1
33 7 4 ML-F3C 0 20 5 1 18 -1
33 7 5 ML-F3C 1 24 6 0 55 -1
33 7 6 ML-F3C 8 24 6 0 55 -1
33 7 7 ML-F3C 3 19 5 0 102 -1
33 7 8 ML-F3C 8 19 5 0 102 -1
33 7 9 ML-F3C 3 20 5 1 102 -1
33 7 10 ML-F3C 10 20 5 1 102 -1
33 7 11 ML-F3C 4 21 5 2 102 -1
33 7 12 ML-F3C 5 21 5 2 102 -1
33 8 -5 ML-R3C 11 25 6 1 523 -1
33 8 -4 ML-F3C 5 26 6 2 523 -1
33 8 -3 ML-F3C 1 22 4 3 485 -1
33 8 -2 ML-F3C 11 24 6 0 523 -1
33 8 -1 ML-F3C 5 25 6 1 523 -1
33 8 0 ML-F3C 0 18 3 3 28 -1
33 8 1 ML-F3C 4 18 3 3 28 -1
33 8 2 ML-F3C 10 18 3 3 28 -1
33 8 3 ML-F3C 4 19 5 0 30 -1
33 8 4 ML-F3C 6 25 6 1 55 -1
33 8 5 ML-F3C 1 20 5 1 18 -1
33 8 6 ML-F3C 2 24 6 0 55 -1
33 8 7 ML-F3C 9 24 6 0 55 -1
33 8 8 ML-F3C 4 19 5 0 102 -1
33 8 9 ML-F3C 9 19 5 0 102 -1
33 8 10 ML-F3C 4 20 5 1 102 -1
33 8 11 ML-F3C 11 20 5 1 102 -1
33 8 12 ML-F3C 6 21 5 2 102 -1
33 8 13 ML-L3C 7 21 5 2 102 -1
33 9 -3 ML-F3C 2 22 4 3 485 -1
33 9 -2 ML-F3C 0 25 6 1 523 -1
33 9 -1 ML-F3C 6 25 6 1 523 -1
33 9 0 ML-F3C 1 18 3 3 28 -1
33 9 1 ML-F3C 5 18 3 3 28 -1
33 9 2 ML-F3C 11 18 3 3 28 -1
33 9 3 ML-F3C 5 19 5 0 30 -1
33 9 4 ML-F3C 9 19 5 0 30 -1
33 9 5 ML-F3C 7 25 6 1 55 -1
33 9 6 ML-F3C 2 20 5 1 18 -1
33 9 7 ML-F3C 3 24 6 0 55 -1
33 9 8 ML-F3C 10 24 6 0 55 -1
33 9 9 ML-F3C 5 19 5 0 102 -1
33 9 10 ML-F3C 10 19 5 0 102 -1
33 9 11 ML-F3C 5 20 5 1 102 -1
33 9 12 ML-F3C 0 21 5 2 102 -1
33 10 -2 ML-T3C 1 25 6 1 523 -1
33 10 -1 ML-F3C 7 25 6 1 523 -1
33 10 1 ML-F3C 6 18 3 3 28 -1
33 10 2 ML-F3C 0 19 5 0 30 -1
33 10 3 ML-F3C 6 19 5 0 30 -1
33 10 4 ML-F3C 10 19 5 0 30 -1
33 10 5 ML-F3C 1 25 6 1 55 -1
33 10 6 ML-F3C 8 25 6 1 55 -1
33 10 7 ML-F3C 3 20 5 1 18 -1
33 10 8 ML-F3C 4 24 6 0 55 -1
33 10 9 ML-F3C 11 24 6 0 55 -1
33 10 11 ML-F3C 11 19 5 0 102 -1
33 10 12 ML-B3C 6 20 5 1 102 -1
33 11 1 ML-F3C 7 18 3 3 28 -1
33 11 2 ML-F3C 1 19 5 0 30 -1
33 11 3 ML-F3C 7 19 5 0 30 -1
33 11 4 ML-F3C 11 19 5 0 30 -1
33 11 5 ML-F3C 0 20 5 1 30 -1
33 11 6 ML-F3C 2 25 6 1 55 -1
33 11 7 ML-F3C 9 25 6 1 55 -1
33 11 8 ML-F3C 4 20 5 1 18 -1
33 11 9 ML-F3C 5 24 6 0 55 -1
33 11 10 ML-F3C 0 25 6 1 55 -1
33 12 2 ML-B3C 2 19 5 0 30 -1
33 12 3 ML-F3C 8 19 5 0 30 -1
33 12 4 ML-F3C 1 20 5 1 30 -1
33 12 5 ML-F3C 2 20 5 1 30 -1
33 12 6 ML-53C 3 25 6 1 55 -1
33 12 7 ML-F3C 4 25 6 1 55 -1
33 12 8 ML-F3C 10 25 6 1 55 -1
33 12 9 ML-F3C 5 20 5 1 18 -1
33 12 10 ML-T3C 6 24 6 0 55 -1
33 13 5 ML-L3C 3 20 5 1 30 -1
33 13 8 ML-R3C 5 25 6 1 55 -1
34 -10 -6 ML-R3C 3 24 6 0 319 -1
34 -10 -5 ML-L3C 5 24 6 0 319 -1
34 -10 -4 ML-R3C 2 16 4 1 305 -1
34 -10 -3 ML-L3C 3 16 4 1 305 -1
34 -9 -8 ML-T3C 6 23 5 3 318 -1
34 -9 -7 ML-F3C 11 22 4 3 317 -1
34 -9 -6 ML-F3C 11 23 5 3 318 -1
34 -9 -5 ML-F3C 2 24 6 0 319 -1
34 -9 -4 ML-F3C 4 24 6 0 319 -1
34 -9 -3 ML-F3C 1 16 4 1 305 -1
34 -9 -2 ML-F3C 7 16 4 1 305 -1
34 -9 -1 ML-F3C 1 17 4 2 305 -1
34 -9 0 ML-B3C 8 17 4 2 305 -1
34 -8 -9 ML-B3C 7 19 5 0 426 -1
34 -8 -8 ML-F3C 2 20 5 1 426 -1
34 -8 -7 ML-F3C 5 23 5 3 318 -1
34 -8 -6 ML-F3C 10 22 4 3 317 -1
34 -8 -5 ML-F3C 10 23 5 3 318 -1
34 -8 -4 ML-F3C 1 24 6 0 319 -1
34 -8 -3 ML-F3C 0 16 4 1 305 -1
34 -8 -2 ML-F3C 6 16 4 1 305 -1
34 -8 -1 ML-F3C 0 17 4 2 305 -1
34 -8 0 ML-F3C 7 17 4 2 305 -1
34 -8 1 ML-F3C 5 26 6 2 247 -1
34 -8 2 ML-T3C 0 27 6 3 247 -1
34 -7 -9 ML-53C 0 19 5 0 426 -1
34 -7 -8 ML-F3C 6 19 5 0 426 -1
34 -7 -7 ML-F3C 1 20 5 1 426 -1
34 -7 -6 ML-F3C 4 23 5 3 318 -1
34 -7 -5 ML-F3C 9 22 4 3 317 -1
34 -7 -4 ML-F3C 9 23 5 3 318 -1
34 -7 -3 ML-F3C 0 24 6 0 319 -1
34 -7 -2 ML-F3C 5 16 4 1 305 -1
34 -7 -1 ML-F3C 11 16 4 1 305 -1
34 -7 0 ML-F3C 6 17 4 2 305 -1
34 -7 1 ML-F3C 4 26 6 2 247 -1
34 -7 2 ML-F3C 11 26 6 2 247 -1
34 -7 3 ML-53C 6 27 6 3 247 -1
34 -6 -9 ML-F3C 6 18 3 3 424 -1
34 -6 -8 ML-F3C 11 18 3 3 424 -1
34 -6 -7 ML-F3C 5 19 5 0 426 -1
34 -6 -6 ML-F3C 0 20 5 1 426 -1
34 -6 -5 ML-F3C 3 23 5 3 318 -1
34 -6 -4 ML-F3C 8 22 4 3 317 -1
34 -6 -3 ML-F3C 8 23 5 3 318 -1
34 -6 -2 ML-F3C 4 16 4 1 305 -1
34 -6 -1 ML-F3C 10 16 4 1 305 -1
34 -6 0 ML-F3C 5 17 4 2 305 -1
34 -6 1 ML-F3C 3 26 6 2 247 -1
34 -6 2 ML-F3C 10 26 6 2 247 -1
34 -6 3 ML-F3C 5 27 6 3 247 -1
34 -6 4 ML-F3C 0 28 7 0 248 -1
34 -5 -9 ML-F3C 7 18 3 3 424 -1
34 -5 -8 ML-F3C 5 18 3 3 424 -1
34 -5 -7 ML-F3C 10 18 3 3 424 -1
34 -5 -6 ML-F3C 4 19 5 0 426 -1
34 -5 -5 ML-F3C 11 19 5 0 426 -1
34 -5 -4 ML-F3C 2 23 5 3 318 -1
34 -5 -3 ML-F3C 7 22 4 3 317 -1
34 -5 -2 ML-F3C 7 23 5 3 318 -1
34 -5 -1 ML-F3C 9 16 4 1 305 -1
34 -5 0 ML-F3C 4 17 4 2 305 -1
34 -5 1 ML-F3C 2 26 6 2 247 -1
34 -5 2 ML-F3C 9 26 6 2 247 -1
34 -5 3 ML-F3C 4 27 6 3 247 -1
34 -5 4 ML-F3C 10 27 6 3 247 -1
34 -5 5 ML-F3C 11 27 6 3 247 -1
34 -4 -9 ML-F3C 11 27 6 3 439 -1
34 -4 -8 ML-F3C 9 27 6 3 439 -1
34 -4 -7 ML-F3C 4 18 3 3 424 -1
34 -4 -6 ML-F3C 9 18 3 3 424 -1
34 -4 -5 ML-F3C 3 19 5 0 426 -1
34 -4 -4 ML-F3C 10 19 5 0 426 -1
34 -4 -3 ML-F3C 1 23 5 3 318 -1
34 -4 -2 ML-F3C 6 22 4 3 317 -1
34 -4 -1 ML-F3C 8 16 4 1 305 -1
34 -4 0 ML-F3C 3 17 4 2 305 -1
34 -4 1 ML-F3C 1 26 6 2 247 -1
34 -4 2 ML-F3C 8 26 6 2 247 -1
34 -4 3 ML-F3C 3 27 6 3 247 -1
34 -4 4 ML-F3C 8 27 6 3 247 -1
34 -4 5 ML-F3C 9 27 6 3 247 -1
34 -4 6 ML-F3C 7 18 3 3 232 -1
34 -3 -9 ML-F3C 0 28 7 0 440 -1
34 -3 -8 ML-F3C 10 27 6 3 439 -1
34 -3 -7 ML-F3C 8 27 6 3 439 -1
34 -3 -6 ML-F3C 7 27 6 3 439 -1
34 -3 -5 ML-F3C 8 18 3 3 424 -1
34 -3 -4 ML-F3C 2 19 5 0 426 -1
34 -3 -3 ML-F2C 9 19 5 0 426 -1
34 -3 -2 ML-F2C 0 23 5 3 318 -1
34 -3 -1 ML-52C 5 22 4 3 317 -1
34 -3 0 ML-F2C 2 17 4 2 305 -1
34 -3 1 ML-F2C 0 26 6 2 247 -1
34 -3 2 ML-F3C 7 26 6 2 247 -1
34 -3 3 ML-F3C 2 27 6 3 247 -1
34 -3 4 ML-F3C 7 27 6 3 247 -1
34 -3 5 ML-F3C 4 18 3 3 232 -1
34 -3 6 ML-F3C 5 18 3 3 232 -1
34 -3 7 ML-F3C 6 18 3 3 232 -1
34 -2 -9 ML-53C 6 27 6 3 439 -1
34 -2 -8 ML-F3C 5 27 6 3 439 -1
34 -2 -7 ML-F3C 4 27 6 3 439 -1
34 -2 -6 ML-F3C 3 27 6 3 439 -1
34 -2 -5 ML-F3C 2 27 6 3 439 -1
34 -2 -4 ML-F3C 1 27 6 3 439 -1
34 -2 -3 ML-F2C 1 19 5 0 426 -1
34 -2 -2 ML-T2C 8 19 5 0 426 -1
34 -2 1 ML-B2C 11 25 6 1 247 -1
34 -2 2 ML-F2C 6 26 6 2 247 -1
34 -2 3 ML-F3C 1 27 6 3 247 -1
34 -2 4 ML-F3C 8 18 3 3 232 -1
34 -2 5 ML-F3C 9 18 3 3 232 -1
34 -2 6 ML-F3C 10 18 3 3 232 -1
34 -2 7 ML-F3C 11 18 3 3 232 -1
34 -2 8 ML-53C 0 19 5 0 234 -1
34 -1 -9 ML-T3C 0 27 6 3 439 -1
34 -1 -8 ML-F3C 11 26 6 2 439 -1
34 -1 -7 ML-F3C 10 26 6 2 439 -1
34 -1 -6 ML-F3C 9 26 6 2 439 -1
34 -1 -5 ML-F3C 8 26 6 2 439 -1
34 -1 -4 ML-F3C 7 26 6 2 439 -1
34 -1 -3 ML-F2C 6 26 6 2 439 -1
34 -1 3 ML-F2C 1 19 5 0 234 -1
34 -1 4 ML-F3C 2 19 5 0 234 -1
34 -1 5 ML-F3C 3 19 5 0 234 -1
34 -1 6 ML-F3C 4 19 5 0 234 -1
34 -1 7 ML-F3C 5 19 5 0 234 -1
34 -1 8 ML-F3C 6 19 5 0 234 -1
34 -1 9 ML-B3C 7 19 5 0 234 -1
34 0 -8 ML-F3C 5 26 6 2 439 -1
34 0 -7 ML-F3C 4 26 6 2 439 -1
34 0 -6 ML-F3C 3 26 6 2 439 -1
34 0 -5 ML-F3C 2 26 6 2 439 -1
34 0 -4 ML-F3C 1 26 6 2 439 -1
34 0 -3 ML-F2C 0 26 6 2 439 -1
34 0 -2 ML-B2C 11 25 6 1 439 -1
34 0 0 TM-J8 3 20 5 1 42 -1
34 0 1 TM-J8 5 20 5 1 42 -1
34 0 2 TM-J8 3 21 5 2 6 -1
34 0 3 ML-T2C 8 19 5 0 234 -1
34 0 3 TM-J8 1 28 7 0 56 -1
34 0 4 ML-F2C 9 19 5 0 234 -1
34 0 4 TM-J8 3 28 7 0 56 -1
34 0 5 TM-J8 6 20 5 1 18 -1
34 0 5 ML-F3C 10 19 5 0 234 -1
34 0 6 ML-F3C 11 19 5 0 234 -1
34 0 6 TM-J8 9 17 4 2 113 -1
34 0 7 ML-F3C 0 20 5 1 234 -1
34 0 7 TM-J8 11 17 4 2 113 -1
34 0 8 ML-F3C 1 20 5 1 234 -1
34 0 8 TM-J8 2 20 5 1 78 -1
34 0 9 ML-F3C 2 20 5 1 234 -1
34 0 9 TM-J8 6 24 6 0 127 -1
34 0 10 TM-J8 8 24 6 0 127 -1
34 0 11 TM-J8 3 22 4 3 101 -1
34 0 12 TM-J8 3 20 5 1 234 -1
34 0 13 TM-J8 5 20 5 1 234 -1
34 0 14 TM-J8 3 21 5 2 198 -1
34 0 15 TM-J8 1 28 7 0 248 -1
34 0 16 TM-J8 3 28 7 0 248 -1
34 0 17 TM-J8 6 20 5 1 210 -1
34 0 18 TM-J8 9 17 4 2 305 -1
34 0 19 TM-J8 11 17 4 2 305 -1
34 0 20 TM-J8 2 20 5 1 270 -1
34 0 21 TM-J8 6 24 6 0 319 -1
34 0 22 TM-J8 8 24 6 0 319 -1
34 0 23 TM-J8 3 22 4 3 293 -1
34 0 24 TM-J8 3 20 5 1 426 -1
34 0 25 TM-J8 5 20 5 1 426 -1
34 0 26 TM-J8 3 21 5 2 390 -1
34 0 27 TM-J8 1 28 7 0 440 -1
34 0 28 TM-J8 3 28 7 0 440 -1
34 0 29 TM-J8 6 20 5 1 402 -1
34 0 30 TM-J8 9 17 4 2 497 -1
34 0 31 TM-J8 11 17 4 2 497 -1
34 0 32 TM-J8 2 20 5 1 462 -1
34 0 33 TM-J8 6 24 6 0 511 -1
34 0 34 TM-J8 8 24 6 0 511 -1
34 0 35 TM-J8 3 22 4 3 485 -1
34 1 -8 ML-B3C 8 17 4 2 497 -1
34 1 -7 ML-F3C 7 17 4 2 497 -1
34 1 -6 ML-F3C 6 17 4 2 497 -1
34 1 -5 ML-F3C 5 17 4 2 497 -1
34 1 -4 ML-F3C 4 17 4 2 497 -1
34 1 -3 ML-F3C 3 17 4 2 497 -1
34 1 -2 ML-F2C 2 17 4 2 497 -1
34 1 0 TM-K4 4 20 5 1 42 -1
34 1 1 TM-K4 6 20 5 1 42 -1
34 1 2 TM-K4 4 21 5 2 6 -1
34 1 3 TM-K4 2 28 7 0 56 -1
34 1 4 TM-K4 4 28 7 0 56 -1
34 1 4 ML-F2C 0 23 5 3 126 -1
34 1 5 TM-K4 7 20 5 1 18 -1
34 1 5 ML-F3C 1 23 5 3 126 -1
34 1 6 TM-K4 10 17 4 2 113 -1
34 1 6 ML-F3C 2 23 5 3 126 -1
34 1 7 TM-K4 0 18 3 3 112 -1
34 1 7 ML-F3C 3 23 5 3 126 -1
34 1 8 TM-K4 3 20 5 1 78 -1
34 1 8 ML-F3C 4 23 5 3 126 -1
34 1 9 ML-F3C 5 23 5 3 126 -1
34 1 9 TM-K4 7 24 6 0 127 -1
34 1 10 ML-T3C 6 23 5 3 126 -1
34 1 10 TM-K4 9 24 6 0 127 -1
34 1 11 TM-K4 4 22 4 3 101 -1
34 1 12 TM-K4 4 20 5 1 234 -1
34 1 13 TM-K4 6 20 5 1 234 -1
34 1 14 TM-K4 4 21 5 2 198 -1
34 1 15 TM-K4 2 28 7 0 248 -1
34 1 16 TM-K4 4 28 7 0 248 -1
34 1 17 TM-K4 7 20 5 1 210 -1
34 1 18 TM-K4 10 17 4 2 305 -1
34 1 19 TM-K4 0 18 3 3 304 -1
34 1 20 TM-K4 3 20 5 1 270 -1
34 1 21 TM-K4 7 24 6 0 319 -1
34 1 22 TM-K4 9 24 6 0 319 -1
34 1 23 TM-K4 4 22 4 3 293 -1
34 1 24 TM-K4 4 20 5 1 426 -1
34 1 25 TM-K4 6 20 5 1 426 -1
34 1 26 TM-K4 4 21 5 2 390 -1
34 1 27 TM-K4 2 28 7 0 440 -1
34 1 28 TM-K4 4 28 7 0 440 -1
34 1 29 TM-K4 7 20 5 1 402 -1
34 1 30 TM-K4 10 17 4 2 497 -1
34 1 31 TM-K4 0 18 3 3 496 -1
34 1 32 TM-K4 3 20 5 1 462 -1
34 1 33 TM-K4 7 24 6 0 511 -1
34 1 34 TM-K4 9 24 6 0 511 -1
34 1 35 TM-K4 4 22 4 3 485 -1
34 2 -7 ML-F3C 1 17 4 2 497 -1
34 2 -6 ML-F3C 0 17 4 2 497 -1
34 2 -5 ML-F3C 11 16 4 1 497 -1
34 2 -4 ML-F3C 10 16 4 1 497 -1
34 2 -3 ML-F3C 9 16 4 1 497 -1
34 2 -2 ML-F3C 8 16 4 1 497 -1
34 2 -1 ML-52C 5 22 4 3 509 -1
34 2 4 ML-52C 5 22 4 3 125 -1
34 2 5 ML-F3C 6 22 4 3 125 -1
34 2 6 ML-F3C 7 22 4 3 125 -1
34 2 7 ML-F3C 8 22 4 3 125 -1
34 2 8 ML-F3C 9 22 4 3 125 -1
34 2 9 ML-F3C 10 22 4 3 125 -1
34 2 10 ML-F3C 11 22 4 3 125 -1
34 3 -6 ML-F3C 7 16 4 1 497 -1
34 3 -5 ML-F3C 6 16 4 1 497 -1
34 3 -4 ML-F3C 5 16 4 1 497 -1
34 3 -3 ML-F3C 4 16 4 1 497 -1
34 3 -2 ML-F3C 7 23 5 3 510 -1
34 3 -1 ML-F3C 6 22 4 3 509 -1
34 3 0 ML-F2C 0 23 5 3 510 -1
34 3 1 ML-T2C 8 19 5 0 42 -1
34 3 3 ML-B2C 11 25 6 1 55 -1
34 3 4 ML-F2C 2 17 4 2 113 -1
34 3 5 ML-F3C 8 16 4 1 113 -1
34 3 6 ML-F3C 7 23 5 3 126 -1
34 3 7 ML-F3C 8 23 5 3 126 -1
34 3 8 ML-F3C 9 23 5 3 126 -1
34 3 9 ML-F3C 10 23 5 3 126 -1
34 3 10 ML-F3C 11 23 5 3 126 -1
34 4 -6 ML-L3C 3 16 4 1 497 -1
34 4 -5 ML-F3C 1 16 4 1 497 -1
34 4 -4 ML-F3C 0 16 4 1 497 -1
34 4 -3 ML-F3C 0 24 6 0 511 -1
34 4 -2 ML-F3C 8 23 5 3 510 -1
34 4 -1 ML-F3C 7 22 4 3 509 -1
34 4 0 ML-F3C 1 23 5 3 510 -1
34 4 1 ML-F2C 9 19 5 0 42 -1
34 4 2 ML-F2C 1 19 5 0 42 -1
34 4 3 ML-F2C 6 26 6 2 55 -1
34 4 4 ML-F2C 0 26 6 2 55 -1
34 4 5 ML-F3C 3 17 4 2 113 -1
34 4 6 ML-F3C 9 16 4 1 113 -1
34 4 7 ML-F3C 4 16 4 1 113 -1
34 4 8 ML-F3C 0 24 6 0 127 -1
34 4 9 ML-F3C 1 24 6 0 127 -1
34 4 10 ML-F3C 2 24 6 0 127 -1
34 4 11 ML-R3C 3 24 6 0 127 -1
34 5 -5 ML-R3C 2 16 4 1 497 -1
34 5 -4 ML-F3C 4 24 6 0 511 -1
34 5 -3 ML-F3C 1 24 6 0 511 -1
34 5 -2 ML-F3C 9 23 5 3 510 -1
34 5 -1 ML-F3C 8 22 4 3 509 -1
34 5 0 ML-F3C 2 23 5 3 510 -1
34 5 1 ML-F3C 10 19 5 0 42 -1
34 5 2 ML-F3C 2 19 5 0 42 -1
34 5 3 ML-F3C 1 27 6 3 55 -1
34 5 4 ML-F3C 7 26 6 2 55 -1
34 5 5 ML-F3C 1 26 6 2 55 -1
34 5 6 ML-F3C 4 17 4 2 113 -1
34 5 7 ML-F3C 10 16 4 1 113 -1
34 5 8 ML-F3C 5 16 4 1 113 -1
34 5 9 ML-F3C 0 16 4 1 113 -1
34 5 10 ML-F3C 4 24 6 0 127 -1
34 5 11 ML-L3C 5 24 6 0 127 -1
34 6 -4 ML-L3C 5 24 6 0 511 -1
34 6 -3 ML-F3C 2 24 6 0 511 -1
34 6 -2 ML-F3C 10 23 5 3 510 -1
34 6 -1 ML-F3C 9 22 4 3 509 -1
34 6 0 ML-F3C 3 23 5 3 510 -1
34 6 1 ML-F3C 11 19 5 0 42 -1
34 6 2 ML-F3C 3 19 5 0 42 -1
34 6 3 ML-F3C 8 18 3 3 40 -1
34 6 4 ML-F3C 2 27 6 3 55 -1
34 6 5 ML-F3C 8 26 6 2 55 -1
34 6 6 ML-F3C 2 26 6 2 55 -1
34 6 7 ML-F3C 5 17 4 2 113 -1
34 6 8 ML-F3C 11 16 4 1 113 -1
34 6 9 ML-F3C 6 16 4 1 113 -1
34 6 10 ML-F3C 1 16 4 1 113 -1
34 6 11 ML-R3C 2 16 4 1 113 -1
34 7 -3 ML-R3C 3 24 6 0 511 -1
34 7 -2 ML-F3C 11 23 5 3 510 -1
34 7 -1 ML-F3C 10 22 4 3 509 -1
34 7 0 ML-F3C 4 23 5 3 510 -1
34 7 1 ML-F3C 0 20 5 1 42 -1
34 7 2 ML-F3C 4 19 5 0 42 -1
34 7 3 ML-F3C 9 18 3 3 40 -1
34 7 4 ML-F3C 7 27 6 3 55 -1
34 7 5 ML-F3C 3 27 6 3 55 -1
34 7 6 ML-F3C 9 26 6 2 55 -1
34 7 7 ML-F3C 3 26 6 2 55 -1
34 7 8 ML-F3C 6 17 4 2 113 -1
34 7 9 ML-F3C 0 17 4 2 113 -1
34 7 10 ML-F3C 7 16 4 1 113 -1
34 7 11 ML-L3C 3 16 4 1 113 -1
34 8 -1 ML-F3C 11 22 4 3 509 -1
34 8 0 ML-F3C 5 23 5 3 510 -1
34 8 1 ML-F3C 1 20 5 1 42 -1
34 8 2 ML-F3C 5 19 5 0 42 -1
34 8 3 ML-F3C 10 18 3 3 40 -1
34 8 4 ML-F3C 4 18 3 3 40 -1
34 8 5 ML-F3C 8 27 6 3 55 -1
34 8 6 ML-F3C 4 27 6 3 55 -1
34 8 7 ML-F3C 10 26 6 2 55 -1
34 8 8 ML-F3C 4 26 6 2 55 -1
34 8 9 ML-F3C 7 17 4 2 113 -1
34 8 10 ML-F3C 1 17 4 2 113 -1
34 9 0 ML-T3C 6 23 5 3 510 -1
34 9 1 ML-F3C 2 20 5 1 42 -1
34 9 2 ML-F3C 6 19 5 0 42 -1
34 9 3 ML-F3C 11 18 3 3 40 -1
34 9 4 ML-F3C 5 18 3 3 40 -1
34 9 5 ML-F3C 9 27 6 3 55 -1
34 9 6 ML-F3C 10 27 6 3 55 -1
34 9 7 ML-F3C 5 27 6 3 55 -1
34 9 8 ML-F3C 11 26 6 2 55 -1
34 9 9 ML-F3C 5 26 6 2 55 -1
34 9 10 ML-B3C 8 17 4 2 113 -1
34 10 2 ML-B3C 7 19 5 0 42 -1
34 10 3 ML-53C 0 19 5 0 42 -1
34 10 4 ML-F3C 6 18 3 3 40 -1
34 10 5 ML-F3C 7 18 3 3 40 -1
34 10 6 ML-F3C 11 27 6 3 55 -1
34 10 7 ML-F3C 0 28 7 0 56 -1
34 10 8 ML-53C 6 27 6 3 55 -1
34 10 9 ML-T3C 0 27 6 3 55 -1
35 -10 -9 ML-T3C 9 25 6 1 343 -1
35 -10 -8 ML-53C 3 26 6 2 343 -1
35 -10 -7 ML-F3C 7 26 6 2 343 -1
35 -10 -6 ML-F3C 9 26 6 2 343 -1
35 -10 -5 ML-F3C 2 21 5 2 282 -1
35 -10 -4 ML-F3C 3 21 5 2 282 -1
35 -10 -3 ML-53C 11 20 5 1 282 -1
35 -10 -2 ML-B3C 10 21 5 2 282 -1
35 -9 -10 ML-B3C 1 23 5 3 390 -1
35 -9 -9 ML-F3C 2 25 6 1 343 -1
35 -9 -8 ML-F3C 8 25 6 1 343 -1
35 -9 -7 ML-F3C 2 26 6 2 343 -1
35 -9 -6 ML-F3C 6 26 6 2 343 -1
35 -9 -5 ML-F3C 8 26 6 2 343 -1
35 -9 -4 ML-F3C 1 21 5 2 282 -1
35 -9 -3 ML-F3C 10 20 5 1 282 -1
35 -9 -2 ML-F3C 9 21 5 2 282 -1
35 -9 -1 ML-F3C 5 22 4 3 281 -1
35 -9 0 ML-T3C 8 25 6 1 259 -1
35 -8 -10 ML-F3C 6 22 4 3 389 -1
35 -8 -9 ML-F3C 0 23 5 3 390 -1
35 -8 -8 ML-F3C 1 25 6 1 343 -1
35 -8 -7 ML-F3C 7 25 6 1 343 -1
35 -8 -6 ML-F3C 1 26 6 2 343 -1
35 -8 -5 ML-F3C 5 26 6 2 343 -1
35 -8 -4 ML-F3C 0 21 5 2 282 -1
35 -8 -3 ML-F3C 9 20 5 1 282 -1
35 -8 -2 ML-F3C 8 21 5 2 282 -1
35 -8 -1 ML-F3C 4 22 4 3 281 -1
35 -8 0 ML-F3C 7 25 6 1 259 -1
35 -8 1 ML-F3C 2 27 6 3 259 -1
35 -7 -11 ML-L3C 7 21 5 2 390 -1
35 -7 -10 ML-F3C 0 22 4 3 389 -1
35 -7 -9 ML-F3C 5 22 4 3 389 -1
35 -7 -8 ML-F3C 11 22 4 3 389 -1
35 -7 -7 ML-F3C 0 25 6 1 343 -1
35 -7 -6 ML-F3C 6 25 6 1 343 -1
35 -7 -5 ML-F3C 0 26 6 2 343 -1
35 -7 -4 ML-F3C 4 26 6 2 343 -1
35 -7 -3 ML-F3C 8 20 5 1 282 -1
35 -7 -2 ML-F3C 7 21 5 2 282 -1
35 -7 -1 ML-F3C 3 22 4 3 281 -1
35 -7 0 ML-F3C 6 25 6 1 259 -1
35 -7 1 ML-F3C 1 27 6 3 259 -1
35 -7 2 ML-F3C 1 26 6 2 259 -1
35 -7 3 ML-R3C 7 26 6 2 259 -1
35 -6 -11 ML-R3C 8 21 5 2 390 -1
35 -6 -10 ML-F3C 6 21 5 2 390 -1
35 -6 -9 ML-F3C 11 21 5 2 390 -1
35 -6 -8 ML-F3C 4 22 4 3 389 -1
35 -6 -7 ML-F3C 10 22 4 3 389 -1
35 -6 -6 ML-F3C 11 24 6 0 343 -1
35 -6 -5 ML-F3C 5 25 6 1 343 -1
35 -6 -4 ML-F3C 11 25 6 1 343 -1
35 -6 -3 ML-F3C 7 20 5 1 282 -1
35 -6 -2 ML-F3C 6 21 5 2 282 -1
35 -6 -1 ML-F3C 2 22 4 3 281 -1
35 -6 0 ML-F3C 5 25 6 1 259 -1
35 -6 1 ML-F3C 0 27 6 3 259 -1
35 -6 2 ML-F3C 0 26 6 2 259 -1
35 -6 3 ML-F3C 5 26 6 2 259 -1
35 -6 4 ML-L3C 6 26 6 2 259 -1
35 -5 -11 ML-L3C 6 26 6 2 451 -1
35 -5 -10 ML-F3C 4 26 6 2 451 -1
35 -5 -9 ML-F3C 5 21 5 2 390 -1
35 -5 -8 ML-F3C 10 21 5 2 390 -1
35 -5 -7 ML-F3C 3 22 4 3 389 -1
35 -5 -6 ML-F3C 9 22 4 3 389 -1
35 -5 -5 ML-F3C 10 24 6 0 343 -1
35 -5 -4 ML-F3C 4 25 6 1 343 -1
35 -5 -3 ML-F3C 10 25 6 1 343 -1
35 -5 -2 ML-F3C 5 21 5 2 282 -1
35 -5 -1 ML-F3C 1 22 4 3 281 -1
35 -5 0 ML-F3C 4 25 6 1 259 -1
35 -5 1 ML-F3C 11 26 6 2 259 -1
35 -5 2 ML-F3C 11 25 6 1 259 -1
35 -5 3 ML-F3C 3 26 6 2 259 -1
35 -5 4 ML-F3C 4 26 6 2 259 -1
35 -5 5 ML-R3C 8 21 5 2 198 -1
35 -4 -11 ML-R3C 7 26 6 2 451 -1
35 -4 -10 ML-F3C 5 26 6 2 451 -1
35 -4 -9 ML-F3C 3 26 6 2 451 -1
35 -4 -8 ML-F3C 2 26 6 2 451 -1
35 -4 -7 ML-F3C 9 21 5 2 390 -1
35 -4 -6 ML-F3C 2 22 4 3 389 -1
35 -4 -5 ML-F3C 8 22 4 3 389 -1
35 -4 -4 ML-F3C 9 24 6 0 343 -1
35 -4 -3 ML-F2C 3 25 6 1 343 -1
35 -4 -2 ML-F2C 4 21 5 2 282 -1
35 -4 -1 ML-F3C 0 22 4 3 281 -1
35 -4 0 ML-F3C 3 25 6 1 259 -1
35 -4 1 ML-F3C 10 26 6 2 259 -1
35 -4 2 ML-F3C 10 25 6 1 259 -1
35 -4 3 ML-F3C 2 26 6 2 259 -1
35 -4 4 ML-F3C 5 21 5 2 198 -1
35 -4 5 ML-F3C 6 21 5 2 198 -1
35 -4 6 ML-L3C 7 21 5 2 198 -1
35 -3 -10 ML-F3C 1 26 6 2 451 -1
35 -3 -9 ML-F3C 0 26 6 2 451 -1
35 -3 -8 ML-F3C 11 25 6 1 451 -1
35 -3 -7 ML-F3C 10 25 6 1 451 -1
35 -3 -6 ML-F3C 9 25 6 1 451 -1
35 -3 -5 ML-F3C 1 22 4 3 389 -1
35 -3 -4 ML-F2C 7 22 4 3 389 -1
35 -3 -3 ML-B2C 8 24 6 0 343 -1
35 -3 -1 ML-T2C 11 21 5 2 282 -1
35 -3 0 ML-F2C 2 25 6 1 259 -1
35 -3 1 ML-F3C 9 26 6 2 259 -1
35 -3 2 ML-F3C 9 25 6 1 259 -1
35 -3 3 ML-F3C 9 21 5 2 198 -1
35 -3 4 ML-F3C 10 21 5 2 198 -1
35 -3 5 ML-F3C 11 21 5 2 198 -1
35 -3 6 ML-F3C 0 22 4 3 197 -1
35 -2 -10 ML-F3C 2 27 6 3 451 -1
35 -2 -9 ML-F3C 1 27 6 3 451 -1
35 -2 -8 ML-F3C 0 27 6 3 451 -1
35 -2 -7 ML-F3C 11 26 6 2 451 -1
35 -2 -6 ML-F3C 10 26 6 2 451 -1
35 -2 -5 ML-F3C 9 26 6 2 451 -1
35 -2 -4 ML-52C 8 26 6 2 451 -1
35 -2 1 ML-52C 8 26 6 2 259 -1
35 -2 2 ML-F3C 1 22 4 3 197 -1
35 -2 3 ML-F3C 2 22 4 3 197 -1
35 -2 4 ML-F3C 3 22 4 3 197 -1
35 -2 5 ML-F3C 4 22 4 3 197 -1
35 -2 6 ML-F3C 5 22 4 3 197 -1
35 -2 7 ML-F3C 6 22 4 3 197 -1
35 -1 -10 ML-T3C 8 25 6 1 451 -1
35 -1 -9 ML-F3C 7 25 6 1 451 -1
35 -1 -8 ML-F3C 6 25 6 1 451 -1
35 -1 -7 ML-F3C 5 25 6 1 451 -1
35 -1 -6 ML-F3C 4 25 6 1 451 -1
35 -1 -5 ML-F3C 3 25 6 1 451 -1
35 -1 -4 ML-F2C 2 25 6 1 451 -1
35 -1 2 ML-F2C 7 22 4 3 197 -1
35 -1 3 ML-F3C 8 22 4 3 197 -1
35 -1 4 ML-F3C 9 22 4 3 197 -1
35 -1 5 ML-F3C 10 22 4 3 197 -1
35 -1 6 ML-F3C 11 22 4 3 197 -1
35 -1 7 ML-F3C 0 23 5 3 198 -1
35 -1 8 ML-B3C 1 23 5 3 198 -1
35 0 -9 ML-F3C 5 22 4 3 473 -1
35 0 -8 ML-F3C 4 22 4 3 473 -1
35 0 -7 ML-F3C 3 22 4 3 473 -1
35 0 -6 ML-F3C 2 22 4 3 473 -1
35 0 -5 ML-F3C 1 22 4 3 473 -1
35 0 -4 ML-F3C 0 22 4 3 473 -1
35 0 -3 ML-T2C 11 21 5 2 474 -1
35 0 2 ML-B2C 8 24 6 0 151 -1
35 0 3 ML-F3C 9 24 6 0 151 -1
35 0 4 ML-F3C 10 24 6 0 151 -1
35 0 5 ML-F3C 11 24 6 0 151 -1
35 0 6 ML-F3C 0 25 6 1 151 -1
35 0 7 ML-F3C 1 25 6 1 151 -1
35 0 8 ML-F3C 2 25 6 1 151 -1
35 1 -9 ML-B3C 10 21 5 2 474 -1
35 1 -8 ML-F3C 9 21 5 2 474 -1
35 1 -7 ML-F3C 8 21 5 2 474 -1
35 1 -6 ML-F3C 7 21 5 2 474 -1
35 1 -5 ML-F3C 6 21 5 2 474 -1
35 1 -4 ML-F3C 5 21 5 2 474 -1
35 1 -3 ML-F2C 4 21 5 2 474 -1
35 1 3 ML-F2C 3 25 6 1 151 -1
35 1 4 ML-F3C 4 25 6 1 151 -1
35 1 5 ML-F3C 5 25 6 1 151 -1
35 1 6 ML-F3C 6 25 6 1 151 -1
35 1 7 ML-F3C 7 25 6 1 151 -1
35 1 8 ML-F3C 8 25 6 1 151 -1
35 1 9 ML-T3C 9 25 6 1 151 -1
35 2 -8 ML-53C 11 20 5 1 474 -1
35 2 -7 ML-F3C 10 20 5 1 474 -1
35 2 -6 ML-F3C 9 20 5 1 474 -1
35 2 -5 ML-F3C 8 20 5 1 474 -1
35 2 -4 ML-F3C 7 20 5 1 474 -1
35 2 -3 ML-F3C 10 25 6 1 535 -1
35 2 -2 ML-F2C 3 25 6 1 535 -1
35 2 -1 ML-B2C 8 24 6 0 535 -1
35 2 0 TM-J8 2 23 5 3 6 -1
35 2 1 TM-J8 4 23 5 3 6 -1
35 2 2 TM-J8 6 23 5 3 6 -1
35 2 2 ML-T2C 11 21 5 2 90 -1
35 2 3 TM-J8 3 27 6 3 67 -1
35 2 3 ML-F2C 4 21 5 2 90 -1
35 2 4 TM-J8 5 27 6 3 67 -1
35 2 4 ML-F3C 10 25 6 1 151 -1
35 2 5 TM-J8 8 20 5 1 18 -1
35 2 5 ML-F3C 11 25 6 1 151 -1
35 2 6 TM-J8 6 22 4 3 89 -1
35 2 6 ML-F3C 0 26 6 2 151 -1
35 2 7 TM-J8 8 22 4 3 89 -1
35 2 7 ML-F3C 1 26 6 2 151 -1
35 2 8 TM-J8 4 20 5 1 78 -1
35 2 8 ML-F3C 2 26 6 2 151 -1
35 2 9 ML-53C 3 26 6 2 151 -1
35 2 9 TM-J8 10 26 6 2 151 -1
35 2 10 TM-J8 0 27 6 3 151 -1
35 2 11 TM-J8 5 22 4 3 101 -1
35 2 12 TM-J8 2 23 5 3 198 -1
35 2 13 TM-J8 4 23 5 3 198 -1
35 2 14 TM-J8 6 23 5 3 198 -1
35 2 15 TM-J8 3 27 6 3 259 -1
35 2 16 TM-J8 5 27 6 3 259 -1
35 2 17 TM-J8 8 20 5 1 210 -1
35 2 18 TM-J8 6 22 4 3 281 -1
35 2 19 TM-J8 8 22 4 3 281 -1
35 2 20 TM-J8 4 20 5 1 270 -1
35 2 21 TM-J8 10 26 6 2 343 -1
35 2 22 TM-J8 0 27 6 3 343 -1
35 2 23 TM-J8 5 22 4 3 293 -1
35 2 24 TM-J8 2 23 5 3 390 -1
35 2 25 TM-J8 4 23 5 3 390 -1
35 2 26 TM-J8 6 23 5 3 390 -1
35 2 27 TM-J8 3 27 6 3 451 -1
35 2 28 TM-J8 5 27 6 3 451 -1
35 2 29 TM-J8 8 20 5 1 402 -1
35 2 30 TM-J8 6 22 4 3 473 -1
35 2 31 TM-J8 8 22 4 3 473 -1
35 2 32 TM-J8 4 20 5 1 462 -1
35 2 33 TM-J8 10 26 6 2 535 -1
35 2 34 TM-J8 0 27 6 3 535 -1
35 2 35 TM-J8 5 22 4 3 485 -1
35 3 -7 ML-F3C 3 21 5 2 474 -1
35 3 -6 ML-F3C 1 21 5 2 474 -1
35 3 -5 ML-F3C 0 21 5 2 474 -1
35 3 -4 ML-F3C 4 26 6 2 535 -1
35 3 -3 ML-F3C 11 25 6 1 535 -1
35 3 -2 ML-F3C 4 25 6 1 535 -1
35 3 -1 ML-F3C 9 24 6 0 535 -1
35 3 0 ML-F2C 7 22 4 3 5 -1
35 3 0 TM-K6 3 23 5 3 6 -1
35 3 1 TM-K6 5 23 5 3 6 -1
35 3 1 ML-52C 8 26 6 2 67 -1
35 3 2 TM-K6 7 23 5 3 6 -1
35 3 2 ML-F2C 2 25 6 1 67 -1
35 3 3 TM-K6 4 27 6 3 67 -1
35 3 3 ML-F3C 0 22 4 3 89 -1
35 3 4 TM-K6 6 27 6 3 67 -1
35 3 4 ML-F3C 5 21 5 2 90 -1
35 3 5 TM-K6 9 20 5 1 18 -1
35 3 5 ML-F3C 7 20 5 1 90 -1
35 3 6 TM-K6 7 22 4 3 89 -1
35 3 6 ML-F3C 4 26 6 2 151 -1
35 3 7 TM-K6 9 22 4 3 89 -1
35 3 7 ML-F3C 5 26 6 2 151 -1
35 3 8 TM-K6 5 20 5 1 78 -1
35 3 8 ML-F3C 6 26 6 2 151 -1
35 3 9 ML-F3C 7 26 6 2 151 -1
35 3 9 TM-K6 11 26 6 2 151 -1
35 3 10 TM-K6 1 27 6 3 151 -1
35 3 11 TM-K6 6 22 4 3 101 -1
35 3 12 TM-K6 3 23 5 3 198 -1
35 3 13 TM-K6 5 23 5 3 198 -1
35 3 14 TM-K6 7 23 5 3 198 -1
35 3 15 TM-K6 4 27 6 3 259 -1
35 3 16 TM-K6 6 27 6 3 259 -1
35 3 17 TM-K6 9 20 5 1 210 -1
35 3 18 TM-K6 7 22 4 3 281 -1
35 3 19 TM-K6 9 22 4 3 281 -1
35 3 20 TM-K6 5 20 5 1 270 -1
35 3 21 TM-K6 11 26 6 2 343 -1
35 3 22 TM-K6 1 27 6 3 343 -1
35 3 23 TM-K6 6 22 4 3 293 -1
35 3 24 TM-K6 3 23 5 3 390 -1
35 3 25 TM-K6 5 23 5 3 390 -1
35 3 26 TM-K6 7 23 5 3 390 -1
35 3 27 TM-K6 4 27 6 3 451 -1
35 3 28 TM-K6 6 27 6 3 451 -1
35 3 29 TM-K6 9 20 5 1 402 -1
35 3 30 TM-K6 7 22 4 3 473 -1
35 3 31 TM-K6 9 22 4 3 473 -1
35 3 32 TM-K6 5 20 5 1 462 -1
35 3 33 TM-K6 11 26 6 2 535 -1
35 3 34 TM-K6 1 27 6 3 535 -1
35 3 35 TM-K6 6 22 4 3 485 -1
35 4 -6 ML-F3C 2 21 5 2 474 -1
35 4 -5 ML-F3C 8 26 6 2 535 -1
35 4 -4 ML-F3C 5 26 6 2 535 -1
35 4 -3 ML-F3C 0 26 6 2 535 -1
35 4 -2 ML-F3C 5 25 6 1 535 -1
35 4 -1 ML-F3C 10 24 6 0 535 -1
35 4 0 ML-F3C 8 22 4 3 5 -1
35 4 1 ML-F3C 1 22 4 3 5 -1
35 4 2 ML-F3C 9 26 6 2 67 -1
35 4 3 ML-F3C 3 25 6 1 67 -1
35 4 4 ML-F3C 1 22 4 3 89 -1
35 4 5 ML-F3C 6 21 5 2 90 -1
35 4 6 ML-F3C 8 20 5 1 90 -1
35 4 7 ML-F3C 0 21 5 2 90 -1
35 4 8 ML-F3C 8 26 6 2 151 -1
35 4 9 ML-F3C 9 26 6 2 151 -1
35 5 -5 ML-F3C 9 26 6 2 535 -1
35 5 -4 ML-F3C 6 26 6 2 535 -1
35 5 -3 ML-F3C 1 26 6 2 535 -1
35 5 -2 ML-F3C 6 25 6 1 535 -1
35 5 -1 ML-F3C 11 24 6 0 535 -1
35 5 0 ML-F3C 9 22 4 3 5 -1
35 5 1 ML-F3C 2 22 4 3 5 -1
35 5 2 ML-F3C 9 25 6 1 67 -1
35 5 3 ML-F3C 10 26 6 2 67 -1
35 5 4 ML-F3C 4 25 6 1 67 -1
35 5 5 ML-F3C 2 22 4 3 89 -1
35 5 6 ML-F3C 7 21 5 2 90 -1
35 5 7 ML-F3C 9 20 5 1 90 -1
35 5 8 ML-F3C 1 21 5 2 90 -1
35 5 9 ML-F3C 2 21 5 2 90 -1
35 6 -4 ML-F3C 7 26 6 2 535 -1
35 6 -3 ML-F3C 2 26 6 2 535 -1
35 6 -2 ML-F3C 7 25 6 1 535 -1
35 6 -1 ML-F3C 0 25 6 1 535 -1
35 6 0 ML-F3C 10 22 4 3 5 -1
35 6 1 ML-F3C 3 22 4 3 5 -1
35 6 2 ML-F3C 9 21 5 2 6 -1
35 6 3 ML-F3C 10 25 6 1 67 -1
35 6 4 ML-F3C 11 26 6 2 67 -1
35 6 5 ML-F3C 5 25 6 1 67 -1
35 6 6 ML-F3C 3 22 4 3 89 -1
35 6 7 ML-F3C 8 21 5 2 90 -1
35 6 8 ML-F3C 10 20 5 1 90 -1
35 6 9 ML-F3C 3 21 5 2 90 -1
35 7 -3 ML-53C 3 26 6 2 535 -1
35 7 -2 ML-F3C 8 25 6 1 535 -1
35 7 -1 ML-F3C 1 25 6 1 535 -1
35 7 0 ML-F3C 11 22 4 3 5 -1
35 7 1 ML-F3C 4 22 4 3 5 -1
35 7 2 ML-F3C 10 21 5 2 6 -1
35 7 3 ML-F3C 2 26 6 2 67 -1
35 7 4 ML-F3C 11 25 6 1 67 -1
35 7 5 ML-F3C 0 27 6 3 67 -1
35 7 6 ML-F3C 6 25 6 1 67 -1
35 7 7 ML-F3C 4 22 4 3 89 -1
35 7 8 ML-F3C 9 21 5 2 90 -1
35 7 9 ML-53C 11 20 5 1 90 -1
35 8 -2 ML-T3C 9 25 6 1 535 -1
35 8 -1 ML-F3C 2 25 6 1 535 -1
35 8 0 ML-F3C 0 23 5 3 6 -1
35 8 1 ML-F3C 5 22 4 3 5 -1
35 8 2 ML-F3C 11 21 5 2 6 -1
35 8 3 ML-F3C 5 21 5 2 6 -1
35 8 4 ML-F3C 3 26 6 2 67 -1
35 8 5 ML-F3C 0 26 6 2 67 -1
35 8 6 ML-F3C 1 27 6 3 67 -1
35 8 7 ML-F3C 7 25 6 1 67 -1
35 8 8 ML-F3C 5 22 4 3 89 -1
35 8 9 ML-B3C 10 21 5 2 90 -1
35 9 0 ML-B3C 1 23 5 3 6 -1
35 9 1 ML-F3C 6 22 4 3 5 -1
35 9 2 ML-F3C 0 22 4 3 5 -1
35 9 3 ML-F3C 6 21 5 2 6 -1
35 9 4 ML-F3C 4 26 6 2 67 -1
35 9 5 ML-F3C 5 26 6 2 67 -1
35 9 6 ML-F3C 1 26 6 2 67 -1
35 9 7 ML-F3C 2 27 6 3 67 -1
35 9 8 ML-T3C 8 25 6 1 67 -1
35 10 3 ML-L3C 7 21 5 2 6 -1
35 10 4 ML-R3C 8 21 5 2 6 -1
35 10 5 ML-L3C 6 26 6 2 67 -1
35 10 6 ML-R3C 7 26 6 2 67 -1
36 -10 -6 ML-R3C 0 29 7 1 344 -1
36 -10 -5 ML-L3C 2 29 7 1 344 -1
36 -10 -4 ML-R3C 3 18 3 3 304 -1
36 -10 -3 ML-L3C 4 18 3 3 304 -1
36 -9 -8 ML-T3C 3 28 7 0 344 -1
36 -9 -7 ML-F3C 8 27 6 3 343 -1
36 -9 -6 ML-F3C 8 28 7 0 344 -1
36 -9 -5 ML-F3C 11 28 7 0 344 -1
36 -9 -4 ML-F3C 1 29 7 1 344 -1
36 -9 -3 ML-F3C 2 18 3 3 304 -1
36 -9 -2 ML-F3C 8 18 3 3 304 -1
36 -9 -1 ML-F3C 2 19 5 0 306 -1
36 -9 0 ML-B3C 9 19 5 0 306 -1
36 -8 -9 ML-B3C 5 22 4 3 425 -1
36 -8 -8 ML-F3C 10 21 5 2 426 -1
36 -8 -7 ML-F3C 2 28 7 0 344 -1
36 -8 -6 ML-F3C 7 27 6 3 343 -1
36 -8 -5 ML-F3C 7 28 7 0 344 -1
36 -8 -4 ML-F3C 10 28 7 0 344 -1
36 -8 -3 ML-F3C 1 18 3 3 304 -1
36 -8 -2 ML-F3C 7 18 3 3 304 -1
36 -8 -1 ML-F3C 1 19 5 0 306 -1
36 -8 0 ML-F3C 8 19 5 0 306 -1
36 -8 1 ML-F3C 1 28 7 0 260 -1
36 -8 2 ML-T3C 8 28 7 0 260 -1
36 -7 -9 ML-53C 11 20 5 1 426 -1
36 -7 -8 ML-F3C 4 22 4 3 425 -1
36 -7 -7 ML-F3C 9 21 5 2 426 -1
36 -7 -6 ML-F3C 1 28 7 0 344 -1
36 -7 -5 ML-F3C 6 27 6 3 343 -1
36 -7 -4 ML-F3C 6 28 7 0 344 -1
36 -7 -3 ML-F3C 9 28 7 0 344 -1
36 -7 -2 ML-F3C 6 18 3 3 304 -1
36 -7 -1 ML-F3C 0 19 5 0 306 -1
36 -7 0 ML-F3C 7 19 5 0 306 -1
36 -7 1 ML-F3C 0 28 7 0 260 -1
36 -7 2 ML-F3C 7 28 7 0 260 -1
36 -7 3 ML-53C 2 29 7 1 260 -1
36 -6 -9 ML-F3C 2 21 5 2 426 -1
36 -6 -8 ML-F3C 10 20 5 1 426 -1
36 -6 -7 ML-F3C 3 22 4 3 425 -1
36 -6 -6 ML-F3C 8 21 5 2 426 -1
36 -6 -5 ML-F3C 0 28 7 0 344 -1
36 -6 -4 ML-F3C 5 27 6 3 343 -1
36 -6 -3 ML-F3C 5 28 7 0 344 -1
36 -6 -2 ML-F3C 5 18 3 3 304 -1
36 -6 -1 ML-F3C 11 18 3 3 304 -1
36 -6 0 ML-F3C 6 19 5 0 306 -1
36 -6 1 ML-F3C 11 27 6 3 259 -1
36 -6 2 ML-F3C 6 28 7 0 260 -1
36 -6 3 ML-F3C 1 29 7 1 260 -1
36 -6 4 ML-F3C 8 29 7 1 260 -1
36 -5 -9 ML-F3C 3 21 5 2 426 -1
36 -5 -8 ML-F3C 1 21 5 2 426 -1
36 -5 -7 ML-F3C 9 20 5 1 426 -1
36 -5 -6 ML-F3C 2 22 4 3 425 -1
36 -5 -5 ML-F3C 7 21 5 2 426 -1
36 -5 -4 ML-F3C 11 27 6 3 343 -1
36 -5 -3 ML-F3C 4 27 6 3 343 -1
36 -5 -2 ML-F3C 4 28 7 0 344 -1
36 -5 -1 ML-F3C 10 18 3 3 304 -1
36 -5 0 ML-F3C 5 19 5 0 306 -1
36 -5 1 ML-F3C 10 27 6 3 259 -1
36 -5 2 ML-F3C 5 28 7 0 260 -1
36 -5 3 ML-F3C 0 29 7 1 260 -1
36 -5 4 ML-F3C 6 29 7 1 260 -1
36 -5 5 ML-F3C 7 29 7 1 260 -1
36 -4 -9 ML-F3C 7 29 7 1 452 -1
36 -4 -8 ML-F3C 5 29 7 1 452 -1
36 -4 -7 ML-F3C 0 21 5 2 426 -1
36 -4 -6 ML-F3C 8 20 5 1 426 -1
36 -4 -5 ML-F3C 1 22 4 3 425 -1
36 -4 -4 ML-F3C 6 21 5 2 426 -1
36 -4 -3 ML-F3C 10 27 6 3 343 -1
36 -4 -2 ML-F3C 3 27 6 3 343 -1
36 -4 -1 ML-F3C 9 18 3 3 304 -1
36 -4 0 ML-F3C 4 19 5 0 306 -1
36 -4 1 ML-F3C 9 27 6 3 259 -1
36 -4 2 ML-F3C 4 28 7 0 260 -1
36 -4 3 ML-F3C 11 28 7 0 260 -1
36 -4 4 ML-F3C 4 29 7 1 260 -1
36 -4 5 ML-F3C 5 29 7 1 260 -1
36 -4 6 ML-F3C 3 21 5 2 234 -1
36 -3 -9 ML-F3C 8 29 7 1 452 -1
36 -3 -8 ML-F3C 6 29 7 1 452 -1
36 -3 -7 ML-F3C 4 29 7 1 452 -1
36 -3 -6 ML-F3C 3 29 7 1 452 -1
36 -3 -5 ML-F3C 7 20 5 1 426 -1
36 -3 -4 ML-F3C 0 22 4 3 425 -1
36 -3 -3 ML-F3C 5 21 5 2 426 -1
36 -3 -2 ML-F2C 9 27 6 3 343 -1
36 -3 -1 ML-52C 2 27 6 3 343 -1
36 -3 0 ML-F2C 3 19 5 0 306 -1
36 -3 1 ML-F3C 8 27 6 3 259 -1
36 -3 2 ML-F3C 3 28 7 0 260 -1
36 -3 3 ML-F3C 10 28 7 0 260 -1
36 -3 4 ML-F3C 3 29 7 1 260 -1
36 -3 5 ML-F3C 0 21 5 2 234 -1
36 -3 6 ML-F3C 1 21 5 2 234 -1
36 -3 7 ML-F3C 2 21 5 2 234 -1
36 -2 -9 ML-53C 2 29 7 1 452 -1
36 -2 -8 ML-F3C 1 29 7 1 452 -1
36 -2 -7 ML-F3C 0 29 7 1 452 -1
36 -2 -6 ML-F3C 11 28 7 0 452 -1
36 -2 -5 ML-F3C 10 28 7 0 452 -1
36 -2 -4 ML-F3C 9 28 7 0 452 -1
36 -2 -3 ML-F2C 11 21 5 2 426 -1
36 -2 -2 ML-T2C 4 21 5 2 426 -1
36 -2 1 ML-B2C 7 27 6 3 259 -1
36 -2 2 ML-F2C 2 28 7 0 260 -1
36 -2 3 ML-F3C 9 28 7 0 260 -1
36 -2 4 ML-F3C 7 20 5 1 234 -1
36 -2 5 ML-F3C 8 20 5 1 234 -1
36 -2 6 ML-F3C 9 20 5 1 234 -1
36 -2 7 ML-F3C 10 20 5 1 234 -1
36 -2 8 ML-53C 11 20 5 1 234 -1
36 -1 -9 ML-T3C 8 28 7 0 452 -1
36 -1 -8 ML-F3C 7 28 7 0 452 -1
36 -1 -7 ML-F3C 6 28 7 0 452 -1
36 -1 -6 ML-F3C 5 28 7 0 452 -1
36 -1 -5 ML-F3C 4 28 7 0 452 -1
36 -1 -4 ML-F3C 3 28 7 0 452 -1
36 -1 -3 ML-F2C 2 28 7 0 452 -1
36 -1 3 ML-F2C 11 21 5 2 234 -1
36 -1 4 ML-F3C 0 22 4 3 233 -1
36 -1 5 ML-F3C 1 22 4 3 233 -1
36 -1 6 ML-F3C 2 22 4 3 233 -1
36 -1 7 ML-F3C 3 22 4 3 233 -1
36 -1 8 ML-F3C 4 22 4 3 233 -1
36 -1 9 ML-B3C 5 22 4 3 233 -1
36 0 -8 ML-F3C 1 28 7 0 452 -1
36 0 -7 ML-F3C 0 28 7 0 452 -1
36 0 -6 ML-F3C 11 27 6 3 451 -1
36 0 -5 ML-F3C 10 27 6 3 451 -1
36 0 -4 ML-F3C 9 27 6 3 451 -1
36 0 -3 ML-F3C 8 27 6 3 451 -1
36 0 -2 ML-B2C 7 27 6 3 451 -1
36 0 0 TM-J8 6 22 4 3 41 -1
36 0 1 TM-J8 8 22 4 3 41 -1
36 0 2 TM-J8 4 20 5 1 30 -1
36 0 3 ML-T2C 4 21 5 2 234 -1
36 0 3 TM-J8 9 29 7 1 68 -1
36 0 4 ML-F3C 5 21 5 2 234 -1
36 0 4 TM-J8 11 29 7 1 68 -1
36 0 5 TM-J8 10 20 5 1 18 -1
36 0 5 ML-F3C 6 21 5 2 234 -1
36 0 6 ML-F3C 7 21 5 2 234 -1
36 0 6 TM-J8 10 19 5 0 114 -1
36 0 7 ML-F3C 8 21 5 2 234 -1
36 0 7 TM-J8 0 20 5 1 114 -1
36 0 8 ML-F3C 9 21 5 2 234 -1
36 0 8 TM-J8 2 20 5 1 114 -1
36 0 9 ML-F3C 10 21 5 2 234 -1
36 0 9 TM-J8 3 29 7 1 152 -1
36 0 10 TM-J8 5 29 7 1 152 -1
36 0 11 TM-J8 7 22 4 3 101 -1
36 0 12 TM-J8 6 22 4 3 233 -1
36 0 13 TM-J8 8 22 4 3 233 -1
36 0 14 TM-J8 4 20 5 1 222 -1
36 0 15 TM-J8 9 29 7 1 260 -1
36 0 16 TM-J8 11 29 7 1 260 -1
36 0 17 TM-J8 10 20 5 1 210 -1
36 0 18 TM-J8 10 19 5 0 306 -1
36 0 19 TM-J8 0 20 5 1 306 -1
36 0 20 TM-J8 2 20 5 1 306 -1
36 0 21 TM-J8 3 29 7 1 344 -1
36 0 22 TM-J8 5 29 7 1 344 -1
36 0 23 TM-J8 7 22 4 3 293 -1
36 0 24 TM-J8 6 22 4 3 425 -1
36 0 25 TM-J8 8 22 4 3 425 -1
36 0 26 TM-J8 4 20 5 1 414 -1
36 0 27 TM-J8 9 29 7 1 452 -1
36 0 28 TM-J8 11 29 7 1 452 -1
36 0 29 TM-J8 10 20 5 1 402 -1
36 0 30 TM-J8 10 19 5 0 498 -1
36 0 31 TM-J8 0 20 5 1 498 -1
36 0 32 TM-J8 2 20 5 1 498 -1
36 0 33 TM-J8 3 29 7 1 536 -1
36 0 34 TM-J8 5 29 7 1 536 -1
36 0 35 TM-J8 7 22 4 3 485 -1
36 1 -8 ML-B3C 9 19 5 0 498 -1
36 1 -7 ML-F3C 8 19 5 0 498 -1
36 1 -6 ML-F3C 7 19 5 0 498 -1
36 1 -5 ML-F3C 6 19 5 0 498 -1
36 1 -4 ML-F3C 5 19 5 0 498 -1
36 1 -3 ML-F3C 4 19 5 0 498 -1
36 1 -2 ML-F2C 3 19 5 0 498 -1
36 1 0 TM-K7 7 22 4 3 41 -1
36 1 1 TM-K7 9 22 4 3 41 -1
36 1 2 TM-K7 5 20 5 1 30 -1
36 1 3 TM-K7 10 29 7 1 68 -1
36 1 4 TM-K7 0 30 7 2 68 -1
36 1 4 ML-F2C 9 27 6 3 151 -1
36 1 5 TM-K7 11 20 5 1 18 -1
36 1 5 ML-F3C 10 27 6 3 151 -1
36 1 6 TM-K7 11 19 5 0 114 -1
36 1 6 ML-F3C 11 27 6 3 151 -1
36 1 7 TM-K7 1 20 5 1 114 -1
36 1 7 ML-F3C 0 28 7 0 152 -1
36 1 8 TM-K7 3 20 5 1 114 -1
36 1 8 ML-F3C 1 28 7 0 152 -1
36 1 9 ML-F3C 2 28 7 0 152 -1
36 1 9 TM-K7 4 29 7 1 152 -1
36 1 10 ML-T3C 3 28 7 0 152 -1
36 1 10 TM-K7 6 29 7 1 152 -1
36 1 11 TM-K7 8 22 4 3 101 -1
36 1 12 TM-K7 7 22 4 3 233 -1
36 1 13 TM-K7 9 22 4 3 233 -1
36 1 14 TM-K7 5 20 5 1 222 -1
36 1 15 TM-K7 10 29 7 1 260 -1
36 1 16 TM-K7 0 30 7 2 260 -1
36 1 17 TM-K7 11 20 5 1 210 -1
36 1 18 TM-K7 11 19 5 0 306 -1
36 1 19 TM-K7 1 20 5 1 306 -1
36 1 20 TM-K7 3 20 5 1 306 -1
36 1 21 TM-K7 4 29 7 1 344 -1
36 1 22 TM-K7 6 29 7 1 344 -1
36 1 23 TM-K7 8 22 4 3 293 -1
36 1 24 TM-K7 7 22 4 3 425 -1
36 1 25 TM-K7 9 22 4 3 425 -1
36 1 26 TM-K7 5 20 5 1 414 -1
36 1 27 TM-K7 10 29 7 1 452 -1
36 1 28 TM-K7 0 30 7 2 452 -1
36 1 29 TM-K7 11 20 5 1 402 -1
36 1 30 TM-K7 11 19 5 0 498 -1
36 1 31 TM-K7 1 20 5 1 498 -1
36 1 32 TM-K7 3 20 5 1 498 -1
36 1 33 TM-K7 4 29 7 1 536 -1
36 1 34 TM-K7 6 29 7 1 536 -1
36 1 35 TM-K7 8 22 4 3 485 -1
36 2 -7 ML-F3C 2 19 5 0 498 -1
36 2 -6 ML-F3C 1 19 5 0 498 -1
36 2 -5 ML-F3C 0 19 5 0 498 -1
36 2 -4 ML-F3C 11 18 3 3 496 -1
36 2 -3 ML-F3C 10 18 3 3 496 -1
36 2 -2 ML-F3C 9 18 3 3 496 -1
36 2 -1 ML-52C 2 27 6 3 535 -1
36 2 4 ML-52C 2 27 6 3 151 -1
36 2 5 ML-F3C 3 27 6 3 151 -1
36 2 6 ML-F3C 4 27 6 3 151 -1
36 2 7 ML-F3C 5 27 6 3 151 -1
36 2 8 ML-F3C 6 27 6 3 151 -1
36 2 9 ML-F3C 7 27 6 3 151 -1
36 2 10 ML-F3C 8 27 6 3 151 -1
36 3 -6 ML-F3C 8 18 3 3 496 -1
36 3 -5 ML-F3C 7 18 3 3 496 -1
36 3 -4 ML-F3C 6 18 3 3 496 -1
36 3 -3 ML-F3C 5 18 3 3 496 -1
36 3 -2 ML-F3C 4 28 7 0 536 -1
36 3 -1 ML-F3C 3 27 6 3 535 -1
36 3 0 ML-F2C 9 27 6 3 535 -1
36 3 1 ML-T2C 4 21 5 2 42 -1
36 3 3 ML-B2C 7 27 6 3 67 -1
36 3 4 ML-F2C 3 19 5 0 114 -1
36 3 5 ML-F3C 9 18 3 3 112 -1
36 3 6 ML-F3C 4 28 7 0 152 -1
36 3 7 ML-F3C 5 28 7 0 152 -1
36 3 8 ML-F3C 6 28 7 0 152 -1
36 3 9 ML-F3C 7 28 7 0 152 -1
36 3 10 ML-F3C 8 28 7 0 152 -1
36 4 -6 ML-L3C 4 18 3 3 496 -1
36 4 -5 ML-F3C 2 18 3 3 496 -1
36 4 -4 ML-F3C 1 18 3 3 496 -1
36 4 -3 ML-F3C 9 28 7 0 536 -1
36 4 -2 ML-F3C 5 28 7 0 536 -1
36 4 -1 ML-F3C 4 27 6 3 535 -1
36 4 0 ML-F3C 10 27 6 3 535 -1
36 4 1 ML-F3C 5 21 5 2 42 -1
36 4 2 ML-F2C 11 21 5 2 42 -1
36 4 3 ML-F2C 2 28 7 0 68 -1
36 4 4 ML-F3C 8 27 6 3 67 -1
36 4 5 ML-F3C 4 19 5 0 114 -1
36 4 6 ML-F3C 10 18 3 3 112 -1
36 4 7 ML-F3C 5 18 3 3 112 -1
36 4 8 ML-F3C 9 28 7 0 152 -1
36 4 9 ML-F3C 10 28 7 0 152 -1
36 4 10 ML-F3C 11 28 7 0 152 -1
36 4 11 ML-R3C 0 29 7 1 152 -1
36 5 -5 ML-R3C 3 18 3 3 496 -1
36 5 -4 ML-F3C 1 29 7 1 536 -1
36 5 -3 ML-F3C 10 28 7 0 536 -1
36 5 -2 ML-F3C 6 28 7 0 536 -1
36 5 -1 ML-F3C 5 27 6 3 535 -1
36 5 0 ML-F3C 11 27 6 3 535 -1
36 5 1 ML-F3C 6 21 5 2 42 -1
36 5 2 ML-F3C 0 22 4 3 41 -1
36 5 3 ML-F3C 9 28 7 0 68 -1
36 5 4 ML-F3C 3 28 7 0 68 -1
36 5 5 ML-F3C 9 27 6 3 67 -1
36 5 6 ML-F3C 5 19 5 0 114 -1
36 5 7 ML-F3C 11 18 3 3 112 -1
36 5 8 ML-F3C 6 18 3 3 112 -1
36 5 9 ML-F3C 1 18 3 3 112 -1
36 5 10 ML-F3C 1 29 7 1 152 -1
36 5 11 ML-L3C 2 29 7 1 152 -1
36 6 -4 ML-L3C 2 29 7 1 536 -1
36 6 -3 ML-F3C 11 28 7 0 536 -1
36 6 -2 ML-F3C 7 28 7 0 536 -1
36 6 -1 ML-F3C 6 27 6 3 535 -1
36 6 0 ML-F3C 0 28 7 0 536 -1
36 6 1 ML-F3C 7 21 5 2 42 -1
36 6 2 ML-F3C 1 22 4 3 41 -1
36 6 3 ML-F3C 7 20 5 1 42 -1
36 6 4 ML-F3C 10 28 7 0 68 -1
36 6 5 ML-F3C 4 28 7 0 68 -1
36 6 6 ML-F3C 10 27 6 3 67 -1
36 6 7 ML-F3C 6 19 5 0 114 -1
36 6 8 ML-F3C 0 19 5 0 114 -1
36 6 9 ML-F3C 7 18 3 3 112 -1
36 6 10 ML-F3C 2 18 3 3 112 -1
36 6 11 ML-R3C 3 18 3 3 112 -1
36 7 -3 ML-R3C 0 29 7 1 536 -1
36 7 -2 ML-F3C 8 28 7 0 536 -1
36 7 -1 ML-F3C 7 27 6 3 535 -1
36 7 0 ML-F3C 1 28 7 0 536 -1
36 7 1 ML-F3C 8 21 5 2 42 -1
36 7 2 ML-F3C 2 22 4 3 41 -1
36 7 3 ML-F3C 8 20 5 1 42 -1
36 7 4 ML-F3C 3 29 7 1 68 -1
36 7 5 ML-F3C 11 28 7 0 68 -1
36 7 6 ML-F3C 5 28 7 0 68 -1
36 7 7 ML-F3C 11 27 6 3 67 -1
36 7 8 ML-F3C 7 19 5 0 114 -1
36 7 9 ML-F3C 1 19 5 0 114 -1
36 7 10 ML-F3C 8 18 3 3 112 -1
36 7 11 ML-L3C 4 18 3 3 112 -1
36 8 -1 ML-F3C 8 27 6 3 535 -1
36 8 0 ML-F3C 2 28 7 0 536 -1
36 8 1 ML-F3C 9 21 5 2 42 -1
36 8 2 ML-F3C 3 22 4 3 41 -1
36 8 3 ML-F3C 9 20 5 1 42 -1
36 8 4 ML-F3C 0 21 5 2 42 -1
36 8 5 ML-F3C 4 29 7 1 68 -1
36 8 6 ML-F3C 0 29 7 1 68 -1
36 8 7 ML-F3C 6 28 7 0 68 -1
36 8 8 ML-F3C 0 28 7 0 68 -1
36 8 9 ML-F3C 8 19 5 0 114 -1
36 8 10 ML-F3C 2 19 5 0 114 -1
36 9 0 ML-T3C 3 28 7 0 536 -1
36 9 1 ML-F3C 10 21 5 2 42 -1
36 9 2 ML-F3C 4 22 4 3 41 -1
36 9 3 ML-F3C 10 20 5 1 42 -1
36 9 4 ML-F3C 1 21 5 2 42 -1
36 9 5 ML-F3C 5 29 7 1 68 -1
36 9 6 ML-F3C 6 29 7 1 68 -1
36 9 7 ML-F3C 1 29 7 1 68 -1
36 9 8 ML-F3C 7 28 7 0 68 -1
36 9 9 ML-F3C 1 28 7 0 68 -1
36 9 10 ML-B3C 9 19 5 0 114 -1
36 10 2 ML-B3C 5 22 4 3 41 -1
36 10 3 ML-53C 11 20 5 1 42 -1
36 10 4 ML-F3C 2 21 5 2 42 -1
36 10 5 ML-F3C 3 21 5 2 42 -1
36 10 6 ML-F3C 7 29 7 1 68 -1
36 10 7 ML-F3C 8 29 7 1 68 -1
36 10 8 ML-53C 2 29 7 1 68 -1
36 10 9 ML-T3C 8 28 7 0 68 -1
37 -10 -9 ML-T3C 10 23 5 3 294 -1
37 -10 -8 ML-53C 4 24 6 0 295 -1
37 -10 -7 ML-F3C 5 25 6 1 295 -1
37 -10 -6 ML-F3C 7 25 6 1 295 -1
37 -10 -5 ML-F3C 0 25 6 1 295 -1
37 -10 -4 ML-F3C 1 25 6 1 295 -1
37 -10 -3 ML-53C 9 24 6 0 295 -1
37 -10 -2 ML-B3C 2 26 6 2 295 -1
37 -9 -10 ML-B3C 2 22 4 3 413 -1
37 -9 -9 ML-F3C 3 23 5 3 294 -1
37 -9 -8 ML-F3C 9 23 5 3 294 -1
37 -9 -7 ML-F3C 3 24 6 0 295 -1
37 -9 -6 ML-F3C 4 25 6 1 295 -1
37 -9 -5 ML-F3C 6 25 6 1 295 -1
37 -9 -4 ML-F3C 11 24 6 0 295 -1
37 -9 -3 ML-F3C 8 24 6 0 295 -1
37 -9 -2 ML-F3C 1 26 6 2 295 -1
37 -9 -1 ML-F3C 9 26 6 2 295 -1
37 -9 0 ML-T3C 1 22 4 3 209 -1
37 -8 -10 ML-F3C 7 21 5 2 414 -1
37 -8 -9 ML-F3C 1 22 4 3 413 -1
37 -8 -8 ML-F3C 2 23 5 3 294 -1
37 -8 -7 ML-F3C 8 23 5 3 294 -1
37 -8 -6 ML-F3C 2 24 6 0 295 -1
37 -8 -5 ML-F3C 3 25 6 1 295 -1
37 -8 -4 ML-F3C 10 24 6 0 295 -1
37 -8 -3 ML-F3C 7 24 6 0 295 -1
37 -8 -2 ML-F3C 0 26 6 2 295 -1
37 -8 -1 ML-F3C 8 26 6 2 295 -1
37 -8 0 ML-F3C 0 22 4 3 209 -1
37 -8 1 ML-F3C 6 21 5 2 210 -1
37 -7 -11 ML-L3C 8 20 5 1 414 -1
37 -7 -10 ML-F3C 1 21 5 2 414 -1
37 -7 -9 ML-F3C 6 21 5 2 414 -1
37 -7 -8 ML-F3C 0 22 4 3 413 -1
37 -7 -7 ML-F3C 1 23 5 3 294 -1
37 -7 -6 ML-F3C 7 23 5 3 294 -1
37 -7 -5 ML-F3C 1 24 6 0 295 -1
37 -7 -4 ML-F3C 2 25 6 1 295 -1
37 -7 -3 ML-F3C 6 24 6 0 295 -1
37 -7 -2 ML-F3C 11 25 6 1 295 -1
37 -7 -1 ML-F3C 7 26 6 2 295 -1
37 -7 0 ML-F3C 11 21 5 2 210 -1
37 -7 1 ML-F3C 5 21 5 2 210 -1
37 -7 2 ML-F3C 6 22 4 3 209 -1
37 -7 3 ML-R3C 0 23 5 3 210 -1
37 -6 -11 ML-R3C 9 20 5 1 414 -1
37 -6 -10 ML-F3C 7 20 5 1 414 -1
37 -6 -9 ML-F3C 0 21 5 2 414 -1
37 -6 -8 ML-F3C 5 21 5 2 414 -1
37 -6 -7 ML-F3C 11 21 5 2 414 -1
37 -6 -6 ML-F3C 0 23 5 3 294 -1
37 -6 -5 ML-F3C 6 23 5 3 294 -1
37 -6 -4 ML-F3C 0 24 6 0 295 -1
37 -6 -3 ML-F3C 5 24 6 0 295 -1
37 -6 -2 ML-F3C 10 25 6 1 295 -1
37 -6 -1 ML-F3C 6 26 6 2 295 -1
37 -6 0 ML-F3C 10 21 5 2 210 -1
37 -6 1 ML-F3C 4 21 5 2 210 -1
37 -6 2 ML-F3C 5 22 4 3 209 -1
37 -6 3 ML-F3C 10 22 4 3 209 -1
37 -6 4 ML-L3C 11 22 4 3 209 -1
37 -5 -11 ML-L3C 11 22 4 3 401 -1
37 -5 -10 ML-F3C 9 22 4 3 401 -1
37 -5 -9 ML-F3C 6 20 5 1 414 -1
37 -5 -8 ML-F3C 11 20 5 1 414 -1
37 -5 -7 ML-F3C 4 21 5 2 414 -1
37 -5 -6 ML-F3C 10 21 5 2 414 -1
37 -5 -5 ML-F3C 11 22 4 3 293 -1
37 -5 -4 ML-F3C 5 23 5 3 294 -1
37 -5 -3 ML-F3C 11 23 5 3 294 -1
37 -5 -2 ML-F3C 9 25 6 1 295 -1
37 -5 -1 ML-F3C 5 26 6 2 295 -1
37 -5 0 ML-F3C 9 21 5 2 210 -1
37 -5 1 ML-F3C 3 21 5 2 210 -1
37 -5 2 ML-F3C 4 22 4 3 209 -1
37 -5 3 ML-F3C 8 22 4 3 209 -1
37 -5 4 ML-F3C 9 22 4 3 209 -1
37 -5 5 ML-R3C 9 20 5 1 222 -1
37 -4 -11 ML-R3C 0 23 5 3 402 -1
37 -4 -10 ML-F3C 10 22 4 3 401 -1
37 -4 -9 ML-F3C 8 22 4 3 401 -1
37 -4 -8 ML-F3C 7 22 4 3 401 -1
37 -4 -7 ML-F3C 10 20 5 1 414 -1
37 -4 -6 ML-F3C 3 21 5 2 414 -1
37 -4 -5 ML-F3C 9 21 5 2 414 -1
37 -4 -4 ML-F3C 10 22 4 3 293 -1
37 -4 -3 ML-F2C 4 23 5 3 294 -1
37 -4 -2 ML-F2C 8 25 6 1 295 -1
37 -4 -1 ML-F3C 4 26 6 2 295 -1
37 -4 0 ML-F3C 8 21 5 2 210 -1
37 -4 1 ML-F3C 2 21 5 2 210 -1
37 -4 2 ML-F3C 3 22 4 3 209 -1
37 -4 3 ML-F3C 7 22 4 3 209 -1
37 -4 4 ML-F3C 6 20 5 1 222 -1
37 -4 5 ML-F3C 7 20 5 1 222 -1
37 -4 6 ML-L3C 8 20 5 1 222 -1
37 -3 -10 ML-F3C 6 22 4 3 401 -1
37 -3 -9 ML-F3C 5 22 4 3 401 -1
37 -3 -8 ML-F3C 4 22 4 3 401 -1
37 -3 -7 ML-F3C 3 22 4 3 401 -1
37 -3 -6 ML-F3C 2 22 4 3 401 -1
37 -3 -5 ML-F3C 2 21 5 2 414 -1
37 -3 -4 ML-F2C 8 21 5 2 414 -1
37 -3 -3 ML-B2C 9 22 4 3 293 -1
37 -3 -1 ML-T2C 3 26 6 2 295 -1
37 -3 0 ML-F2C 7 21 5 2 210 -1
37 -3 1 ML-F3C 1 21 5 2 210 -1
37 -3 2 ML-F3C 2 22 4 3 209 -1
37 -3 3 ML-F3C 10 20 5 1 222 -1
37 -3 4 ML-F3C 11 20 5 1 222 -1
37 -3 5 ML-F3C 0 21 5 2 222 -1
37 -3 6 ML-F3C 1 21 5 2 222 -1
37 -2 -10 ML-F3C 6 21 5 2 402 -1
37 -2 -9 ML-F3C 5 21 5 2 402 -1
37 -2 -8 ML-F3C 4 21 5 2 402 -1
37 -2 -7 ML-F3C 3 21 5 2 402 -1
37 -2 -6 ML-F3C 2 21 5 2 402 -1
37 -2 -5 ML-F3C 1 21 5 2 402 -1
37 -2 -4 ML-52C 0 21 5 2 402 -1
37 -2 1 ML-52C 0 21 5 2 210 -1
37 -2 2 ML-F3C 2 21 5 2 222 -1
37 -2 3 ML-F3C 3 21 5 2 222 -1
37 -2 4 ML-F3C 4 21 5 2 222 -1
37 -2 5 ML-F3C 5 21 5 2 222 -1
37 -2 6 ML-F3C 6 21 5 2 222 -1
37 -2 7 ML-F3C 7 21 5 2 222 -1
37 -1 -10 ML-T3C 1 22 4 3 401 -1
37 -1 -9 ML-F3C 0 22 4 3 401 -1
37 -1 -8 ML-F3C 11 21 5 2 402 -1
37 -1 -7 ML-F3C 10 21 5 2 402 -1
37 -1 -6 ML-F3C 9 21 5 2 402 -1
37 -1 -5 ML-F3C 8 21 5 2 402 -1
37 -1 -4 ML-F2C 7 21 5 2 402 -1
37 -1 2 ML-F2C 8 21 5 2 222 -1
37 -1 3 ML-F3C 9 21 5 2 222 -1
37 -1 4 ML-F3C 10 21 5 2 222 -1
37 -1 5 ML-F3C 11 21 5 2 222 -1
37 -1 6 ML-F3C 0 22 4 3 221 -1
37 -1 7 ML-F3C 1 22 4 3 221 -1
37 -1 8 ML-B3C 2 22 4 3 221 -1
37 0 -9 ML-F3C 9 26 6 2 487 -1
37 0 -8 ML-F3C 8 26 6 2 487 -1
37 0 -7 ML-F3C 7 26 6 2 487 -1
37 0 -6 ML-F3C 6 26 6 2 487 -1
37 0 -5 ML-F3C 5 26 6 2 487 -1
37 0 -4 ML-F3C 4 26 6 2 487 -1
37 0 -3 ML-T2C 3 26 6 2 487 -1
37 0 2 ML-B2C 9 22 4 3 101 -1
37 0 3 ML-F3C 10 22 4 3 101 -1
37 0 4 ML-F3C 11 22 4 3 101 -1
37 0 5 ML-F3C 0 23 5 3 102 -1
37 0 6 ML-F3C 1 23 5 3 102 -1
37 0 7 ML-F3C 2 23 5 3 102 -1
37 0 8 ML-F3C 3 23 5 3 102 -1
37 1 -9 ML-B3C 2 26 6 2 487 -1
37 1 -8 ML-F3C 1 26 6 2 487 -1
37 1 -7 ML-F3C 0 26 6 2 487 -1
37 1 -6 ML-F3C 11 25 6 1 487 -1
37 1 -5 ML-F3C 10 25 6 1 487 -1
37 1 -4 ML-F3C 9 25 6 1 487 -1
37 1 -3 ML-F2C 8 25 6 1 487 -1
37 1 3 ML-F2C 4 23 5 3 102 -1
37 1 4 ML-F3C 5 23 5 3 102 -1
37 1 5 ML-F3C 6 23 5 3 102 -1
37 1 6 ML-F3C 7 23 5 3 102 -1
37 1 7 ML-F3C 8 23 5 3 102 -1
37 1 8 ML-F3C 9 23 5 3 102 -1
37 1 9 ML-T3C 10 23 5 3 102 -1
37 2 -8 ML-53C 9 24 6 0 487 -1
37 2 -7 ML-F3C 8 24 6 0 487 -1
37 2 -6 ML-F3C 7 24 6 0 487 -1
37 2 -5 ML-F3C 6 24 6 0 487 -1
37 2 -4 ML-F3C 5 24 6 0 487 -1
37 2 -3 ML-F3C 11 23 5 3 486 -1
37 2 -2 ML-F2C 4 23 5 3 486 -1
37 2 -1 ML-B2C 9 22 4 3 485 -1
37 2 0 TM-J8 3 22 4 3 29 -1
37 2 1 TM-J8 5 22 4 3 29 -1
37 2 2 TM-J8 7 22 4 3 29 -1
37 2 2 ML-T2C 3 26 6 2 103 -1
37 2 3 TM-J8 1 23 5 3 18 -1
37 2 3 ML-F2C 8 25 6 1 103 -1
37 2 4 TM-J8 3 23 5 3 18 -1
37 2 4 ML-F3C 11 23 5 3 102 -1
37 2 5 TM-J8 5 23 5 3 18 -1
37 2 5 ML-F3C 0 24 6 0 103 -1
37 2 6 ML-F3C 1 24 6 0 103 -1
37 2 6 TM-J8 10 26 6 2 103 -1
37 2 7 ML-F3C 2 24 6 0 103 -1
37 2 7 TM-J8 0 27 6 3 103 -1
37 2 8 ML-F3C 3 24 6 0 103 -1
37 2 8 TM-J8 4 20 5 1 114 -1
37 2 9 ML-53C 4 24 6 0 103 -1
37 2 9 TM-J8 2 27 6 3 103 -1
37 2 10 TM-J8 4 27 6 3 103 -1
37 2 11 TM-J8 6 27 6 3 103 -1
37 2 12 TM-J8 3 22 4 3 221 -1
37 2 13 TM-J8 5 22 4 3 221 -1
37 2 14 TM-J8 7 22 4 3 221 -1
37 2 15 TM-J8 1 23 5 3 210 -1
37 2 16 TM-J8 3 23 5 3 210 -1
37 2 17 TM-J8 5 23 5 3 210 -1
37 2 18 TM-J8 10 26 6 2 295 -1
37 2 19 TM-J8 0 27 6 3 295 -1
37 2 20 TM-J8 4 20 5 1 306 -1
37 2 21 TM-J8 2 27 6 3 295 -1
37 2 22 TM-J8 4 27 6 3 295 -1
37 2 23 TM-J8 6 27 6 3 295 -1
37 2 24 TM-J8 3 22 4 3 413 -1
37 2 25 TM-J8 5 22 4 3 413 -1
37 2 26 TM-J8 7 22 4 3 413 -1
37 2 27 TM-J8 1 23 5 3 402 -1
37 2 28 TM-J8 3 23 5 3 402 -1
37 2 29 TM-J8 5 23 5 3 402 -1
37 2 30 TM-J8 10 26 6 2 487 -1
37 2 31 TM-J8 0 27 6 3 487 -1
37 2 32 TM-J8 4 20 5 1 498 -1
37 2 33 TM-J8 2 27 6 3 487 -1
37 2 34 TM-J8 4 27 6 3 487 -1
37 2 35 TM-J8 6 27 6 3 487 -1
37 3 -7 ML-F3C 1 25 6 1 487 -1
37 3 -6 ML-F3C 11 24 6 0 487 -1
37 3 -5 ML-F3C 10 24 6 0 487 -1
37 3 -4 ML-F3C 2 25 6 1 487 -1
37 3 -3 ML-F3C 0 24 6 0 487 -1
37 3 -2 ML-F3C 5 23 5 3 486 -1
37 3 -1 ML-F3C 10 22 4 3 485 -1
37 3 0 ML-F2C 8 21 5 2 30 -1
37 3 0 TM-K7 4 22 4 3 29 -1
37 3 1 ML-52C 0 21 5 2 18 -1
37 3 1 TM-K7 6 22 4 3 29 -1
37 3 2 ML-F2C 7 21 5 2 18 -1
37 3 2 TM-K7 8 22 4 3 29 -1
37 3 3 TM-K7 2 23 5 3 18 -1
37 3 3 ML-F3C 4 26 6 2 103 -1
37 3 4 TM-K7 4 23 5 3 18 -1
37 3 4 ML-F3C 9 25 6 1 103 -1
37 3 5 TM-K7 6 23 5 3 18 -1
37 3 5 ML-F3C 5 24 6 0 103 -1
37 3 6 ML-F3C 2 25 6 1 103 -1
37 3 6 TM-K7 11 26 6 2 103 -1
37 3 7 ML-F3C 3 25 6 1 103 -1
37 3 7 TM-K7 1 27 6 3 103 -1
37 3 8 ML-F3C 4 25 6 1 103 -1
37 3 8 TM-K7 5 20 5 1 114 -1
37 3 9 ML-F3C 5 25 6 1 103 -1
37 3 9 TM-K7 3 27 6 3 103 -1
37 3 10 TM-K7 5 27 6 3 103 -1
37 3 11 TM-K7 7 27 6 3 103 -1
37 3 12 TM-K7 4 22 4 3 221 -1
37 3 13 TM-K7 6 22 4 3 221 -1
37 3 14 TM-K7 8 22 4 3 221 -1
37 3 15 TM-K7 2 23 5 3 210 -1
37 3 16 TM-K7 4 23 5 3 210 -1
37 3 17 TM-K7 6 23 5 3 210 -1
37 3 18 TM-K7 11 26 6 2 295 -1
37 3 19 TM-K7 1 27 6 3 295 -1
37 3 20 TM-K7 5 20 5 1 306 -1
37 3 21 TM-K7 3 27 6 3 295 -1
37 3 22 TM-K7 5 27 6 3 295 -1
37 3 23 TM-K7 7 27 6 3 295 -1
37 3 24 TM-K7 4 22 4 3 413 -1
37 3 25 TM-K7 6 22 4 3 413 -1
37 3 26 TM-K7 8 22 4 3 413 -1
37 3 27 TM-K7 2 23 5 3 402 -1
37 3 28 TM-K7 4 23 5 3 402 -1
37 3 29 TM-K7 6 23 5 3 402 -1
37 3 30 TM-K7 11 26 6 2 487 -1
37 3 31 TM-K7 1 27 6 3 487 -1
37 3 32 TM-K7 5 20 5 1 498 -1
37 3 33 TM-K7 3 27 6 3 487 -1
37 3 34 TM-K7 5 27 6 3 487 -1
37 3 35 TM-K7 7 27 6 3 487 -1
37 4 -6 ML-F3C 0 25 6 1 487 -1
37 4 -5 ML-F3C 6 25 6 1 487 -1
37 4 -4 ML-F3C 3 25 6 1 487 -1
37 4 -3 ML-F3C 1 24 6 0 487 -1
37 4 -2 ML-F3C 6 23 5 3 486 -1
37 4 -1 ML-F3C 11 22 4 3 485 -1
37 4 0 ML-F3C 9 21 5 2 30 -1
37 4 1 ML-F3C 2 21 5 2 30 -1
37 4 2 ML-F3C 1 21 5 2 18 -1
37 4 3 ML-F3C 8 21 5 2 18 -1
37 4 4 ML-F3C 5 26 6 2 103 -1
37 4 5 ML-F3C 10 25 6 1 103 -1
37 4 6 ML-F3C 6 24 6 0 103 -1
37 4 7 ML-F3C 10 24 6 0 103 -1
37 4 8 ML-F3C 6 25 6 1 103 -1
37 4 9 ML-F3C 7 25 6 1 103 -1
37 5 -5 ML-F3C 7 25 6 1 487 -1
37 5 -4 ML-F3C 4 25 6 1 487 -1
37 5 -3 ML-F3C 2 24 6 0 487 -1
37 5 -2 ML-F3C 7 23 5 3 486 -1
37 5 -1 ML-F3C 0 23 5 3 486 -1
37 5 0 ML-F3C 10 21 5 2 30 -1
37 5 1 ML-F3C 3 21 5 2 30 -1
37 5 2 ML-F3C 2 22 4 3 17 -1
37 5 3 ML-F3C 2 21 5 2 18 -1
37 5 4 ML-F3C 9 21 5 2 18 -1
37 5 5 ML-F3C 6 26 6 2 103 -1
37 5 6 ML-F3C 11 25 6 1 103 -1
37 5 7 ML-F3C 7 24 6 0 103 -1
37 5 8 ML-F3C 11 24 6 0 103 -1
37 5 9 ML-F3C 0 25 6 1 103 -1
37 6 -4 ML-F3C 5 25 6 1 487 -1
37 6 -3 ML-F3C 3 24 6 0 487 -1
37 6 -2 ML-F3C 8 23 5 3 486 -1
37 6 -1 ML-F3C 1 23 5 3 486 -1
37 6 0 ML-F3C 11 21 5 2 30 -1
37 6 1 ML-F3C 4 21 5 2 30 -1
37 6 2 ML-F3C 10 20 5 1 30 -1
37 6 3 ML-F3C 3 22 4 3 17 -1
37 6 4 ML-F3C 3 21 5 2 18 -1
37 6 5 ML-F3C 10 21 5 2 18 -1
37 6 6 ML-F3C 7 26 6 2 103 -1
37 6 7 ML-F3C 0 26 6 2 103 -1
37 6 8 ML-F3C 8 24 6 0 103 -1
37 6 9 ML-F3C 1 25 6 1 103 -1
37 7 -3 ML-53C 4 24 6 0 487 -1
37 7 -2 ML-F3C 9 23 5 3 486 -1
37 7 -1 ML-F3C 2 23 5 3 486 -1
37 7 0 ML-F3C 0 22 4 3 29 -1
37 7 1 ML-F3C 5 21 5 2 30 -1
37 7 2 ML-F3C 11 20 5 1 30 -1
37 7 3 ML-F3C 7 22 4 3 17 -1
37 7 4 ML-F3C 4 22 4 3 17 -1
37 7 5 ML-F3C 4 21 5 2 18 -1
37 7 6 ML-F3C 11 21 5 2 18 -1
37 7 7 ML-F3C 8 26 6 2 103 -1
37 7 8 ML-F3C 1 26 6 2 103 -1
37 7 9 ML-53C 9 24 6 0 103 -1
37 8 -2 ML-T3C 10 23 5 3 486 -1
37 8 -1 ML-F3C 3 23 5 3 486 -1
37 8 0 ML-F3C 1 22 4 3 29 -1
37 8 1 ML-F3C 6 21 5 2 30 -1
37 8 2 ML-F3C 0 21 5 2 30 -1
37 8 3 ML-F3C 6 20 5 1 30 -1
37 8 4 ML-F3C 8 22 4 3 17 -1
37 8 5 ML-F3C 5 22 4 3 17 -1
37 8 6 ML-F3C 5 21 5 2 18 -1
37 8 7 ML-F3C 0 22 4 3 17 -1
37 8 8 ML-F3C 9 26 6 2 103 -1
37 8 9 ML-B3C 2 26 6 2 103 -1
37 9 0 ML-B3C 2 22 4 3 29 -1
37 9 1 ML-F3C 7 21 5 2 30 -1
37 9 2 ML-F3C 1 21 5 2 30 -1
37 9 3 ML-F3C 7 20 5 1 30 -1
37 9 4 ML-F3C 9 22 4 3 17 -1
37 9 5 ML-F3C 10 22 4 3 17 -1
37 9 6 ML-F3C 6 22 4 3 17 -1
37 9 7 ML-F3C 6 21 5 2 18 -1
37 9 8 ML-T3C 1 22 4 3 17 -1
37 10 3 ML-L3C 8 20 5 1 30 -1
37 10 4 ML-R3C 9 20 5 1 30 -1
37 10 5 ML-L3C 11 22 4 3 17 -1
37 10 6 ML-R3C 0 23 5 3 18 -1
38 -9 -5 ML-R3C 3 26 6 2 319 -1
38 -9 -4 ML-L3C 4 26 6 2 319 -1
38 -9 -3 ML-R3C 10 26 6 2 331 -1
38 -8 -7 ML-T3C 3 25 6 1 319 -1
38 -8 -6 ML-F3C 8 25 6 1 319 -1
38 -8 -5 ML-F3C 0 26 6 2 319 -1
38 -8 -4 ML-F3C 2 26 6 2 319 -1
38 -8 -3 ML-F3C 8 26 6 2 331 -1
38 -8 -2 ML-F3C 9 26 6 2 331 -1
38 -8 -1 ML-F3C 3 27 6 3 331 -1
38 -8 0 ML-B3C 9 27 6 3 331 -1
38 -7 -8 ML-B3C 6 24 6 0 403 -1
38 -7 -7 ML-F3C 11 24 6 0 403 -1
38 -7 -6 ML-F3C 2 25 6 1 319 -1
38 -7 -5 ML-F3C 7 25 6 1 319 -1
38 -7 -4 ML-F3C 11 25 6 1 319 -1
38 -7 -3 ML-F3C 1 26 6 2 319 -1
38 -7 -2 ML-F3C 7 26 6 2 331 -1
38 -7 -1 ML-F3C 2 27 6 3 331 -1
38 -7 0 ML-F3C 8 27 6 3 331 -1
38 -7 1 ML-F3C 9 28 7 0 248 -1
38 -7 2 ML-T3C 3 29 7 1 248 -1
38 -6 -8 ML-53C 11 23 5 3 402 -1
38 -6 -7 ML-F3C 5 24 6 0 403 -1
38 -6 -6 ML-F3C 10 24 6 0 403 -1
38 -6 -5 ML-F3C 1 25 6 1 319 -1
38 -6 -4 ML-F3C 6 25 6 1 319 -1
38 -6 -3 ML-F3C 10 25 6 1 319 -1
38 -6 -2 ML-F3C 6 26 6 2 331 -1
38 -6 -1 ML-F3C 1 27 6 3 331 -1
38 -6 0 ML-F3C 7 27 6 3 331 -1
38 -6 1 ML-F3C 8 28 7 0 248 -1
38 -6 2 ML-F3C 2 29 7 1 248 -1
38 -6 3 ML-53C 8 29 7 1 248 -1
38 -5 -8 ML-F3C 0 24 6 0 403 -1
38 -5 -7 ML-F3C 9 23 5 3 402 -1
38 -5 -6 ML-F3C 4 24 6 0 403 -1
38 -5 -5 ML-F3C 9 24 6 0 403 -1
38 -5 -4 ML-F3C 0 25 6 1 319 -1
38 -5 -3 ML-F3C 5 25 6 1 319 -1
38 -5 -2 ML-F3C 9 25 6 1 319 -1
38 -5 -1 ML-F3C 0 27 6 3 331 -1
38 -5 0 ML-F3C 6 27 6 3 331 -1
38 -5 1 ML-F3C 7 28 7 0 248 -1
38 -5 2 ML-F3C 1 29 7 1 248 -1
38 -5 3 ML-F3C 7 29 7 1 248 -1
38 -5 4 ML-F3C 0 30 7 2 248 -1
38 -4 -8 ML-F3C 11 29 7 1 440 -1
38 -4 -7 ML-F3C 10 23 5 3 402 -1
38 -4 -6 ML-F3C 8 23 5 3 402 -1
38 -4 -5 ML-F3C 3 24 6 0 403 -1
38 -4 -4 ML-F3C 8 24 6 0 403 -1
38 -4 -3 ML-F3C 11 24 6 0 319 -1
38 -4 -2 ML-F3C 4 25 6 1 319 -1
38 -4 -1 ML-F3C 11 26 6 2 331 -1
38 -4 0 ML-F3C 5 27 6 3 331 -1
38 -4 1 ML-F3C 6 28 7 0 248 -1
38 -4 2 ML-F3C 0 29 7 1 248 -1
38 -4 3 ML-F3C 6 29 7 1 248 -1
38 -4 4 ML-F3C 10 29 7 1 248 -1
38 -4 5 ML-F3C 11 29 7 1 248 -1
38 -3 -8 ML-F3C 0 30 7 2 440 -1
38 -3 -7 ML-F3C 10 29 7 1 440 -1
38 -3 -6 ML-F3C 9 29 7 1 440 -1
38 -3 -5 ML-F3C 7 23 5 3 402 -1
38 -3 -4 ML-F3C 2 24 6 0 403 -1
38 -3 -3 ML-F3C 7 24 6 0 403 -1
38 -3 -2 ML-B3C 10 24 6 0 319 -1
38 -3 0 ML-T3C 4 27 6 3 331 -1
38 -3 1 ML-F3C 5 28 7 0 248 -1
38 -3 2 ML-F3C 11 28 7 0 248 -1
38 -3 3 ML-F3C 5 29 7 1 248 -1
38 -3 4 ML-F3C 9 29 7 1 248 -1
38 -3 5 ML-F3C 10 23 5 3 210 -1
38 -3 6 ML-F3C 0 24 6 0 211 -1
38 -2 -8 ML-53C 8 29 7 1 440 -1
38 -2 -7 ML-F3C 7 29 7 1 440 -1
38 -2 -6 ML-F3C 6 29 7 1 440 -1
38 -2 -5 ML-F3C 5 29 7 1 440 -1
38 -2 -4 ML-F3C 4 29 7 1 440 -1
38 -2 -3 ML-53C 1 24 6 0 403 -1
38 -2 2 ML-53C 10 28 7 0 248 -1
38 -2 3 ML-F3C 4 29 7 1 248 -1
38 -2 4 ML-F3C 7 23 5 3 210 -1
38 -2 5 ML-F3C 8 23 5 3 210 -1
38 -2 6 ML-F3C 9 23 5 3 210 -1
38 -2 7 ML-53C 11 23 5 3 210 -1
38 -1 -8 ML-T3C 3 29 7 1 440 -1
38 -1 -7 ML-F3C 2 29 7 1 440 -1
38 -1 -6 ML-F3C 1 29 7 1 440 -1
38 -1 -5 ML-F3C 0 29 7 1 440 -1
38 -1 -4 ML-F3C 11 28 7 0 440 -1
38 -1 -3 ML-53C 10 28 7 0 440 -1
38 -1 3 ML-53C 1 24 6 0 211 -1
38 -1 4 ML-F3C 2 24 6 0 211 -1
38 -1 5 ML-F3C 3 24 6 0 211 -1
38 -1 6 ML-F3C 4 24 6 0 211 -1
38 -1 7 ML-F3C 5 24 6 0 211 -1
38 -1 8 ML-B3C 6 24 6 0 211 -1
38 0 -7 ML-F3C 9 28 7 0 440 -1
38 0 -6 ML-F3C 8 28 7 0 440 -1
38 0 -5 ML-F3C 7 28 7 0 440 -1
38 0 -4 ML-F3C 6 28 7 0 440 -1
38 0 -3 ML-F3C 5 28 7 0 440 -1
38 0 0 TM-C5 0 25 6 1 19 -1
38 0 1 TM-C5 4 25 6 1 19 -1
38 0 2 TM-C5 8 25 6 1 19 -1
38 0 3 TM-C5 1 30 7 2 56 -1
38 0 4 ML-F3C 7 24 6 0 211 -1
38 0 4 TM-C5 5 30 7 2 56 -1
38 0 5 TM-C5 8 23 5 3 6 -1
38 0 5 ML-F3C 8 24 6 0 211 -1
38 0 6 ML-F3C 9 24 6 0 211 -1
38 0 6 TM-C5 10 27 6 3 139 -1
38 0 7 ML-F3C 10 24 6 0 211 -1
38 0 7 TM-C5 2 28 7 0 140 -1
38 0 8 ML-F3C 11 24 6 0 211 -1
38 0 8 TM-C5 6 28 7 0 140 -1
38 0 9 TM-C5 5 26 6 2 127 -1
38 0 10 TM-C5 9 26 6 2 127 -1
38 0 11 TM-C5 10 22 4 3 89 -1
38 0 12 TM-C5 0 25 6 1 211 -1
38 0 13 TM-C5 4 25 6 1 211 -1
38 0 14 TM-C5 8 25 6 1 211 -1
38 0 15 TM-C5 1 30 7 2 248 -1
38 0 16 TM-C5 5 30 7 2 248 -1
38 0 17 TM-C5 8 23 5 3 198 -1
38 0 18 TM-C5 10 27 6 3 331 -1
38 0 19 TM-C5 2 28 7 0 332 -1
38 0 20 TM-C5 6 28 7 0 332 -1
38 0 21 TM-C5 5 26 6 2 319 -1
38 0 22 TM-C5 9 26 6 2 319 -1
38 0 23 TM-C5 10 22 4 3 281 -1
38 0 24 TM-C5 0 25 6 1 403 -1
38 0 25 TM-C5 4 25 6 1 403 -1
38 0 26 TM-C5 8 25 6 1 403 -1
38 0 27 TM-C5 1 30 7 2 440 -1
38 0 28 TM-C5 5 30 7 2 440 -1
38 0 29 TM-C5 8 23 5 3 390 -1
38 0 30 TM-C5 10 27 6 3 523 -1
38 0 31 TM-C5 2 28 7 0 524 -1
38 0 32 TM-C5 6 28 7 0 524 -1
38 0 33 TM-C5 5 26 6 2 511 -1
38 0 34 TM-C5 9 26 6 2 511 -1
38 0 35 TM-C5 10 22 4 3 473 -1
38 1 -7 ML-B3C 9 27 6 3 523 -1
38 1 -6 ML-F3C 8 27 6 3 523 -1
38 1 -5 ML-F3C 7 27 6 3 523 -1
38 1 -4 ML-F3C 6 27 6 3 523 -1
38 1 -3 ML-F3C 5 27 6 3 523 -1
38 1 -2 ML-T3C 4 27 6 3 523 -1
38 1 0 TM-D8 1 25 6 1 19 -1
38 1 1 TM-D8 5 25 6 1 19 -1
38 1 2 TM-D8 9 25 6 1 19 -1
38 1 3 TM-D8 2 30 7 2 56 -1
38 1 4 TM-D8 6 30 7 2 56 -1
38 1 4 ML-B3C 10 24 6 0 127 -1
38 1 5 TM-D8 9 23 5 3 6 -1
38 1 5 ML-F3C 11 24 6 0 127 -1
38 1 6 ML-F3C 0 25 6 1 127 -1
38 1 6 TM-D8 11 27 6 3 139 -1
38 1 7 ML-F3C 1 25 6 1 127 -1
38 1 7 TM-D8 3 28 7 0 140 -1
38 1 8 ML-F3C 2 25 6 1 127 -1
38 1 8 TM-D8 7 28 7 0 140 -1
38 1 9 ML-T3C 3 25 6 1 127 -1
38 1 9 TM-D8 6 26 6 2 127 -1
38 1 10 TM-D8 10 26 6 2 127 -1
38 1 11 TM-D8 11 22 4 3 89 -1
38 1 12 TM-D8 1 25 6 1 211 -1
38 1 13 TM-D8 5 25 6 1 211 -1
38 1 14 TM-D8 9 25 6 1 211 -1
38 1 15 TM-D8 2 30 7 2 248 -1
38 1 16 TM-D8 6 30 7 2 248 -1
38 1 17 TM-D8 9 23 5 3 198 -1
38 1 18 TM-D8 11 27 6 3 331 -1
38 1 19 TM-D8 3 28 7 0 332 -1
38 1 20 TM-D8 7 28 7 0 332 -1
38 1 21 TM-D8 6 26 6 2 319 -1
38 1 22 TM-D8 10 26 6 2 319 -1
38 1 23 TM-D8 11 22 4 3 281 -1
38 1 24 TM-D8 1 25 6 1 403 -1
38 1 25 TM-D8 5 25 6 1 403 -1
38 1 26 TM-D8 9 25 6 1 403 -1
38 1 27 TM-D8 2 30 7 2 440 -1
38 1 28 TM-D8 6 30 7 2 440 -1
38 1 29 TM-D8 9 23 5 3 390 -1
38 1 30 TM-D8 11 27 6 3 523 -1
38 1 31 TM-D8 3 28 7 0 524 -1
38 1 32 TM-D8 7 28 7 0 524 -1
38 1 33 TM-D8 6 26 6 2 511 -1
38 1 34 TM-D8 10 26 6 2 511 -1
38 1 35 TM-D8 11 22 4 3 473 -1
38 2 -6 ML-F3C 3 27 6 3 523 -1
38 2 -5 ML-F3C 2 27 6 3 523 -1
38 2 -4 ML-F3C 1 27 6 3 523 -1
38 2 -3 ML-F3C 0 27 6 3 523 -1
38 2 -2 ML-F3C 11 26 6 2 523 -1
38 2 0 TM-E8 2 25 6 1 19 -1
38 2 1 TM-E8 6 25 6 1 19 -1
38 2 2 TM-E8 10 25 6 1 19 -1
38 2 3 TM-E8 3 30 7 2 56 -1
38 2 4 TM-E8 7 30 7 2 56 -1
38 2 5 TM-E8 10 23 5 3 6 -1
38 2 5 ML-F3C 4 25 6 1 127 -1
38 2 6 ML-F3C 5 25 6 1 127 -1
38 2 6 TM-E8 0 28 7 0 140 -1
38 2 7 ML-F3C 6 25 6 1 127 -1
38 2 7 TM-E8 4 28 7 0 140 -1
38 2 8 ML-F3C 7 25 6 1 127 -1
38 2 8 TM-E8 8 28 7 0 140 -1
38 2 9 ML-F3C 8 25 6 1 127 -1
38 2 9 TM-E8 7 26 6 2 127 -1
38 2 10 TM-E8 11 26 6 2 127 -1
38 2 11 TM-E8 0 23 5 3 90 -1
38 2 12 TM-E8 2 25 6 1 211 -1
38 2 13 TM-E8 6 25 6 1 211 -1
38 2 14 TM-E8 10 25 6 1 211 -1
38 2 15 TM-E8 3 30 7 2 248 -1
38 2 16 TM-E8 7 30 7 2 248 -1
38 2 17 TM-E8 10 23 5 3 198 -1
38 2 18 TM-E8 0 28 7 0 332 -1
38 2 19 TM-E8 4 28 7 0 332 -1
38 2 20 TM-E8 8 28 7 0 332 -1
38 2 21 TM-E8 7 26 6 2 319 -1
38 2 22 TM-E8 11 26 6 2 319 -1
38 2 23 TM-E8 0 23 5 3 282 -1
38 2 24 TM-E8 2 25 6 1 403 -1
38 2 25 TM-E8 6 25 6 1 403 -1
38 2 26 TM-E8 10 25 6 1 403 -1
38 2 27 TM-E8 3 30 7 2 440 -1
38 2 28 TM-E8 7 30 7 2 440 -1
38 2 29 TM-E8 10 23 5 3 390 -1
38 2 30 TM-E8 0 28 7 0 524 -1
38 2 31 TM-E8 4 28 7 0 524 -1
38 2 32 TM-E8 8 28 7 0 524 -1
38 2 33 TM-E8 7 26 6 2 511 -1
38 2 34 TM-E8 11 26 6 2 511 -1
38 2 35 TM-E8 0 23 5 3 474 -1
38 3 -5 ML-F3C 9 26 6 2 523 -1
38 3 -4 ML-F3C 7 26 6 2 523 -1
38 3 -3 ML-F3C 6 26 6 2 523 -1
38 3 -2 ML-F3C 9 25 6 1 511 -1
38 3 -1 ML-F3C 4 25 6 1 511 -1
38 3 0 TM-G3 3 25 6 1 19 -1
38 3 0 ML-B3C 10 24 6 0 511 -1
38 3 1 TM-G3 7 25 6 1 19 -1
38 3 2 TM-G3 11 25 6 1 19 -1
38 3 3 TM-G3 4 30 7 2 56 -1
38 3 4 TM-G3 8 30 7 2 56 -1
38 3 4 ML-T3C 4 27 6 3 139 -1
38 3 5 TM-G3 11 23 5 3 6 -1
38 3 5 ML-F3C 11 26 6 2 139 -1
38 3 6 ML-F3C 9 25 6 1 127 -1
38 3 6 TM-G3 1 28 7 0 140 -1
38 3 7 ML-F3C 10 25 6 1 127 -1
38 3 7 TM-G3 5 28 7 0 140 -1
38 3 8 ML-F3C 11 25 6 1 127 -1
38 3 8 TM-G3 9 28 7 0 140 -1
38 3 9 ML-F3C 0 26 6 2 127 -1
38 3 9 TM-G3 8 26 6 2 127 -1
38 3 10 TM-G3 0 27 6 3 127 -1
38 3 11 TM-G3 1 23 5 3 90 -1
38 3 12 TM-G3 3 25 6 1 211 -1
38 3 13 TM-G3 7 25 6 1 211 -1
38 3 14 TM-G3 11 25 6 1 211 -1
38 3 15 TM-G3 4 30 7 2 248 -1
38 3 16 TM-G3 8 30 7 2 248 -1
38 3 17 TM-G3 11 23 5 3 198 -1
38 3 18 TM-G3 1 28 7 0 332 -1
38 3 19 TM-G3 5 28 7 0 332 -1
38 3 20 TM-G3 9 28 7 0 332 -1
38 3 21 TM-G3 8 26 6 2 319 -1
38 3 22 TM-G3 0 27 6 3 319 -1
38 3 23 TM-G3 1 23 5 3 282 -1
38 3 24 TM-G3 3 25 6 1 403 -1
38 3 25 TM-G3 7 25 6 1 403 -1
38 3 26 TM-G3 11 25 6 1 403 -1
38 3 27 TM-G3 4 30 7 2 440 -1
38 3 28 TM-G3 8 30 7 2 440 -1
38 3 29 TM-G3 11 23 5 3 390 -1
38 3 30 TM-G3 1 28 7 0 524 -1
38 3 31 TM-G3 5 28 7 0 524 -1
38 3 32 TM-G3 9 28 7 0 524 -1
38 3 33 TM-G3 8 26 6 2 511 -1
38 3 34 TM-G3 0 27 6 3 511 -1
38 3 35 TM-G3 1 23 5 3 474 -1
38 4 -5 ML-R3C 10 26 6 2 523 -1
38 4 -4 ML-F3C 8 26 6 2 523 -1
38 4 -3 ML-F3C 1 26 6 2 511 -1
38 4 -2 ML-F3C 10 25 6 1 511 -1
38 4 -1 ML-F3C 5 25 6 1 511 -1
38 4 0 ML-F3C 11 24 6 0 511 -1
38 4 1 ML-F3C 7 24 6 0 19 -1
38 4 2 ML-53C 1 24 6 0 19 -1
38 4 3 ML-53C 10 28 7 0 56 -1
38 4 4 ML-F3C 5 28 7 0 56 -1
38 4 5 ML-F3C 5 27 6 3 139 -1
38 4 6 ML-F3C 0 27 6 3 139 -1
38 4 7 ML-F3C 6 26 6 2 139 -1
38 4 8 ML-F3C 1 26 6 2 127 -1
38 4 9 ML-F3C 2 26 6 2 127 -1
38 4 10 ML-R3C 3 26 6 2 127 -1
38 5 -4 ML-L3C 4 26 6 2 511 -1
38 5 -3 ML-F3C 2 26 6 2 511 -1
38 5 -2 ML-F3C 11 25 6 1 511 -1
38 5 -1 ML-F3C 6 25 6 1 511 -1
38 5 0 ML-F3C 0 25 6 1 511 -1
38 5 1 ML-F3C 8 24 6 0 19 -1
38 5 2 ML-F3C 2 24 6 0 19 -1
38 5 3 ML-F3C 4 29 7 1 56 -1
38 5 4 ML-F3C 11 28 7 0 56 -1
38 5 5 ML-F3C 6 28 7 0 56 -1
38 5 6 ML-F3C 6 27 6 3 139 -1
38 5 7 ML-F3C 1 27 6 3 139 -1
38 5 8 ML-F3C 7 26 6 2 139 -1
38 5 9 ML-F3C 8 26 6 2 139 -1
38 5 10 ML-L3C 4 26 6 2 127 -1
38 6 -3 ML-R3C 3 26 6 2 511 -1
38 6 -2 ML-F3C 0 26 6 2 511 -1
38 6 -1 ML-F3C 7 25 6 1 511 -1
38 6 0 ML-F3C 1 25 6 1 511 -1
38 6 1 ML-F3C 9 24 6 0 19 -1
38 6 2 ML-F3C 3 24 6 0 19 -1
38 6 3 ML-F3C 7 23 5 3 18 -1
38 6 4 ML-F3C 5 29 7 1 56 -1
38 6 5 ML-F3C 0 29 7 1 56 -1
38 6 6 ML-F3C 7 28 7 0 56 -1
38 6 7 ML-F3C 7 27 6 3 139 -1
38 6 8 ML-F3C 2 27 6 3 139 -1
38 6 9 ML-F3C 9 26 6 2 139 -1
38 6 10 ML-R3C 10 26 6 2 139 -1
38 7 -1 ML-F3C 8 25 6 1 511 -1
38 7 0 ML-F3C 2 25 6 1 511 -1
38 7 1 ML-F3C 10 24 6 0 19 -1
38 7 2 ML-F3C 4 24 6 0 19 -1
38 7 3 ML-F3C 8 23 5 3 18 -1
38 7 4 ML-F3C 9 29 7 1 56 -1
38 7 5 ML-F3C 6 29 7 1 56 -1
38 7 6 ML-F3C 1 29 7 1 56 -1
38 7 7 ML-F3C 8 28 7 0 56 -1
38 7 8 ML-F3C 8 27 6 3 139 -1
38 7 9 ML-F3C 3 27 6 3 139 -1
38 8 0 ML-T3C 3 25 6 1 511 -1
38 8 1 ML-F3C 11 24 6 0 19 -1
38 8 2 ML-F3C 5 24 6 0 19 -1
38 8 3 ML-F3C 9 23 5 3 18 -1
38 8 4 ML-F3C 10 23 5 3 18 -1
38 8 5 ML-F3C 10 29 7 1 56 -1
38 8 6 ML-F3C 7 29 7 1 56 -1
38 8 7 ML-F3C 2 29 7 1 56 -1
38 8 8 ML-F3C 9 28 7 0 56 -1
38 8 9 ML-B3C 9 27 6 3 139 -1
38 9 2 ML-B3C 6 24 6 0 19 -1
38 9 3 ML-53C 11 23 5 3 18 -1
38 9 4 ML-F3C 0 24 6 0 19 -1
38 9 5 ML-F3C 11 29 7 1 56 -1
38 9 6 ML-F3C 0 30 7 2 56 -1
38 9 7 ML-53C 8 29 7 1 56 -1
38 9 8 ML-T3C 3 29 7 1 56 -1
39 -9 -8 ML-T3C 6 28 7 0 296 -1
39 -9 -7 ML-53C 11 28 7 0 296 -1
39 -9 -6 ML-F3C 2 29 7 1 296 -1
39 -9 -5 ML-F3C 3 29 7 1 296 -1
39 -9 -4 ML-F3C 10 20 5 1 306 -1
39 -9 -3 ML-53C 11 20 5 1 306 -1
39 -9 -2 ML-B3C 5 21 5 2 306 -1
39 -8 -9 ML-B3C 0 32 6 4 439 -1
39 -8 -8 ML-F3C 0 28 7 0 296 -1
39 -8 -7 ML-F3C 5 28 7 0 296 -1
39 -8 -6 ML-F3C 10 28 7 0 296 -1
39 -8 -5 ML-F3C 1 29 7 1 296 -1
39 -8 -4 ML-F3C 8 20 5 1 306 -1
39 -8 -3 ML-F3C 9 20 5 1 306 -1
39 -8 -2 ML-F3C 4 21 5 2 306 -1
39 -8 -1 ML-F3C 10 21 5 2 306 -1
39 -8 0 ML-T3C 5 26 6 2 211 -1
39 -7 -9 ML-F3C 6 31 7 3 440 -1
39 -7 -8 ML-F3C 11 31 7 3 440 -1
39 -7 -7 ML-F3C 11 27 6 3 295 -1
39 -7 -6 ML-F3C 4 28 7 0 296 -1
39 -7 -5 ML-F3C 9 28 7 0 296 -1
39 -7 -4 ML-F3C 0 29 7 1 296 -1
39 -7 -3 ML-F3C 7 20 5 1 306 -1
39 -7 -2 ML-F3C 3 21 5 2 306 -1
39 -7 -1 ML-F3C 9 21 5 2 306 -1
39 -7 0 ML-F3C 4 26 6 2 211 -1
39 -7 1 ML-F3C 10 26 6 2 211 -1
39 -6 -10 ML-R3C 1 31 7 3 440 -1
39 -6 -9 ML-F3C 11 30 7 2 440 -1
39 -6 -8 ML-F3C 5 31 7 3 440 -1
39 -6 -7 ML-F3C 10 31 7 3 440 -1
39 -6 -6 ML-F3C 10 27 6 3 295 -1
39 -6 -5 ML-F3C 3 28 7 0 296 -1
39 -6 -4 ML-F3C 8 28 7 0 296 -1
39 -6 -3 ML-F3C 6 20 5 1 306 -1
39 -6 -2 ML-F3C 2 21 5 2 306 -1
39 -6 -1 ML-F3C 8 21 5 2 306 -1
39 -6 0 ML-F3C 3 26 6 2 211 -1
39 -6 1 ML-F3C 9 26 6 2 211 -1
39 -6 2 ML-F3C 2 27 6 3 211 -1
39 -6 3 ML-R3C 6 27 6 3 211 -1
39 -5 -10 ML-L3C 5 27 6 3 403 -1
39 -5 -9 ML-F3C 0 31 7 3 440 -1
39 -5 -8 ML-F3C 10 30 7 2 440 -1
39 -5 -7 ML-F3C 4 31 7 3 440 -1
39 -5 -6 ML-F3C 9 31 7 3 440 -1
39 -5 -5 ML-F3C 9 27 6 3 295 -1
39 -5 -4 ML-F3C 2 28 7 0 296 -1
39 -5 -3 ML-F3C 7 28 7 0 296 -1
39 -5 -2 ML-F3C 1 21 5 2 306 -1
39 -5 -1 ML-F3C 7 21 5 2 306 -1
39 -5 0 ML-F3C 2 26 6 2 211 -1
39 -5 1 ML-F3C 8 26 6 2 211 -1
39 -5 2 ML-F3C 1 27 6 3 211 -1
39 -5 3 ML-F3C 4 27 6 3 211 -1
39 -5 4 ML-L3C 5 27 6 3 211 -1
39 -4 -10 ML-R3C 6 27 6 3 403 -1
39 -4 -9 ML-F3C 4 27 6 3 403 -1
39 -4 -8 ML-F3C 3 27 6 3 403 -1
39 -4 -7 ML-F3C 9 30 7 2 440 -1
39 -4 -6 ML-F3C 3 31 7 3 440 -1
39 -4 -5 ML-F3C 8 31 7 3 440 -1
39 -4 -4 ML-F3C 8 27 6 3 295 -1
39 -4 -3 ML-53C 1 28 7 0 296 -1
39 -4 -2 ML-53C 0 21 5 2 306 -1
39 -4 -1 ML-F3C 6 21 5 2 306 -1
39 -4 0 ML-F3C 1 26 6 2 211 -1
39 -4 1 ML-F3C 7 26 6 2 211 -1
39 -4 2 ML-F3C 0 27 6 3 211 -1
39 -4 3 ML-F3C 3 27 6 3 211 -1
39 -4 4 ML-F3C 0 31 7 3 248 -1
39 -4 5 ML-R3C 1 31 7 3 248 -1
39 -3 -9 ML-F3C 2 27 6 3 403 -1
39 -3 -8 ML-F3C 1 27 6 3 403 -1
39 -3 -7 ML-F3C 0 27 6 3 403 -1
39 -3 -6 ML-F3C 11 26 6 2 403 -1
39 -3 -5 ML-F3C 2 31 7 3 440 -1
39 -3 -4 ML-T3C 7 31 7 3 440 -1
39 -3 0 ML-B3C 0 26 6 2 211 -1
39 -3 1 ML-F3C 6 26 6 2 211 -1
39 -3 2 ML-F3C 11 26 6 2 211 -1
39 -3 3 ML-F3C 9 30 7 2 248 -1
39 -3 4 ML-F3C 10 30 7 2 248 -1
39 -3 5 ML-F3C 11 30 7 2 248 -1
39 -2 -9 ML-F3C 10 26 6 2 403 -1
39 -2 -8 ML-F3C 9 26 6 2 403 -1
39 -2 -7 ML-F3C 8 26 6 2 403 -1
39 -2 -6 ML-F3C 7 26 6 2 403 -1
39 -2 -5 ML-F3C 6 26 6 2 403 -1
39 -2 2 ML-F3C 2 31 7 3 248 -1
39 -2 3 ML-F3C 3 31 7 3 248 -1
39 -2 4 ML-F3C 4 31 7 3 248 -1
39 -2 5 ML-F3C 5 31 7 3 248 -1
39 -2 6 ML-F3C 6 31 7 3 248 -1
39 -1 -9 ML-T3C 5 26 6 2 403 -1
39 -1 -8 ML-F3C 4 26 6 2 403 -1
39 -1 -7 ML-F3C 3 26 6 2 403 -1
39 -1 -6 ML-F3C 2 26 6 2 403 -1
39 -1 -5 ML-F3C 1 26 6 2 403 -1
39 -1 -4 ML-B3C 0 26 6 2 403 -1
39 -1 2 ML-T3C 7 31 7 3 248 -1
39 -1 3 ML-F3C 8 31 7 3 248 -1
39 -1 4 ML-F3C 9 31 7 3 248 -1
39 -1 5 ML-F3C 10 31 7 3 248 -1
39 -1 6 ML-F3C 11 31 7 3 248 -1
39 -1 7 ML-B3C 0 32 6 4 247 -1
39 0 -8 ML-F3C 10 21 5 2 498 -1
39 0 -7 ML-F3C 9 21 5 2 498 -1
39 0 -6 ML-F3C 8 21 5 2 498 -1
39 0 -5 ML-F3C 7 21 5 2 498 -1
39 0 -4 ML-F3C 6 21 5 2 498 -1
39 0 0 TM-C5 1 32 6 4 55 -1
39 0 1 TM-C5 5 32 6 4 55 -1
39 0 2 TM-C5 9 32 6 4 55 -1
39 0 3 TM-C5 7 27 6 3 19 -1
39 0 3 ML-F3C 8 27 6 3 103 -1
39 0 4 TM-C5 11 27 6 3 19 -1
39 0 4 ML-F3C 9 27 6 3 103 -1
39 0 5 TM-C5 0 24 6 0 7 -1
39 0 5 ML-F3C 10 27 6 3 103 -1
39 0 6 ML-F3C 11 27 6 3 103 -1
39 0 6 TM-C5 11 21 5 2 114 -1
39 0 7 ML-F3C 0 28 7 0 104 -1
39 0 7 TM-C5 3 22 4 3 113 -1
39 0 8 TM-C5 7 22 4 3 113 -1
39 0 9 TM-C5 4 29 7 1 104 -1
39 0 10 TM-C5 8 29 7 1 104 -1
39 0 11 TM-C5 2 23 5 3 90 -1
39 0 12 TM-C5 1 32 6 4 247 -1
39 0 13 TM-C5 5 32 6 4 247 -1
39 0 14 TM-C5 9 32 6 4 247 -1
39 0 15 TM-C5 7 27 6 3 211 -1
39 0 16 TM-C5 11 27 6 3 211 -1
39 0 17 TM-C5 0 24 6 0 199 -1
39 0 18 TM-C5 11 21 5 2 306 -1
39 0 19 TM-C5 3 22 4 3 305 -1
39 0 20 TM-C5 7 22 4 3 305 -1
39 0 21 TM-C5 4 29 7 1 296 -1
39 0 22 TM-C5 8 29 7 1 296 -1
39 0 23 TM-C5 2 23 5 3 282 -1
39 0 24 TM-C5 1 32 6 4 439 -1
39 0 25 TM-C5 5 32 6 4 439 -1
39 0 26 TM-C5 9 32 6 4 439 -1
39 0 27 TM-C5 7 27 6 3 403 -1
39 0 28 TM-C5 11 27 6 3 403 -1
39 0 29 TM-C5 0 24 6 0 391 -1
39 0 30 TM-C5 11 21 5 2 498 -1
39 0 31 TM-C5 3 22 4 3 497 -1
39 0 32 TM-C5 7 22 4 3 497 -1
39 0 33 TM-C5 4 29 7 1 488 -1
39 0 34 TM-C5 8 29 7 1 488 -1
39 0 35 TM-C5 2 23 5 3 474 -1
39 1 -8 ML-B3C 5 21 5 2 498 -1
39 1 -7 ML-F3C 4 21 5 2 498 -1
39 1 -6 ML-F3C 3 21 5 2 498 -1
39 1 -5 ML-F3C 2 21 5 2 498 -1
39 1 -4 ML-F3C 1 21 5 2 498 -1
39 1 -3 ML-53C 0 21 5 2 498 -1
39 1 0 TM-D8 2 32 6 4 55 -1
39 1 1 TM-D8 6 32 6 4 55 -1
39 1 2 TM-D8 10 32 6 4 55 -1
39 1 3 TM-D8 8 27 6 3 19 -1
39 1 3 ML-53C 1 28 7 0 104 -1
39 1 4 TM-D8 0 28 7 0 20 -1
39 1 4 ML-F3C 2 28 7 0 104 -1
39 1 5 TM-D8 1 24 6 0 7 -1
39 1 5 ML-F3C 3 28 7 0 104 -1
39 1 6 ML-F3C 4 28 7 0 104 -1
39 1 6 TM-D8 0 22 4 3 113 -1
39 1 7 ML-F3C 5 28 7 0 104 -1
39 1 7 TM-D8 4 22 4 3 113 -1
39 1 8 ML-T3C 6 28 7 0 104 -1
39 1 8 TM-D8 8 22 4 3 113 -1
39 1 9 TM-D8 5 29 7 1 104 -1
39 1 10 TM-D8 9 29 7 1 104 -1
39 1 11 TM-D8 3 23 5 3 90 -1
39 1 12 TM-D8 2 32 6 4 247 -1
39 1 13 TM-D8 6 32 6 4 247 -1
39 1 14 TM-D8 10 32 6 4 247 -1
39 1 15 TM-D8 8 27 6 3 211 -1
39 1 16 TM-D8 0 28 7 0 212 -1
39 1 17 TM-D8 1 24 6 0 199 -1
39 1 18 TM-D8 0 22 4 3 305 -1
39 1 19 TM-D8 4 22 4 3 305 -1
39 1 20 TM-D8 8 22 4 3 305 -1
39 1 21 TM-D8 5 29 7 1 296 -1
39 1 22 TM-D8 9 29 7 1 296 -1
39 1 23 TM-D8 3 23 5 3 282 -1
39 1 24 TM-D8 2 32 6 4 439 -1
39 1 25 TM-D8 6 32 6 4 439 -1
39 1 26 TM-D8 10 32 6 4 439 -1
39 1 27 TM-D8 8 27 6 3 403 -1
39 1 28 TM-D8 0 28 7 0 404 -1
39 1 29 TM-D8 1 24 6 0 391 -1
39 1 30 TM-D8 0 22 4 3 497 -1
39 1 31 TM-D8 4 22 4 3 497 -1
39 1 32 TM-D8 8 22 4 3 497 -1
39 1 33 TM-D8 5 29 7 1 488 -1
39 1 34 TM-D8 9 29 7 1 488 -1
39 1 35 TM-D8 3 23 5 3 474 -1
39 2 -7 ML-53C 11 20 5 1 498 -1
39 2 -6 ML-F3C 9 20 5 1 498 -1
39 2 -5 ML-F3C 7 20 5 1 498 -1
39 2 -4 ML-F3C 6 20 5 1 498 -1
39 2 -3 ML-F3C 7 28 7 0 488 -1
39 2 -2 ML-53C 1 28 7 0 488 -1
39 2 0 TM-E8 3 32 6 4 55 -1
39 2 1 TM-E8 7 32 6 4 55 -1
39 2 2 TM-E8 11 32 6 4 55 -1
39 2 3 TM-E8 9 27 6 3 19 -1
39 2 3 ML-53C 0 21 5 2 114 -1
39 2 4 TM-E8 1 28 7 0 20 -1
39 2 4 ML-F3C 7 28 7 0 104 -1
39 2 5 TM-E8 2 24 6 0 7 -1
39 2 5 ML-F3C 8 28 7 0 104 -1
39 2 6 ML-F3C 9 28 7 0 104 -1
39 2 6 TM-E8 1 22 4 3 113 -1
39 2 7 ML-F3C 10 28 7 0 104 -1
39 2 7 TM-E8 5 22 4 3 113 -1
39 2 8 ML-53C 11 28 7 0 104 -1
39 2 8 TM-E8 9 22 4 3 113 -1
39 2 9 TM-E8 6 29 7 1 104 -1
39 2 10 TM-E8 10 29 7 1 104 -1
39 2 11 TM-E8 4 23 5 3 90 -1
39 2 12 TM-E8 3 32 6 4 247 -1
39 2 13 TM-E8 7 32 6 4 247 -1
39 2 14 TM-E8 11 32 6 4 247 -1
39 2 15 TM-E8 9 27 6 3 211 -1
39 2 16 TM-E8 1 28 7 0 212 -1
39 2 17 TM-E8 2 24 6 0 199 -1
39 2 18 TM-E8 1 22 4 3 305 -1
39 2 19 TM-E8 5 22 4 3 305 -1
39 2 20 TM-E8 9 22 4 3 305 -1
39 2 21 TM-E8 6 29 7 1 296 -1
39 2 22 TM-E8 10 29 7 1 296 -1
39 2 23 TM-E8 4 23 5 3 282 -1
39 2 24 TM-E8 3 32 6 4 439 -1
39 2 25 TM-E8 7 32 6 4 439 -1
39 2 26 TM-E8 11 32 6 4 439 -1
39 2 27 TM-E8 9 27 6 3 403 -1
39 2 28 TM-E8 1 28 7 0 404 -1
39 2 29 TM-E8 2 24 6 0 391 -1
39 2 30 TM-E8 1 22 4 3 497 -1
39 2 31 TM-E8 5 22 4 3 497 -1
39 2 32 TM-E8 9 22 4 3 497 -1
39 2 33 TM-E8 6 29 7 1 488 -1
39 2 34 TM-E8 10 29 7 1 488 -1
39 2 35 TM-E8 4 23 5 3 474 -1
39 3 -6 ML-F3C 10 20 5 1 498 -1
39 3 -5 ML-F3C 8 20 5 1 498 -1
39 3 -4 ML-F3C 0 29 7 1 488 -1
39 3 -3 ML-F3C 8 28 7 0 488 -1
39 3 -2 ML-F3C 2 28 7 0 488 -1
39 3 -1 ML-F3C 8 27 6 3 487 -1
39 3 0 ML-T3C 7 31 7 3 56 -1
39 3 0 TM-G4 4 32 6 4 55 -1
39 3 1 TM-G4 8 32 6 4 55 -1
39 3 2 ML-B3C 0 26 6 2 19 -1
39 3 2 TM-G4 0 33 8 0 57 -1
39 3 3 TM-G4 10 27 6 3 19 -1
39 3 3 ML-F3C 6 21 5 2 114 -1
39 3 4 TM-G4 2 28 7 0 20 -1
39 3 4 ML-F3C 1 21 5 2 114 -1
39 3 5 TM-G4 3 24 6 0 7 -1
39 3 5 ML-F3C 6 20 5 1 114 -1
39 3 6 ML-F3C 0 29 7 1 104 -1
39 3 6 TM-G4 2 22 4 3 113 -1
39 3 7 ML-F3C 1 29 7 1 104 -1
39 3 7 TM-G4 6 22 4 3 113 -1
39 3 8 ML-F3C 2 29 7 1 104 -1
39 3 8 TM-G4 10 22 4 3 113 -1
39 3 9 TM-G4 7 29 7 1 104 -1
39 3 10 TM-G4 11 29 7 1 104 -1
39 3 11 TM-G4 5 23 5 3 90 -1
39 3 12 TM-G4 4 32 6 4 247 -1
39 3 13 TM-G4 8 32 6 4 247 -1
39 3 14 TM-G4 0 33 8 0 249 -1
39 3 15 TM-G4 10 27 6 3 211 -1
39 3 16 TM-G4 2 28 7 0 212 -1
39 3 17 TM-G4 3 24 6 0 199 -1
39 3 18 TM-G4 2 22 4 3 305 -1
39 3 19 TM-G4 6 22 4 3 305 -1
39 3 20 TM-G4 10 22 4 3 305 -1
39 3 21 TM-G4 7 29 7 1 296 -1
39 3 22 TM-G4 11 29 7 1 296 -1
39 3 23 TM-G4 5 23 5 3 282 -1
39 3 24 TM-G4 4 32 6 4 439 -1
39 3 25 TM-G4 8 32 6 4 439 -1
39 3 26 TM-G4 0 33 8 0 441 -1
39 3 27 TM-G4 10 27 6 3 403 -1
39 3 28 TM-G4 2 28 7 0 404 -1
39 3 29 TM-G4 3 24 6 0 391 -1
39 3 30 TM-G4 2 22 4 3 497 -1
39 3 31 TM-G4 6 22 4 3 497 -1
39 3 32 TM-G4 10 22 4 3 497 -1
39 3 33 TM-G4 7 29 7 1 488 -1
39 3 34 TM-G4 11 29 7 1 488 -1
39 3 35 TM-G4 5 23 5 3 474 -1
39 4 -5 ML-F3C 3 29 7 1 488 -1
39 4 -4 ML-F3C 1 29 7 1 488 -1
39 4 -3 ML-F3C 9 28 7 0 488 -1
39 4 -2 ML-F3C 3 28 7 0 488 -1
39 4 -1 ML-F3C 9 27 6 3 487 -1
39 4 0 ML-F3C 8 31 7 3 56 -1
39 4 1 ML-F3C 2 31 7 3 56 -1
39 4 2 ML-F3C 6 26 6 2 19 -1
39 4 3 ML-F3C 1 26 6 2 19 -1
39 4 4 ML-F3C 7 21 5 2 114 -1
39 4 5 ML-F3C 2 21 5 2 114 -1
39 4 6 ML-F3C 7 20 5 1 114 -1
39 4 7 ML-F3C 8 20 5 1 114 -1
39 4 8 ML-F3C 3 29 7 1 104 -1
39 5 -4 ML-F3C 2 29 7 1 488 -1
39 5 -3 ML-F3C 10 28 7 0 488 -1
39 5 -2 ML-F3C 4 28 7 0 488 -1
39 5 -1 ML-F3C 10 27 6 3 487 -1
39 5 0 ML-F3C 9 31 7 3 56 -1
39 5 1 ML-F3C 3 31 7 3 56 -1
39 5 2 ML-F3C 11 26 6 2 19 -1
39 5 3 ML-F3C 7 26 6 2 19 -1
39 5 4 ML-F3C 2 26 6 2 19 -1
39 5 5 ML-F3C 8 21 5 2 114 -1
39 5 6 ML-F3C 3 21 5 2 114 -1
39 5 7 ML-F3C 9 20 5 1 114 -1
39 5 8 ML-F3C 10 20 5 1 114 -1
39 6 -3 ML-53C 11 28 7 0 488 -1
39 6 -2 ML-F3C 5 28 7 0 488 -1
39 6 -1 ML-F3C 11 27 6 3 487 -1
39 6 0 ML-F3C 10 31 7 3 56 -1
39 6 1 ML-F3C 4 31 7 3 56 -1
39 6 2 ML-F3C 9 30 7 2 56 -1
39 6 3 ML-F3C 0 27 6 3 19 -1
39 6 4 ML-F3C 8 26 6 2 19 -1
39 6 5 ML-F3C 3 26 6 2 19 -1
39 6 6 ML-F3C 9 21 5 2 114 -1
39 6 7 ML-F3C 4 21 5 2 114 -1
39 6 8 ML-53C 11 20 5 1 114 -1
39 7 -2 ML-T3C 6 28 7 0 488 -1
39 7 -1 ML-F3C 0 28 7 0 488 -1
39 7 0 ML-F3C 11 31 7 3 56 -1
39 7 1 ML-F3C 5 31 7 3 56 -1
39 7 2 ML-F3C 10 30 7 2 56 -1
39 7 3 ML-F3C 3 27 6 3 19 -1
39 7 4 ML-F3C 1 27 6 3 19 -1
39 7 5 ML-F3C 9 26 6 2 19 -1
39 7 6 ML-F3C 4 26 6 2 19 -1
39 7 7 ML-F3C 10 21 5 2 114 -1
39 7 8 ML-B3C 5 21 5 2 114 -1
39 8 0 ML-B3C 0 32 6 4 55 -1
39 8 1 ML-F3C 6 31 7 3 56 -1
39 8 2 ML-F3C 11 30 7 2 56 -1
39 8 3 ML-F3C 0 31 7 3 56 -1
39 8 4 ML-F3C 4 27 6 3 19 -1
39 8 5 ML-F3C 2 27 6 3 19 -1
39 8 6 ML-F3C 10 26 6 2 19 -1
39 8 7 ML-T3C 5 26 6 2 19 -1
39 9 3 ML-R3C 1 31 7 3 56 -1
39 9 4 ML-L3C 5 27 6 3 19 -1
39 9 5 ML-R3C 6 27 6 3 19 -1
40 -7 -6 ML-T3C 2 29 7 1 332 -1
40 -7 -5 ML-F3C 6 29 7 1 332 -1
40 -7 -4 ML-F3C 9 29 7 1 332 -1
40 -7 -3 ML-F3C 10 29 7 1 332 -1
40 -7 -2 ML-F3C 10 23 5 3 282 -1
40 -7 -1 ML-F3C 11 23 5 3 282 -1
40 -7 0 ML-B3C 4 24 6 0 283 -1
40 -6 -7 ML-B3C 11 28 7 0 404 -1
40 -6 -6 ML-F3C 3 29 7 1 404 -1
40 -6 -5 ML-F3C 1 29 7 1 332 -1
40 -6 -4 ML-F3C 5 29 7 1 332 -1
40 -6 -3 ML-F3C 8 29 7 1 332 -1
40 -6 -2 ML-F3C 8 23 5 3 282 -1
40 -6 -1 ML-F3C 9 23 5 3 282 -1
40 -6 0 ML-F3C 3 24 6 0 283 -1
40 -6 1 ML-F3C 4 33 8 0 249 -1
40 -6 2 ML-T3C 9 33 8 0 249 -1
40 -5 -7 ML-53C 5 28 7 0 404 -1
40 -5 -6 ML-F3C 10 28 7 0 404 -1
40 -5 -5 ML-F3C 2 29 7 1 404 -1
40 -5 -4 ML-F3C 0 29 7 1 332 -1
40 -5 -3 ML-F3C 4 29 7 1 332 -1
40 -5 -2 ML-F3C 7 29 7 1 332 -1
40 -5 -1 ML-F3C 7 23 5 3 282 -1
40 -5 0 ML-F3C 2 24 6 0 283 -1
40 -5 1 ML-F3C 3 33 8 0 249 -1
40 -5 2 ML-F3C 8 33 8 0 249 -1
40 -5 3 ML-53C 3 34 8 1 249 -1
40 -4 -7 ML-53C 6 28 7 0 404 -1
40 -4 -6 ML-F3C 4 28 7 0 404 -1
40 -4 -5 ML-F3C 9 28 7 0 404 -1
40 -4 -4 ML-F3C 1 29 7 1 404 -1
40 -4 -3 ML-F3C 11 28 7 0 332 -1
40 -4 -2 ML-F3C 3 29 7 1 332 -1
40 -4 -1 ML-F3C 6 23 5 3 282 -1
40 -4 0 ML-F3C 1 24 6 0 283 -1
40 -4 1 ML-F3C 2 33 8 0 249 -1
40 -4 2 ML-F3C 7 33 8 0 249 -1
40 -4 3 ML-F3C 1 34 8 1 249 -1
40 -4 4 ML-53C 2 34 8 1 249 -1
40 -3 -7 ML-53C 2 34 8 1 441 -1
40 -3 -6 ML-F3C 0 34 8 1 441 -1
40 -3 -5 ML-F3C 3 28 7 0 404 -1
40 -3 -4 ML-F3C 8 28 7 0 404 -1
40 -3 -3 ML-F3C 0 29 7 1 404 -1
40 -3 -2 ML-B3C 10 28 7 0 332 -1
40 -3 0 ML-T3C 0 24 6 0 283 -1
40 -3 1 ML-F3C 1 33 8 0 249 -1
40 -3 2 ML-F3C 6 33 8 0 249 -1
40 -3 3 ML-F3C 11 33 8 0 249 -1
40 -3 4 ML-F3C 0 34 8 1 249 -1
40 -3 5 ML-53C 6 28 7 0 212 -1
40 -2 -7 ML-53C 3 34 8 1 441 -1
40 -2 -6 ML-F3C 1 34 8 1 441 -1
40 -2 -5 ML-F3C 11 33 8 0 441 -1
40 -2 -4 ML-F3C 10 33 8 0 441 -1
40 -2 -3 ML-53C 7 28 7 0 404 -1
40 -2 2 ML-53C 5 33 8 0 249 -1
40 -2 3 ML-F3C 10 33 8 0 249 -1
40 -2 4 ML-F3C 3 28 7 0 212 -1
40 -2 5 ML-F3C 4 28 7 0 212 -1
40 -2 6 ML-53C 5 28 7 0 212 -1
40 -1 -7 ML-T3C 9 33 8 0 441 -1
40 -1 -6 ML-F3C 8 33 8 0 441 -1
40 -1 -5 ML-F3C 7 33 8 0 441 -1
40 -1 -4 ML-F3C 6 33 8 0 441 -1
40 -1 -3 ML-53C 5 33 8 0 441 -1
40 -1 3 ML-53C 7 28 7 0 212 -1
40 -1 4 ML-F3C 8 28 7 0 212 -1
40 -1 5 ML-F3C 9 28 7 0 212 -1
40 -1 6 ML-F3C 10 28 7 0 212 -1
40 -1 7 ML-B3C 11 28 7 0 212 -1
40 0 -6 ML-F3C 4 33 8 0 441 -1
40 0 -5 ML-F3C 3 33 8 0 441 -1
40 0 -4 ML-F3C 2 33 8 0 441 -1
40 0 -3 ML-F3C 1 33 8 0 441 -1
40 0 0 TM-B11B12 4 29 7 1 20 -1
40 0 1 TM-B11B12 8 29 7 1 20 -1
40 0 2 TM-B11B12 0 30 7 2 20 -1
40 0 3 TM-B11B12 4 34 8 1 57 -1
40 0 4 ML-F3C 0 29 7 1 212 -1
40 0 4 TM-B11B12 8 34 8 1 57 -1
40 0 5 ML-F3C 1 29 7 1 212 -1
40 0 5 TM-B11B12 0 35 8 2 57 -1
40 0 6 ML-F3C 2 29 7 1 212 -1
40 0 6 TM-B11B12 5 24 6 0 91 -1
40 0 7 ML-F3C 3 29 7 1 212 -1
40 0 7 TM-B11B12 9 24 6 0 91 -1
40 0 8 TM-B11B12 1 25 6 1 91 -1
40 0 9 TM-B11B12 11 29 7 1 140 -1
40 0 10 TM-B11B12 3 30 7 2 140 -1
40 0 11 TM-B11B12 7 30 7 2 140 -1
40 0 12 TM-B11B12 4 29 7 1 212 -1
40 0 13 TM-B11B12 8 29 7 1 212 -1
40 0 14 TM-B11B12 0 30 7 2 212 -1
40 0 15 TM-B11B12 4 34 8 1 249 -1
40 0 16 TM-B11B12 8 34 8 1 249 -1
40 0 17 TM-B11B12 0 35 8 2 249 -1
40 0 18 TM-B11B12 5 24 6 0 283 -1
40 0 19 TM-B11B12 9 24 6 0 283 -1
40 0 20 TM-B11B12 1 25 6 1 283 -1
40 0 21 TM-B11B12 11 29 7 1 332 -1
40 0 22 TM-B11B12 3 30 7 2 332 -1
40 0 23 TM-B11B12 7 30 7 2 332 -1
40 0 24 TM-B11B12 4 29 7 1 404 -1
40 0 25 TM-B11B12 8 29 7 1 404 -1
40 0 26 TM-B11B12 0 30 7 2 404 -1
40 0 27 TM-B11B12 4 34 8 1 441 -1
40 0 28 TM-B11B12 8 34 8 1 441 -1
40 0 29 TM-B11B12 0 35 8 2 441 -1
40 0 30 TM-B11B12 5 24 6 0 475 -1
40 0 31 TM-B11B12 9 24 6 0 475 -1
40 0 32 TM-B11B12 1 25 6 1 475 -1
40 0 33 TM-B11B12 11 29 7 1 524 -1
40 0 34 TM-B11B12 3 30 7 2 524 -1
40 0 35 TM-B11B12 7 30 7 2 524 -1
40 1 -6 ML-B3C 4 24 6 0 475 -1
40 1 -5 ML-F3C 3 24 6 0 475 -1
40 1 -4 ML-F3C 2 24 6 0 475 -1
40 1 -3 ML-F3C 1 24 6 0 475 -1
40 1 -2 ML-T3C 0 24 6 0 475 -1
40 1 0 TM-D8 5 29 7 1 20 -1
40 1 1 TM-D8 9 29 7 1 20 -1
40 1 2 TM-D8 1 30 7 2 20 -1
40 1 3 TM-D8 5 34 8 1 57 -1
40 1 4 TM-D8 9 34 8 1 57 -1
40 1 4 ML-B3C 10 28 7 0 140 -1
40 1 5 TM-D8 1 35 8 2 57 -1
40 1 5 ML-F3C 11 28 7 0 140 -1
40 1 6 TM-D8 6 24 6 0 91 -1
40 1 6 ML-F3C 0 29 7 1 140 -1
40 1 7 TM-D8 10 24 6 0 91 -1
40 1 7 ML-F3C 1 29 7 1 140 -1
40 1 8 TM-D8 2 25 6 1 91 -1
40 1 8 ML-T3C 2 29 7 1 140 -1
40 1 9 TM-D8 0 30 7 2 140 -1
40 1 10 TM-D8 4 30 7 2 140 -1
40 1 11 TM-D8 8 30 7 2 140 -1
40 1 12 TM-D8 5 29 7 1 212 -1
40 1 13 TM-D8 9 29 7 1 212 -1
40 1 14 TM-D8 1 30 7 2 212 -1
40 1 15 TM-D8 5 34 8 1 249 -1
40 1 16 TM-D8 9 34 8 1 249 -1
40 1 17 TM-D8 1 35 8 2 249 -1
40 1 18 TM-D8 6 24 6 0 283 -1
40 1 19 TM-D8 10 24 6 0 283 -1
40 1 20 TM-D8 2 25 6 1 283 -1
40 1 21 TM-D8 0 30 7 2 332 -1
40 1 22 TM-D8 4 30 7 2 332 -1
40 1 23 TM-D8 8 30 7 2 332 -1
40 1 24 TM-D8 5 29 7 1 404 -1
40 1 25 TM-D8 9 29 7 1 404 -1
40 1 26 TM-D8 1 30 7 2 404 -1
40 1 27 TM-D8 5 34 8 1 441 -1
40 1 28 TM-D8 9 34 8 1 441 -1
40 1 29 TM-D8 1 35 8 2 441 -1
40 1 30 TM-D8 6 24 6 0 475 -1
40 1 31 TM-D8 10 24 6 0 475 -1
40 1 32 TM-D8 2 25 6 1 475 -1
40 1 33 TM-D8 0 30 7 2 524 -1
40 1 34 TM-D8 4 30 7 2 524 -1
40 1 35 TM-D8 8 30 7 2 524 -1
40 2 -5 ML-F3C 11 23 5 3 474 -1
40 2 -4 ML-F3C 9 23 5 3 474 -1
40 2 -3 ML-F3C 7 23 5 3 474 -1
40 2 -2 ML-F3C 6 23 5 3 474 -1
40 2 0 TM-E8 6 29 7 1 20 -1
40 2 1 TM-E8 10 29 7 1 20 -1
40 2 2 TM-E8 2 30 7 2 20 -1
40 2 3 TM-E8 6 34 8 1 57 -1
40 2 4 TM-E8 10 34 8 1 57 -1
40 2 5 TM-E8 2 35 8 2 57 -1
40 2 5 ML-F3C 3 29 7 1 140 -1
40 2 6 TM-E8 7 24 6 0 91 -1
40 2 6 ML-F3C 4 29 7 1 140 -1
40 2 7 TM-E8 11 24 6 0 91 -1
40 2 7 ML-F3C 5 29 7 1 140 -1
40 2 8 TM-E8 3 25 6 1 91 -1
40 2 8 ML-F3C 6 29 7 1 140 -1
40 2 9 TM-E8 1 30 7 2 140 -1
40 2 10 TM-E8 5 30 7 2 140 -1
40 2 11 TM-E8 9 30 7 2 140 -1
40 2 12 TM-E8 6 29 7 1 212 -1
40 2 13 TM-E8 10 29 7 1 212 -1
40 2 14 TM-E8 2 30 7 2 212 -1
40 2 15 TM-E8 6 34 8 1 249 -1
40 2 16 TM-E8 10 34 8 1 249 -1
40 2 17 TM-E8 2 35 8 2 249 -1
40 2 18 TM-E8 7 24 6 0 283 -1
40 2 19 TM-E8 11 24 6 0 283 -1
40 2 20 TM-E8 3 25 6 1 283 -1
40 2 21 TM-E8 1 30 7 2 332 -1
40 2 22 TM-E8 5 30 7 2 332 -1
40 2 23 TM-E8 9 30 7 2 332 -1
40 2 24 TM-E8 6 29 7 1 404 -1
40 2 25 TM-E8 10 29 7 1 404 -1
40 2 26 TM-E8 2 30 7 2 404 -1
40 2 27 TM-E8 6 34 8 1 441 -1
40 2 28 TM-E8 10 34 8 1 441 -1
40 2 29 TM-E8 2 35 8 2 441 -1
40 2 30 TM-E8 7 24 6 0 475 -1
40 2 31 TM-E8 11 24 6 0 475 -1
40 2 32 TM-E8 3 25 6 1 475 -1
40 2 33 TM-E8 1 30 7 2 524 -1
40 2 34 TM-E8 5 30 7 2 524 -1
40 2 35 TM-E8 9 30 7 2 524 -1
40 3 -4 ML-F3C 10 23 5 3 474 -1
40 3 -3 ML-F3C 8 23 5 3 474 -1
40 3 -2 ML-F3C 7 29 7 1 524 -1
40 3 -1 ML-F3C 3 29 7 1 524 -1
40 3 0 TM-G8 7 29 7 1 20 -1
40 3 0 ML-B3C 10 28 7 0 524 -1
40 3 1 TM-G8 11 29 7 1 20 -1
40 3 2 TM-G8 3 30 7 2 20 -1
40 3 3 TM-G8 7 34 8 1 57 -1
40 3 4 TM-G8 11 34 8 1 57 -1
40 3 4 ML-T3C 0 24 6 0 91 -1
40 3 5 TM-G8 3 35 8 2 57 -1
40 3 5 ML-F3C 6 23 5 3 90 -1
40 3 6 TM-G8 8 24 6 0 91 -1
40 3 6 ML-F3C 7 29 7 1 140 -1
40 3 7 TM-G8 0 25 6 1 91 -1
40 3 7 ML-F3C 8 29 7 1 140 -1
40 3 8 TM-G8 4 25 6 1 91 -1
40 3 8 ML-F3C 9 29 7 1 140 -1
40 3 9 TM-G8 2 30 7 2 140 -1
40 3 10 TM-G8 6 30 7 2 140 -1
40 3 11 TM-G8 10 30 7 2 140 -1
40 3 12 TM-G8 7 29 7 1 212 -1
40 3 13 TM-G8 11 29 7 1 212 -1
40 3 14 TM-G8 3 30 7 2 212 -1
40 3 15 TM-G8 7 34 8 1 249 -1
40 3 16 TM-G8 11 34 8 1 249 -1
40 3 17 TM-G8 3 35 8 2 249 -1
40 3 18 TM-G8 8 24 6 0 283 -1
40 3 19 TM-G8 0 25 6 1 283 -1
40 3 20 TM-G8 4 25 6 1 283 -1
40 3 21 TM-G8 2 30 7 2 332 -1
40 3 22 TM-G8 6 30 7 2 332 -1
40 3 23 TM-G8 10 30 7 2 332 -1
40 3 24 TM-G8 7 29 7 1 404 -1
40 3 25 TM-G8 11 29 7 1 404 -1
40 3 26 TM-G8 3 30 7 2 404 -1
40 3 27 TM-G8 7 34 8 1 441 -1
40 3 28 TM-G8 11 34 8 1 441 -1
40 3 29 TM-G8 3 35 8 2 441 -1
40 3 30 TM-G8 8 24 6 0 475 -1
40 3 31 TM-G8 0 25 6 1 475 -1
40 3 32 TM-G8 4 25 6 1 475 -1
40 3 33 TM-G8 2 30 7 2 524 -1
40 3 34 TM-G8 6 30 7 2 524 -1
40 3 35 TM-G8 10 30 7 2 524 -1
40 4 -3 ML-F3C 10 29 7 1 524 -1
40 4 -2 ML-F3C 8 29 7 1 524 -1
40 4 -1 ML-F3C 4 29 7 1 524 -1
40 4 0 ML-F3C 11 28 7 0 524 -1
40 4 1 ML-F3C 0 29 7 1 20 -1
40 4 2 ML-53C 7 28 7 0 20 -1
40 4 3 ML-53C 5 33 8 0 57 -1
40 4 4 ML-F3C 1 33 8 0 57 -1
40 4 5 ML-F3C 1 24 6 0 91 -1
40 4 6 ML-F3C 7 23 5 3 90 -1
40 4 7 ML-F3C 8 23 5 3 90 -1
40 4 8 ML-F3C 10 29 7 1 140 -1
40 5 -2 ML-F3C 9 29 7 1 524 -1
40 5 -1 ML-F3C 5 29 7 1 524 -1
40 5 0 ML-F3C 0 29 7 1 524 -1
40 5 1 ML-F3C 1 29 7 1 20 -1
40 5 2 ML-F3C 8 28 7 0 20 -1
40 5 3 ML-F3C 10 33 8 0 57 -1
40 5 4 ML-F3C 6 33 8 0 57 -1
40 5 5 ML-F3C 2 33 8 0 57 -1
40 5 6 ML-F3C 2 24 6 0 91 -1
40 5 7 ML-F3C 9 23 5 3 90 -1
40 5 8 ML-F3C 10 23 5 3 90 -1
40 6 -1 ML-F3C 6 29 7 1 524 -1
40 6 0 ML-F3C 1 29 7 1 524 -1
40 6 1 ML-F3C 2 29 7 1 20 -1
40 6 2 ML-F3C 9 28 7 0 20 -1
40 6 3 ML-F3C 3 28 7 0 20 -1
40 6 4 ML-F3C 11 33 8 0 57 -1
40 6 5 ML-F3C 7 33 8 0 57 -1
40 6 6 ML-F3C 3 33 8 0 57 -1
40 6 7 ML-F3C 3 24 6 0 91 -1
40 6 8 ML-F3C 11 23 5 3 90 -1
40 7 0 ML-T3C 2 29 7 1 524 -1
40 7 1 ML-F3C 3 29 7 1 20 -1
40 7 2 ML-F3C 10 28 7 0 20 -1
40 7 3 ML-F3C 4 28 7 0 20 -1
40 7 4 ML-F3C 0 34 8 1 57 -1
40 7 5 ML-F3C 1 34 8 1 57 -1
40 7 6 ML-F3C 8 33 8 0 57 -1
40 7 7 ML-F3C 4 33 8 0 57 -1
40 7 8 ML-B3C 4 24 6 0 91 -1
40 8 2 ML-B3C 11 28 7 0 20 -1
40 8 3 ML-53C 5 28 7 0 20 -1
40 8 4 ML-53C 6 28 7 0 20 -1
40 8 5 ML-53C 2 34 8 1 57 -1
40 8 6 ML-53C 3 34 8 1 57 -1
40 8 7 ML-T3C 9 33 8 0 57 -1
41 -8 -7 ML-T3C 1 26 6 2 283 -1
41 -8 -6 ML-53C 5 26 6 2 283 -1
41 -8 -5 ML-53C 7 26 6 2 283 -1
41 -8 -4 ML-53C 9 29 7 1 344 -1
41 -8 -3 ML-53C 10 29 7 1 344 -1
41 -8 -2 ML-B3C 3 30 7 2 344 -1
41 -7 -8 ML-B3C 11 30 7 2 452 -1
41 -7 -7 ML-F3C 8 25 6 1 283 -1
41 -7 -6 ML-F3C 0 26 6 2 283 -1
41 -7 -5 ML-F3C 4 26 6 2 283 -1
41 -7 -4 ML-F3C 6 26 6 2 283 -1
41 -7 -3 ML-F3C 8 29 7 1 344 -1
41 -7 -2 ML-F3C 2 30 7 2 344 -1
41 -7 -1 ML-F3C 7 30 7 2 344 -1
41 -7 0 ML-T3C 8 24 6 0 199 -1
41 -6 -8 ML-F3C 5 30 7 2 452 -1
41 -6 -7 ML-F3C 10 30 7 2 452 -1
41 -6 -6 ML-F3C 7 25 6 1 283 -1
41 -6 -5 ML-F3C 11 25 6 1 283 -1
41 -6 -4 ML-F3C 3 26 6 2 283 -1
41 -6 -3 ML-F3C 7 29 7 1 344 -1
41 -6 -2 ML-F3C 1 30 7 2 344 -1
41 -6 -1 ML-F3C 6 30 7 2 344 -1
41 -6 0 ML-F3C 7 24 6 0 199 -1
41 -6 1 ML-F3C 0 25 6 1 199 -1
41 -5 -8 ML-F3C 6 30 7 2 452 -1
41 -5 -7 ML-F3C 3 30 7 2 452 -1
41 -5 -6 ML-F3C 9 30 7 2 452 -1
41 -5 -5 ML-F3C 6 25 6 1 283 -1
41 -5 -4 ML-F3C 10 25 6 1 283 -1
41 -5 -3 ML-F3C 2 26 6 2 283 -1
41 -5 -2 ML-F3C 0 30 7 2 344 -1
41 -5 -1 ML-F3C 5 30 7 2 344 -1
41 -5 0 ML-F3C 6 24 6 0 199 -1
41 -5 1 ML-F3C 11 24 6 0 199 -1
41 -5 2 ML-F3C 4 25 6 1 199 -1
41 -4 -8 ML-F3C 3 25 6 1 391 -1
41 -4 -7 ML-F3C 4 30 7 2 452 -1
41 -4 -6 ML-F3C 2 30 7 2 452 -1
41 -4 -5 ML-F3C 8 30 7 2 452 -1
41 -4 -4 ML-F3C 5 25 6 1 283 -1
41 -4 -3 ML-53C 9 25 6 1 283 -1
41 -4 -2 ML-53C 11 29 7 1 344 -1
41 -4 -1 ML-F3C 4 30 7 2 344 -1
41 -4 0 ML-F3C 5 24 6 0 199 -1
41 -4 1 ML-F3C 10 24 6 0 199 -1
41 -4 2 ML-F3C 2 25 6 1 199 -1
41 -4 3 ML-F3C 3 25 6 1 199 -1
41 -3 -8 ML-F3C 4 25 6 1 391 -1
41 -3 -7 ML-F3C 2 25 6 1 391 -1
41 -3 -6 ML-F3C 1 25 6 1 391 -1
41 -3 -5 ML-F3C 1 30 7 2 452 -1
41 -3 -4 ML-T3C 7 30 7 2 452 -1
41 -3 0 ML-B3C 4 24 6 0 199 -1
41 -3 1 ML-F3C 9 24 6 0 199 -1
41 -3 2 ML-F3C 1 25 6 1 199 -1
41 -3 3 ML-F3C 4 30 7 2 260 -1
41 -3 4 ML-F3C 6 30 7 2 260 -1
41 -2 -8 ML-F3C 0 25 6 1 391 -1
41 -2 -7 ML-F3C 11 24 6 0 391 -1
41 -2 -6 ML-F3C 10 24 6 0 391 -1
41 -2 -5 ML-F3C 9 24 6 0 391 -1
41 -2 2 ML-F3C 1 30 7 2 260 -1
41 -2 3 ML-F3C 2 30 7 2 260 -1
41 -2 4 ML-F3C 3 30 7 2 260 -1
41 -2 5 ML-F3C 5 30 7 2 260 -1
41 -1 -8 ML-T3C 8 24 6 0 391 -1
41 -1 -7 ML-F3C 7 24 6 0 391 -1
41 -1 -6 ML-F3C 6 24 6 0 391 -1
41 -1 -5 ML-F3C 5 24 6 0 391 -1
41 -1 -4 ML-B3C 4 24 6 0 391 -1
41 -1 2 ML-T3C 7 30 7 2 260 -1
41 -1 3 ML-F3C 8 30 7 2 260 -1
41 -1 4 ML-F3C 9 30 7 2 260 -1
41 -1 5 ML-F3C 10 30 7 2 260 -1
41 -1 6 ML-B3C 11 30 7 2 260 -1
41 0 -7 ML-F3C 7 30 7 2 536 -1
41 0 -6 ML-F3C 6 30 7 2 536 -1
41 0 -5 ML-F3C 5 30 7 2 536 -1
41 0 -4 ML-F3C 4 30 7 2 536 -1
41 0 0 TM-B11B12 0 31 7 3 68 -1
41 0 1 TM-B11B12 4 31 7 3 68 -1
41 0 2 TM-B11B12 8 31 7 3 68 -1
41 0 3 TM-B11B12 5 25 6 1 7 -1
41 0 3 ML-F3C 5 25 6 1 91 -1
41 0 4 TM-B11B12 9 25 6 1 7 -1
41 0 4 ML-F3C 6 25 6 1 91 -1
41 0 5 TM-B11B12 1 26 6 2 7 -1
41 0 5 ML-F3C 7 25 6 1 91 -1
41 0 6 ML-F3C 8 25 6 1 91 -1
41 0 6 TM-B11B12 8 30 7 2 152 -1
41 0 7 TM-B11B12 0 31 7 3 152 -1
41 0 8 TM-B11B12 4 31 7 3 152 -1
41 0 9 TM-B11B12 8 26 6 2 91 -1
41 0 10 TM-B11B12 0 27 6 3 91 -1
41 0 11 TM-B11B12 4 27 6 3 91 -1
41 0 12 TM-B11B12 0 31 7 3 260 -1
41 0 13 TM-B11B12 4 31 7 3 260 -1
41 0 14 TM-B11B12 8 31 7 3 260 -1
41 0 15 TM-B11B12 5 25 6 1 199 -1
41 0 16 TM-B11B12 9 25 6 1 199 -1
41 0 17 TM-B11B12 1 26 6 2 199 -1
41 0 18 TM-B11B12 8 30 7 2 344 -1
41 0 19 TM-B11B12 0 31 7 3 344 -1
41 0 20 TM-B11B12 4 31 7 3 344 -1
41 0 21 TM-B11B12 8 26 6 2 283 -1
41 0 22 TM-B11B12 0 27 6 3 283 -1
41 0 23 TM-B11B12 4 27 6 3 283 -1
41 0 24 TM-B11B12 0 31 7 3 452 -1
41 0 25 TM-B11B12 4 31 7 3 452 -1
41 0 26 TM-B11B12 8 31 7 3 452 -1
41 0 27 TM-B11B12 5 25 6 1 391 -1
41 0 28 TM-B11B12 9 25 6 1 391 -1
41 0 29 TM-B11B12 1 26 6 2 391 -1
41 0 30 TM-B11B12 8 30 7 2 536 -1
41 0 31 TM-B11B12 0 31 7 3 536 -1
41 0 32 TM-B11B12 4 31 7 3 536 -1
41 0 33 TM-B11B12 8 26 6 2 475 -1
41 0 34 TM-B11B12 0 27 6 3 475 -1
41 0 35 TM-B11B12 4 27 6 3 475 -1
41 1 -7 ML-B3C 3 30 7 2 536 -1
41 1 -6 ML-F3C 2 30 7 2 536 -1
41 1 -5 ML-F3C 1 30 7 2 536 -1
41 1 -4 ML-F3C 0 30 7 2 536 -1
41 1 -3 ML-53C 11 29 7 1 536 -1
41 1 0 TM-D8 1 31 7 3 68 -1
41 1 1 TM-D8 5 31 7 3 68 -1
41 1 2 TM-D8 9 31 7 3 68 -1
41 1 3 TM-D8 6 25 6 1 7 -1
41 1 3 ML-53C 9 25 6 1 91 -1
41 1 4 TM-D8 10 25 6 1 7 -1
41 1 4 ML-F3C 10 25 6 1 91 -1
41 1 5 TM-D8 2 26 6 2 7 -1
41 1 5 ML-F3C 11 25 6 1 91 -1
41 1 6 ML-F3C 0 26 6 2 91 -1
41 1 6 TM-D8 9 30 7 2 152 -1
41 1 7 ML-T3C 1 26 6 2 91 -1
41 1 7 TM-D8 1 31 7 3 152 -1
41 1 8 TM-D8 5 31 7 3 152 -1
41 1 9 TM-D8 9 26 6 2 91 -1
41 1 10 TM-D8 1 27 6 3 91 -1
41 1 11 TM-D8 5 27 6 3 91 -1
41 1 12 TM-D8 1 31 7 3 260 -1
41 1 13 TM-D8 5 31 7 3 260 -1
41 1 14 TM-D8 9 31 7 3 260 -1
41 1 15 TM-D8 6 25 6 1 199 -1
41 1 16 TM-D8 10 25 6 1 199 -1
41 1 17 TM-D8 2 26 6 2 199 -1
41 1 18 TM-D8 9 30 7 2 344 -1
41 1 19 TM-D8 1 31 7 3 344 -1
41 1 20 TM-D8 5 31 7 3 344 -1
41 1 21 TM-D8 9 26 6 2 283 -1
41 1 22 TM-D8 1 27 6 3 283 -1
41 1 23 TM-D8 5 27 6 3 283 -1
41 1 24 TM-D8 1 31 7 3 452 -1
41 1 25 TM-D8 5 31 7 3 452 -1
41 1 26 TM-D8 9 31 7 3 452 -1
41 1 27 TM-D8 6 25 6 1 391 -1
41 1 28 TM-D8 10 25 6 1 391 -1
41 1 29 TM-D8 2 26 6 2 391 -1
41 1 30 TM-D8 9 30 7 2 536 -1
41 1 31 TM-D8 1 31 7 3 536 -1
41 1 32 TM-D8 5 31 7 3 536 -1
41 1 33 TM-D8 9 26 6 2 475 -1
41 1 34 TM-D8 1 27 6 3 475 -1
41 1 35 TM-D8 5 27 6 3 475 -1
41 2 -6 ML-53C 10 29 7 1 536 -1
41 2 -5 ML-F3C 8 29 7 1 536 -1
41 2 -4 ML-F3C 7 29 7 1 536 -1
41 2 -3 ML-F3C 2 26 6 2 475 -1
41 2 -2 ML-53C 9 25 6 1 475 -1
41 2 0 TM-E8 2 31 7 3 68 -1
41 2 1 TM-E8 6 31 7 3 68 -1
41 2 2 TM-E8 10 31 7 3 68 -1
41 2 3 TM-E8 7 25 6 1 7 -1
41 2 3 ML-53C 11 29 7 1 152 -1
41 2 4 TM-E8 11 25 6 1 7 -1
41 2 4 ML-F3C 2 26 6 2 91 -1
41 2 5 TM-E8 3 26 6 2 7 -1
41 2 5 ML-F3C 3 26 6 2 91 -1
41 2 6 ML-F3C 4 26 6 2 91 -1
41 2 6 TM-E8 10 30 7 2 152 -1
41 2 7 ML-53C 5 26 6 2 91 -1
41 2 7 TM-E8 2 31 7 3 152 -1
41 2 8 TM-E8 6 31 7 3 152 -1
41 2 9 TM-E8 10 26 6 2 91 -1
41 2 10 TM-E8 2 27 6 3 91 -1
41 2 11 TM-E8 6 27 6 3 91 -1
41 2 12 TM-E8 2 31 7 3 260 -1
41 2 13 TM-E8 6 31 7 3 260 -1
41 2 14 TM-E8 10 31 7 3 260 -1
41 2 15 TM-E8 7 25 6 1 199 -1
41 2 16 TM-E8 11 25 6 1 199 -1
41 2 17 TM-E8 3 26 6 2 199 -1
41 2 18 TM-E8 10 30 7 2 344 -1
41 2 19 TM-E8 2 31 7 3 344 -1
41 2 20 TM-E8 6 31 7 3 344 -1
41 2 21 TM-E8 10 26 6 2 283 -1
41 2 22 TM-E8 2 27 6 3 283 -1
41 2 23 TM-E8 6 27 6 3 283 -1
41 2 24 TM-E8 2 31 7 3 452 -1
41 2 25 TM-E8 6 31 7 3 452 -1
41 2 26 TM-E8 10 31 7 3 452 -1
41 2 27 TM-E8 7 25 6 1 391 -1
41 2 28 TM-E8 11 25 6 1 391 -1
41 2 29 TM-E8 3 26 6 2 391 -1
41 2 30 TM-E8 10 30 7 2 536 -1
41 2 31 TM-E8 2 31 7 3 536 -1
41 2 32 TM-E8 6 31 7 3 536 -1
41 2 33 TM-E8 10 26 6 2 475 -1
41 2 34 TM-E8 2 27 6 3 475 -1
41 2 35 TM-E8 6 27 6 3 475 -1
41 3 -5 ML-53C 9 29 7 1 536 -1
41 3 -4 ML-F3C 6 26 6 2 475 -1
41 3 -3 ML-F3C 3 26 6 2 475 -1
41 3 -2 ML-F3C 10 25 6 1 475 -1
41 3 -1 ML-F3C 5 25 6 1 475 -1
41 3 0 ML-T3C 7 30 7 2 68 -1
41 3 0 TM-G8 3 31 7 3 68 -1
41 3 1 TM-G8 7 31 7 3 68 -1
41 3 2 ML-B3C 4 24 6 0 7 -1
41 3 2 TM-G8 11 31 7 3 68 -1
41 3 3 TM-G8 8 25 6 1 7 -1
41 3 3 ML-F3C 4 30 7 2 152 -1
41 3 4 TM-G8 0 26 6 2 7 -1
41 3 4 ML-F3C 0 30 7 2 152 -1
41 3 5 TM-G8 4 26 6 2 7 -1
41 3 5 ML-F3C 7 29 7 1 152 -1
41 3 6 ML-F3C 6 26 6 2 91 -1
41 3 6 TM-G8 11 30 7 2 152 -1
41 3 7 ML-53C 7 26 6 2 91 -1
41 3 7 TM-G8 3 31 7 3 152 -1
41 3 8 TM-G8 7 31 7 3 152 -1
41 3 9 TM-G8 11 26 6 2 91 -1
41 3 10 TM-G8 3 27 6 3 91 -1
41 3 11 TM-G8 7 27 6 3 91 -1
41 3 12 TM-G8 3 31 7 3 260 -1
41 3 13 TM-G8 7 31 7 3 260 -1
41 3 14 TM-G8 11 31 7 3 260 -1
41 3 15 TM-G8 8 25 6 1 199 -1
41 3 16 TM-G8 0 26 6 2 199 -1
41 3 17 TM-G8 4 26 6 2 199 -1
41 3 18 TM-G8 11 30 7 2 344 -1
41 3 19 TM-G8 3 31 7 3 344 -1
41 3 20 TM-G8 7 31 7 3 344 -1
41 3 21 TM-G8 11 26 6 2 283 -1
41 3 22 TM-G8 3 27 6 3 283 -1
41 3 23 TM-G8 7 27 6 3 283 -1
41 3 24 TM-G8 3 31 7 3 452 -1
41 3 25 TM-G8 7 31 7 3 452 -1
41 3 26 TM-G8 11 31 7 3 452 -1
41 3 27 TM-G8 8 25 6 1 391 -1
41 3 28 TM-G8 0 26 6 2 391 -1
41 3 29 TM-G8 4 26 6 2 391 -1
41 3 30 TM-G8 11 30 7 2 536 -1
41 3 31 TM-G8 3 31 7 3 536 -1
41 3 32 TM-G8 7 31 7 3 536 -1
41 3 33 TM-G8 11 26 6 2 475 -1
41 3 34 TM-G8 3 27 6 3 475 -1
41 3 35 TM-G8 7 27 6 3 475 -1
41 4 -4 ML-53C 7 26 6 2 475 -1
41 4 -3 ML-F3C 4 26 6 2 475 -1
41 4 -2 ML-F3C 11 25 6 1 475 -1
41 4 -1 ML-F3C 6 25 6 1 475 -1
41 4 0 ML-F3C 8 30 7 2 68 -1
41 4 1 ML-F3C 1 30 7 2 68 -1
41 4 2 ML-F3C 9 24 6 0 7 -1
41 4 3 ML-F3C 5 24 6 0 7 -1
41 4 4 ML-F3C 5 30 7 2 152 -1
41 4 5 ML-F3C 1 30 7 2 152 -1
41 4 6 ML-F3C 8 29 7 1 152 -1
41 4 7 ML-53C 9 29 7 1 152 -1
41 5 -3 ML-53C 5 26 6 2 475 -1
41 5 -2 ML-F3C 0 26 6 2 475 -1
41 5 -1 ML-F3C 7 25 6 1 475 -1
41 5 0 ML-F3C 9 30 7 2 68 -1
41 5 1 ML-F3C 2 30 7 2 68 -1
41 5 2 ML-F3C 1 25 6 1 7 -1
41 5 3 ML-F3C 10 24 6 0 7 -1
41 5 4 ML-F3C 6 24 6 0 7 -1
41 5 5 ML-F3C 6 30 7 2 152 -1
41 5 6 ML-F3C 2 30 7 2 152 -1
41 5 7 ML-53C 10 29 7 1 152 -1
41 6 -2 ML-T3C 1 26 6 2 475 -1
41 6 -1 ML-F3C 8 25 6 1 475 -1
41 6 0 ML-F3C 10 30 7 2 68 -1
41 6 1 ML-F3C 3 30 7 2 68 -1
41 6 2 ML-F3C 4 30 7 2 68 -1
41 6 3 ML-F3C 2 25 6 1 7 -1
41 6 4 ML-F3C 11 24 6 0 7 -1
41 6 5 ML-F3C 7 24 6 0 7 -1
41 6 6 ML-F3C 7 30 7 2 152 -1
41 6 7 ML-B3C 3 30 7 2 152 -1
41 7 0 ML-B3C 11 30 7 2 68 -1
41 7 1 ML-F3C 5 30 7 2 68 -1
41 7 2 ML-F3C 6 30 7 2 68 -1
41 7 3 ML-F3C 3 25 6 1 7 -1
41 7 4 ML-F3C 4 25 6 1 7 -1
41 7 5 ML-F3C 0 25 6 1 7 -1
41 7 6 ML-T3C 8 24 6 0 7 -1
42 -7 -6 ML-T3C 3 31 7 3 332 -1
42 -7 -5 ML-F3C 7 31 7 3 332 -1
42 -7 -4 ML-F3C 10 31 7 3 332 -1
42 -7 -3 ML-F3C 11 31 7 3 332 -1
42 -7 -2 ML-F3C 4 30 7 2 296 -1
42 -7 -1 ML-F3C 5 30 7 2 296 -1
42 -7 0 ML-B3C 10 30 7 2 296 -1
42 -6 -7 ML-B3C 5 23 5 3 414 -1
42 -6 -6 ML-F3C 9 23 5 3 414 -1
42 -6 -5 ML-F3C 2 31 7 3 332 -1
42 -6 -4 ML-F3C 6 31 7 3 332 -1
42 -6 -3 ML-F3C 9 31 7 3 332 -1
42 -6 -2 ML-F3C 2 30 7 2 296 -1
42 -6 -1 ML-F3C 3 30 7 2 296 -1
42 -6 0 ML-F3C 9 30 7 2 296 -1
42 -6 1 ML-F3C 3 32 6 4 259 -1
42 -6 2 ML-T3C 8 32 6 4 259 -1
42 -5 -7 ML-53C 11 22 4 3 413 -1
42 -5 -6 ML-F3C 4 23 5 3 414 -1
42 -5 -5 ML-F3C 8 23 5 3 414 -1
42 -5 -4 ML-F3C 1 31 7 3 332 -1
42 -5 -3 ML-F3C 5 31 7 3 332 -1
42 -5 -2 ML-F3C 8 31 7 3 332 -1
42 -5 -1 ML-F3C 1 30 7 2 296 -1
42 -5 0 ML-F3C 8 30 7 2 296 -1
42 -5 1 ML-F3C 2 32 6 4 259 -1
42 -5 2 ML-F3C 7 32 6 4 259 -1
42 -5 3 ML-53C 2 33 8 0 261 -1
42 -4 -7 ML-53C 0 23 5 3 414 -1
42 -4 -6 ML-F3C 10 22 4 3 413 -1
42 -4 -5 ML-F3C 3 23 5 3 414 -1
42 -4 -4 ML-F3C 7 23 5 3 414 -1
42 -4 -3 ML-F3C 0 31 7 3 332 -1
42 -4 -2 ML-F3C 4 31 7 3 332 -1
42 -4 -1 ML-F3C 0 30 7 2 296 -1
42 -4 0 ML-F3C 7 30 7 2 296 -1
42 -4 1 ML-F3C 1 32 6 4 259 -1
42 -4 2 ML-F3C 6 32 6 4 259 -1
42 -4 3 ML-F3C 0 33 8 0 261 -1
42 -4 4 ML-53C 1 33 8 0 261 -1
42 -3 -7 ML-53C 1 33 8 0 453 -1
42 -3 -6 ML-F3C 11 32 6 4 451 -1
42 -3 -5 ML-F3C 9 22 4 3 413 -1
42 -3 -4 ML-F3C 2 23 5 3 414 -1
42 -3 -3 ML-F3C 6 23 5 3 414 -1
42 -3 -2 ML-B3C 11 30 7 2 332 -1
42 -3 0 ML-T3C 6 30 7 2 296 -1
42 -3 1 ML-F3C 0 32 6 4 259 -1
42 -3 2 ML-F3C 5 32 6 4 259 -1
42 -3 3 ML-F3C 10 32 6 4 259 -1
42 -3 4 ML-F3C 11 32 6 4 259 -1
42 -3 5 ML-53C 0 23 5 3 222 -1
42 -2 -7 ML-53C 2 33 8 0 453 -1
42 -2 -6 ML-F3C 0 33 8 0 453 -1
42 -2 -5 ML-F3C 10 32 6 4 451 -1
42 -2 -4 ML-F3C 9 32 6 4 451 -1
42 -2 -3 ML-53C 1 23 5 3 414 -1
42 -2 2 ML-53C 4 32 6 4 259 -1
42 -2 3 ML-F3C 9 32 6 4 259 -1
42 -2 4 ML-F3C 9 22 4 3 221 -1
42 -2 5 ML-F3C 10 22 4 3 221 -1
42 -2 6 ML-53C 11 22 4 3 221 -1
42 -1 -7 ML-T3C 8 32 6 4 451 -1
42 -1 -6 ML-F3C 7 32 6 4 451 -1
42 -1 -5 ML-F3C 6 32 6 4 451 -1
42 -1 -4 ML-F3C 5 32 6 4 451 -1
42 -1 -3 ML-53C 4 32 6 4 451 -1
42 -1 3 ML-53C 1 23 5 3 222 -1
42 -1 4 ML-F3C 2 23 5 3 222 -1
42 -1 5 ML-F3C 3 23 5 3 222 -1
42 -1 6 ML-F3C 4 23 5 3 222 -1
42 -1 7 ML-B3C 5 23 5 3 222 -1
42 0 -6 ML-F3C 3 32 6 4 451 -1
42 0 -5 ML-F3C 2 32 6 4 451 -1
42 0 -4 ML-F3C 1 32 6 4 451 -1
42 0 -3 ML-F3C 0 32 6 4 451 -1
42 0 0 TM-B11B12 10 23 5 3 30 -1
42 0 1 TM-B11B12 2 24 6 0 31 -1
42 0 2 TM-B11B12 6 24 6 0 31 -1
42 0 3 TM-B11B12 3 33 8 0 69 -1
42 0 4 ML-F3C 6 23 5 3 222 -1
42 0 4 TM-B11B12 7 33 8 0 69 -1
42 0 5 ML-F3C 7 23 5 3 222 -1
42 0 5 TM-B11B12 11 33 8 0 69 -1
42 0 6 ML-F3C 8 23 5 3 222 -1
42 0 6 TM-B11B12 11 30 7 2 104 -1
42 0 7 ML-F3C 9 23 5 3 222 -1
42 0 7 TM-B11B12 3 31 7 3 104 -1
42 0 8 TM-B11B12 7 31 7 3 104 -1
42 0 9 TM-B11B12 0 32 6 4 139 -1
42 0 10 TM-B11B12 4 32 6 4 139 -1
42 0 11 TM-B11B12 8 32 6 4 139 -1
42 0 12 TM-B11B12 10 23 5 3 222 -1
42 0 13 TM-B11B12 2 24 6 0 223 -1
42 0 14 TM-B11B12 6 24 6 0 223 -1
42 0 15 TM-B11B12 3 33 8 0 261 -1
42 0 16 TM-B11B12 7 33 8 0 261 -1
42 0 17 TM-B11B12 11 33 8 0 261 -1
42 0 18 TM-B11B12 11 30 7 2 296 -1
42 0 19 TM-B11B12 3 31 7 3 296 -1
42 0 20 TM-B11B12 7 31 7 3 296 -1
42 0 21 TM-B11B12 0 32 6 4 331 -1
42 0 22 TM-B11B12 4 32 6 4 331 -1
42 0 23 TM-B11B12 8 32 6 4 331 -1
42 0 24 TM-B11B12 10 23 5 3 414 -1
42 0 25 TM-B11B12 2 24 6 0 415 -1
42 0 26 TM-B11B12 6 24 6 0 415 -1
42 0 27 TM-B11B12 3 33 8 0 453 -1
42 0 28 TM-B11B12 7 33 8 0 453 -1
42 0 29 TM-B11B12 11 33 8 0 453 -1
42 0 30 TM-B11B12 11 30 7 2 488 -1
42 0 31 TM-B11B12 3 31 7 3 488 -1
42 0 32 TM-B11B12 7 31 7 3 488 -1
42 0 33 TM-B11B12 0 32 6 4 523 -1
42 0 34 TM-B11B12 4 32 6 4 523 -1
42 0 35 TM-B11B12 8 32 6 4 523 -1
42 1 -6 ML-B3C 10 30 7 2 488 -1
42 1 -5 ML-F3C 9 30 7 2 488 -1
42 1 -4 ML-F3C 8 30 7 2 488 -1
42 1 -3 ML-F3C 7 30 7 2 488 -1
42 1 -2 ML-T3C 6 30 7 2 488 -1
42 1 0 TM-D8 11 23 5 3 30 -1
42 1 1 TM-D8 3 24 6 0 31 -1
42 1 2 TM-D8 7 24 6 0 31 -1
42 1 3 TM-D8 4 33 8 0 69 -1
42 1 4 TM-D8 8 33 8 0 69 -1
42 1 4 ML-B3C 11 30 7 2 140 -1
42 1 5 TM-D8 0 34 8 1 69 -1
42 1 5 ML-F3C 0 31 7 3 140 -1
42 1 6 TM-D8 0 31 7 3 104 -1
42 1 6 ML-F3C 1 31 7 3 140 -1
42 1 7 TM-D8 4 31 7 3 104 -1
42 1 7 ML-F3C 2 31 7 3 140 -1
42 1 8 TM-D8 8 31 7 3 104 -1
42 1 8 ML-T3C 3 31 7 3 140 -1
42 1 9 TM-D8 1 32 6 4 139 -1
42 1 10 TM-D8 5 32 6 4 139 -1
42 1 11 TM-D8 9 32 6 4 139 -1
42 1 12 TM-D8 11 23 5 3 222 -1
42 1 13 TM-D8 3 24 6 0 223 -1
42 1 14 TM-D8 7 24 6 0 223 -1
42 1 15 TM-D8 4 33 8 0 261 -1
42 1 16 TM-D8 8 33 8 0 261 -1
42 1 17 TM-D8 0 34 8 1 261 -1
42 1 18 TM-D8 0 31 7 3 296 -1
42 1 19 TM-D8 4 31 7 3 296 -1
42 1 20 TM-D8 8 31 7 3 296 -1
42 1 21 TM-D8 1 32 6 4 331 -1
42 1 22 TM-D8 5 32 6 4 331 -1
42 1 23 TM-D8 9 32 6 4 331 -1
42 1 24 TM-D8 11 23 5 3 414 -1
42 1 25 TM-D8 3 24 6 0 415 -1
42 1 26 TM-D8 7 24 6 0 415 -1
42 1 27 TM-D8 4 33 8 0 453 -1
42 1 28 TM-D8 8 33 8 0 453 -1
42 1 29 TM-D8 0 34 8 1 453 -1
42 1 30 TM-D8 0 31 7 3 488 -1
42 1 31 TM-D8 4 31 7 3 488 -1
42 1 32 TM-D8 8 31 7 3 488 -1
42 1 33 TM-D8 1 32 6 4 523 -1
42 1 34 TM-D8 5 32 6 4 523 -1
42 1 35 TM-D8 9 32 6 4 523 -1
42 2 -5 ML-F3C 5 30 7 2 488 -1
42 2 -4 ML-F3C 3 30 7 2 488 -1
42 2 -3 ML-F3C 1 30 7 2 488 -1
42 2 -2 ML-F3C 0 30 7 2 488 -1
42 2 0 TM-E8 0 24 6 0 31 -1
42 2 1 TM-E8 4 24 6 0 31 -1
42 2 2 TM-E8 8 24 6 0 31 -1
42 2 3 TM-E8 5 33 8 0 69 -1
42 2 4 TM-E8 9 33 8 0 69 -1
42 2 5 TM-E8 1 34 8 1 69 -1
42 2 5 ML-F3C 4 31 7 3 140 -1
42 2 6 TM-E8 1 31 7 3 104 -1
42 2 6 ML-F3C 5 31 7 3 140 -1
42 2 7 TM-E8 5 31 7 3 104 -1
42 2 7 ML-F3C 6 31 7 3 140 -1
42 2 8 TM-E8 9 31 7 3 104 -1
42 2 8 ML-F3C 7 31 7 3 140 -1
42 2 9 TM-E8 2 32 6 4 139 -1
42 2 10 TM-E8 6 32 6 4 139 -1
42 2 11 TM-E8 10 32 6 4 139 -1
42 2 12 TM-E8 0 24 6 0 223 -1
42 2 13 TM-E8 4 24 6 0 223 -1
42 2 14 TM-E8 8 24 6 0 223 -1
42 2 15 TM-E8 5 33 8 0 261 -1
42 2 16 TM-E8 9 33 8 0 261 -1
42 2 17 TM-E8 1 34 8 1 261 -1
42 2 18 TM-E8 1 31 7 3 296 -1
42 2 19 TM-E8 5 31 7 3 296 -1
42 2 20 TM-E8 9 31 7 3 296 -1
42 2 21 TM-E8 2 32 6 4 331 -1
42 2 22 TM-E8 6 32 6 4 331 -1
42 2 23 TM-E8 10 32 6 4 331 -1
42 2 24 TM-E8 0 24 6 0 415 -1
42 2 25 TM-E8 4 24 6 0 415 -1
42 2 26 TM-E8 8 24 6 0 415 -1
42 2 27 TM-E8 5 33 8 0 453 -1
42 2 28 TM-E8 9 33 8 0 453 -1
42 2 29 TM-E8 1 34 8 1 453 -1
42 2 30 TM-E8 1 31 7 3 488 -1
42 2 31 TM-E8 5 31 7 3 488 -1
42 2 32 TM-E8 9 31 7 3 488 -1
42 2 33 TM-E8 2 32 6 4 523 -1
42 2 34 TM-E8 6 32 6 4 523 -1
42 2 35 TM-E8 10 32 6 4 523 -1
42 3 -4 ML-F3C 4 30 7 2 488 -1
42 3 -3 ML-F3C 2 30 7 2 488 -1
42 3 -2 ML-F3C 8 31 7 3 524 -1
42 3 -1 ML-F3C 4 31 7 3 524 -1
42 3 0 TM-G8 1 24 6 0 31 -1
42 3 0 ML-B3C 11 30 7 2 524 -1
42 3 1 TM-G8 5 24 6 0 31 -1
42 3 2 TM-G8 9 24 6 0 31 -1
42 3 3 TM-G8 6 33 8 0 69 -1
42 3 4 TM-G8 10 33 8 0 69 -1
42 3 4 ML-T3C 6 30 7 2 104 -1
42 3 5 TM-G8 2 34 8 1 69 -1
42 3 5 ML-F3C 0 30 7 2 104 -1
42 3 6 TM-G8 2 31 7 3 104 -1
42 3 6 ML-F3C 8 31 7 3 140 -1
42 3 7 TM-G8 6 31 7 3 104 -1
42 3 7 ML-F3C 9 31 7 3 140 -1
42 3 8 TM-G8 10 31 7 3 104 -1
42 3 8 ML-F3C 10 31 7 3 140 -1
42 3 9 TM-G8 3 32 6 4 139 -1
42 3 10 TM-G8 7 32 6 4 139 -1
42 3 11 TM-G8 11 32 6 4 139 -1
42 3 12 TM-G8 1 24 6 0 223 -1
42 3 13 TM-G8 5 24 6 0 223 -1
42 3 14 TM-G8 9 24 6 0 223 -1
42 3 15 TM-G8 6 33 8 0 261 -1
42 3 16 TM-G8 10 33 8 0 261 -1
42 3 17 TM-G8 2 34 8 1 261 -1
42 3 18 TM-G8 2 31 7 3 296 -1
42 3 19 TM-G8 6 31 7 3 296 -1
42 3 20 TM-G8 10 31 7 3 296 -1
42 3 21 TM-G8 3 32 6 4 331 -1
42 3 22 TM-G8 7 32 6 4 331 -1
42 3 23 TM-G8 11 32 6 4 331 -1
42 3 24 TM-G8 1 24 6 0 415 -1
42 3 25 TM-G8 5 24 6 0 415 -1
42 3 26 TM-G8 9 24 6 0 415 -1
42 3 27 TM-G8 6 33 8 0 453 -1
42 3 28 TM-G8 10 33 8 0 453 -1
42 3 29 TM-G8 2 34 8 1 453 -1
42 3 30 TM-G8 2 31 7 3 488 -1
42 3 31 TM-G8 6 31 7 3 488 -1
42 3 32 TM-G8 10 31 7 3 488 -1
42 3 33 TM-G8 3 32 6 4 523 -1
42 3 34 TM-G8 7 32 6 4 523 -1
42 3 35 TM-G8 11 32 6 4 523 -1
42 4 -3 ML-F3C 11 31 7 3 524 -1
42 4 -2 ML-F3C 9 31 7 3 524 -1
42 4 -1 ML-F3C 5 31 7 3 524 -1
42 4 0 ML-F3C 0 31 7 3 524 -1
42 4 1 ML-F3C 6 23 5 3 30 -1
42 4 2 ML-53C 1 23 5 3 30 -1
42 4 3 ML-53C 4 32 6 4 67 -1
42 4 4 ML-F3C 0 32 6 4 67 -1
42 4 5 ML-F3C 7 30 7 2 104 -1
42 4 6 ML-F3C 1 30 7 2 104 -1
42 4 7 ML-F3C 2 30 7 2 104 -1
42 4 8 ML-F3C 11 31 7 3 140 -1
42 5 -2 ML-F3C 10 31 7 3 524 -1
42 5 -1 ML-F3C 6 31 7 3 524 -1
42 5 0 ML-F3C 1 31 7 3 524 -1
42 5 1 ML-F3C 7 23 5 3 30 -1
42 5 2 ML-F3C 2 23 5 3 30 -1
42 5 3 ML-F3C 9 32 6 4 67 -1
42 5 4 ML-F3C 5 32 6 4 67 -1
42 5 5 ML-F3C 1 32 6 4 67 -1
42 5 6 ML-F3C 8 30 7 2 104 -1
42 5 7 ML-F3C 3 30 7 2 104 -1
42 5 8 ML-F3C 4 30 7 2 104 -1
42 6 -1 ML-F3C 7 31 7 3 524 -1
42 6 0 ML-F3C 2 31 7 3 524 -1
42 6 1 ML-F3C 8 23 5 3 30 -1
42 6 2 ML-F3C 3 23 5 3 30 -1
42 6 3 ML-F3C 9 22 4 3 29 -1
42 6 4 ML-F3C 10 32 6 4 67 -1
42 6 5 ML-F3C 6 32 6 4 67 -1
42 6 6 ML-F3C 2 32 6 4 67 -1
42 6 7 ML-F3C 9 30 7 2 104 -1
42 6 8 ML-F3C 5 30 7 2 104 -1
42 7 0 ML-T3C 3 31 7 3 524 -1
42 7 1 ML-F3C 9 23 5 3 30 -1
42 7 2 ML-F3C 4 23 5 3 30 -1
42 7 3 ML-F3C 10 22 4 3 29 -1
42 7 4 ML-F3C 11 32 6 4 67 -1
42 7 5 ML-F3C 0 33 8 0 69 -1
42 7 6 ML-F3C 7 32 6 4 67 -1
42 7 7 ML-F3C 3 32 6 4 67 -1
42 7 8 ML-B3C 10 30 7 2 104 -1
42 8 2 ML-B3C 5 23 5 3 30 -1
42 8 3 ML-53C 11 22 4 3 29 -1
42 8 4 ML-53C 0 23 5 3 30 -1
42 8 5 ML-53C 1 33 8 0 69 -1
42 8 6 ML-53C 2 33 8 0 69 -1
42 8 7 ML-T3C 8 32 6 4 67 -1
43 -8 -7 ML-T3C 4 32 6 4 343 -1
43 -8 -6 ML-53C 8 32 6 4 343 -1
43 -8 -5 ML-53C 10 32 6 4 343 -1
43 -8 -4 ML-53C 3 27 6 3 319 -1
43 -8 -3 ML-53C 4 27 6 3 319 -1
43 -8 -2 ML-B3C 9 27 6 3 319 -1
43 -7 -8 ML-B3C 1 35 8 2 453 -1
43 -7 -7 ML-F3C 11 31 7 3 344 -1
43 -7 -6 ML-F3C 3 32 6 4 343 -1
43 -7 -5 ML-F3C 7 32 6 4 343 -1
43 -7 -4 ML-F3C 9 32 6 4 343 -1
43 -7 -3 ML-F3C 2 27 6 3 319 -1
43 -7 -2 ML-F3C 8 27 6 3 319 -1
43 -7 -1 ML-F3C 1 28 7 0 320 -1
43 -7 0 ML-T3C 8 35 8 2 249 -1
43 -6 -8 ML-F3C 7 34 8 1 453 -1
43 -6 -7 ML-F3C 0 35 8 2 453 -1
43 -6 -6 ML-F3C 10 31 7 3 344 -1
43 -6 -5 ML-F3C 2 32 6 4 343 -1
43 -6 -4 ML-F3C 6 32 6 4 343 -1
43 -6 -3 ML-F3C 1 27 6 3 319 -1
43 -6 -2 ML-F3C 7 27 6 3 319 -1
43 -6 -1 ML-F3C 0 28 7 0 320 -1
43 -6 0 ML-F3C 7 35 8 2 249 -1
43 -6 1 ML-F3C 0 36 8 3 249 -1
43 -5 -8 ML-F3C 8 34 8 1 453 -1
43 -5 -7 ML-F3C 5 34 8 1 453 -1
43 -5 -6 ML-F3C 11 34 8 1 453 -1
43 -5 -5 ML-F3C 9 31 7 3 344 -1
43 -5 -4 ML-F3C 1 32 6 4 343 -1
43 -5 -3 ML-F3C 5 32 6 4 343 -1
43 -5 -2 ML-F3C 6 27 6 3 319 -1
43 -5 -1 ML-F3C 11 27 6 3 319 -1
43 -5 0 ML-F3C 6 35 8 2 249 -1
43 -5 1 ML-F3C 11 35 8 2 249 -1
43 -5 2 ML-F3C 4 36 8 3 249 -1
43 -4 -8 ML-F3C 3 36 8 3 441 -1
43 -4 -7 ML-F3C 6 34 8 1 453 -1
43 -4 -6 ML-F3C 4 34 8 1 453 -1
43 -4 -5 ML-F3C 10 34 8 1 453 -1
43 -4 -4 ML-F3C 8 31 7 3 344 -1
43 -4 -3 ML-53C 0 32 6 4 343 -1
43 -4 -2 ML-53C 5 27 6 3 319 -1
43 -4 -1 ML-F3C 10 27 6 3 319 -1
43 -4 0 ML-F3C 5 35 8 2 249 -1
43 -4 1 ML-F3C 10 35 8 2 249 -1
43 -4 2 ML-F3C 2 36 8 3 249 -1
43 -4 3 ML-F3C 3 36 8 3 249 -1
43 -3 -8 ML-F3C 4 36 8 3 441 -1
43 -3 -7 ML-F3C 2 36 8 3 441 -1
43 -3 -6 ML-F3C 1 36 8 3 441 -1
43 -3 -5 ML-F3C 3 34 8 1 453 -1
43 -3 -4 ML-T3C 9 34 8 1 453 -1
43 -3 0 ML-B3C 4 35 8 2 249 -1
43 -3 1 ML-F3C 9 35 8 2 249 -1
43 -3 2 ML-F3C 1 36 8 3 249 -1
43 -3 3 ML-F3C 6 34 8 1 261 -1
43 -3 4 ML-F3C 8 34 8 1 261 -1
43 -2 -8 ML-F3C 0 36 8 3 441 -1
43 -2 -7 ML-F3C 11 35 8 2 441 -1
43 -2 -6 ML-F3C 10 35 8 2 441 -1
43 -2 -5 ML-F3C 9 35 8 2 441 -1
43 -2 2 ML-F3C 3 34 8 1 261 -1
43 -2 3 ML-F3C 4 34 8 1 261 -1
43 -2 4 ML-F3C 5 34 8 1 261 -1
43 -2 5 ML-F3C 7 34 8 1 261 -1
43 -1 -8 ML-T3C 8 35 8 2 441 -1
43 -1 -7 ML-F3C 7 35 8 2 441 -1
43 -1 -6 ML-F3C 6 35 8 2 441 -1
43 -1 -5 ML-F3C 5 35 8 2 441 -1
43 -1 -4 ML-B3C 4 35 8 2 441 -1
43 -1 2 ML-T3C 9 34 8 1 261 -1
43 -1 3 ML-F3C 10 34 8 1 261 -1
43 -1 4 ML-F3C 11 34 8 1 261 -1
43 -1 5 ML-F3C 0 35 8 2 261 -1
43 -1 6 ML-B3C 1 35 8 2 261 -1
43 0 -7 ML-F3C 1 28 7 0 512 -1
43 0 -6 ML-F3C 0 28 7 0 512 -1
43 0 -5 ML-F3C 11 27 6 3 511 -1
43 0 -4 ML-F3C 10 27 6 3 511 -1
43 0 0 TM-B11B12 2 35 8 2 69 -1
43 0 1 TM-B11B12 6 35 8 2 69 -1
43 0 2 TM-B11B12 10 35 8 2 69 -1
43 0 3 TM-B11B12 5 36 8 3 57 -1
43 0 3 ML-F3C 8 31 7 3 152 -1
43 0 4 TM-B11B12 9 36 8 3 57 -1
43 0 4 ML-F3C 9 31 7 3 152 -1
43 0 5 TM-B11B12 1 37 9 0 58 -1
43 0 5 ML-F3C 10 31 7 3 152 -1
43 0 6 TM-B11B12 2 28 7 0 128 -1
43 0 6 ML-F3C 11 31 7 3 152 -1
43 0 7 TM-B11B12 6 28 7 0 128 -1
43 0 8 TM-B11B12 10 28 7 0 128 -1
43 0 9 TM-B11B12 11 32 6 4 151 -1
43 0 10 TM-B11B12 3 33 8 0 153 -1
43 0 11 TM-B11B12 7 33 8 0 153 -1
43 0 12 TM-B11B12 2 35 8 2 261 -1
43 0 13 TM-B11B12 6 35 8 2 261 -1
43 0 14 TM-B11B12 10 35 8 2 261 -1
43 0 15 TM-B11B12 5 36 8 3 249 -1
43 0 16 TM-B11B12 9 36 8 3 249 -1
43 0 17 TM-B11B12 1 37 9 0 250 -1
43 0 18 TM-B11B12 2 28 7 0 320 -1
43 0 19 TM-B11B12 6 28 7 0 320 -1
43 0 20 TM-B11B12 10 28 7 0 320 -1
43 0 21 TM-B11B12 11 32 6 4 343 -1
43 0 22 TM-B11B12 3 33 8 0 345 -1
43 0 23 TM-B11B12 7 33 8 0 345 -1
43 0 24 TM-B11B12 2 35 8 2 453 -1
43 0 25 TM-B11B12 6 35 8 2 453 -1
43 0 26 TM-B11B12 10 35 8 2 453 -1
43 0 27 TM-B11B12 5 36 8 3 441 -1
43 0 28 TM-B11B12 9 36 8 3 441 -1
43 0 29 TM-B11B12 1 37 9 0 442 -1
43 0 30 TM-B11B12 2 28 7 0 512 -1
43 0 31 TM-B11B12 6 28 7 0 512 -1
43 0 32 TM-B11B12 10 28 7 0 512 -1
43 0 33 TM-B11B12 11 32 6 4 535 -1
43 0 34 TM-B11B12 3 33 8 0 537 -1
43 0 35 TM-B11B12 7 33 8 0 537 -1
43 1 -7 ML-B3C 9 27 6 3 511 -1
43 1 -6 ML-F3C 8 27 6 3 511 -1
43 1 -5 ML-F3C 7 27 6 3 511 -1
43 1 -4 ML-F3C 6 27 6 3 511 -1
43 1 -3 ML-53C 5 27 6 3 511 -1
43 1 0 TM-D8 3 35 8 2 69 -1
43 1 1 TM-D8 7 35 8 2 69 -1
43 1 2 TM-D8 11 35 8 2 69 -1
43 1 3 TM-D8 6 36 8 3 57 -1
43 1 3 ML-53C 0 32 6 4 151 -1
43 1 4 TM-D8 10 36 8 3 57 -1
43 1 4 ML-F3C 1 32 6 4 151 -1
43 1 5 TM-D8 2 37 9 0 58 -1
43 1 5 ML-F3C 2 32 6 4 151 -1
43 1 6 TM-D8 3 28 7 0 128 -1
43 1 6 ML-F3C 3 32 6 4 151 -1
43 1 7 TM-D8 7 28 7 0 128 -1
43 1 7 ML-T3C 4 32 6 4 151 -1
43 1 8 TM-D8 11 28 7 0 128 -1
43 1 9 TM-D8 0 33 8 0 153 -1
43 1 10 TM-D8 4 33 8 0 153 -1
43 1 11 TM-D8 8 33 8 0 153 -1
43 1 12 TM-D8 3 35 8 2 261 -1
43 1 13 TM-D8 7 35 8 2 261 -1
43 1 14 TM-D8 11 35 8 2 261 -1
43 1 15 TM-D8 6 36 8 3 249 -1
43 1 16 TM-D8 10 36 8 3 249 -1
43 1 17 TM-D8 2 37 9 0 250 -1
43 1 18 TM-D8 3 28 7 0 320 -1
43 1 19 TM-D8 7 28 7 0 320 -1
43 1 20 TM-D8 11 28 7 0 320 -1
43 1 21 TM-D8 0 33 8 0 345 -1
43 1 22 TM-D8 4 33 8 0 345 -1
43 1 23 TM-D8 8 33 8 0 345 -1
43 1 24 TM-D8 3 35 8 2 453 -1
43 1 25 TM-D8 7 35 8 2 453 -1
43 1 26 TM-D8 11 35 8 2 453 -1
43 1 27 TM-D8 6 36 8 3 441 -1
43 1 28 TM-D8 10 36 8 3 441 -1
43 1 29 TM-D8 2 37 9 0 442 -1
43 1 30 TM-D8 3 28 7 0 512 -1
43 1 31 TM-D8 7 28 7 0 512 -1
43 1 32 TM-D8 11 28 7 0 512 -1
43 1 33 TM-D8 0 33 8 0 537 -1
43 1 34 TM-D8 4 33 8 0 537 -1
43 1 35 TM-D8 8 33 8 0 537 -1
43 2 -6 ML-53C 4 27 6 3 511 -1
43 2 -5 ML-F3C 2 27 6 3 511 -1
43 2 -4 ML-F3C 1 27 6 3 511 -1
43 2 -3 ML-F3C 5 32 6 4 535 -1
43 2 -2 ML-53C 0 32 6 4 535 -1
43 2 0 TM-E8 4 35 8 2 69 -1
43 2 1 TM-E8 8 35 8 2 69 -1
43 2 2 TM-E8 0 36 8 3 69 -1
43 2 3 TM-E8 7 36 8 3 57 -1
43 2 3 ML-53C 5 27 6 3 127 -1
43 2 4 TM-E8 11 36 8 3 57 -1
43 2 4 ML-F3C 5 32 6 4 151 -1
43 2 5 TM-E8 3 37 9 0 58 -1
43 2 5 ML-F3C 6 32 6 4 151 -1
43 2 6 TM-E8 4 28 7 0 128 -1
43 2 6 ML-F3C 7 32 6 4 151 -1
43 2 7 TM-E8 8 28 7 0 128 -1
43 2 7 ML-53C 8 32 6 4 151 -1
43 2 8 TM-E8 0 29 7 1 128 -1
43 2 9 TM-E8 1 33 8 0 153 -1
43 2 10 TM-E8 5 33 8 0 153 -1
43 2 11 TM-E8 9 33 8 0 153 -1
43 2 12 TM-E8 4 35 8 2 261 -1
43 2 13 TM-E8 8 35 8 2 261 -1
43 2 14 TM-E8 0 36 8 3 261 -1
43 2 15 TM-E8 7 36 8 3 249 -1
43 2 16 TM-E8 11 36 8 3 249 -1
43 2 17 TM-E8 3 37 9 0 250 -1
43 2 18 TM-E8 4 28 7 0 320 -1
43 2 19 TM-E8 8 28 7 0 320 -1
43 2 20 TM-E8 0 29 7 1 320 -1
43 2 21 TM-E8 1 33 8 0 345 -1
43 2 22 TM-E8 5 33 8 0 345 -1
43 2 23 TM-E8 9 33 8 0 345 -1
43 2 24 TM-E8 4 35 8 2 453 -1
43 2 25 TM-E8 8 35 8 2 453 -1
43 2 26 TM-E8 0 36 8 3 453 -1
43 2 27 TM-E8 7 36 8 3 441 -1
43 2 28 TM-E8 11 36 8 3 441 -1
43 2 29 TM-E8 3 37 9 0 442 -1
43 2 30 TM-E8 4 28 7 0 512 -1
43 2 31 TM-E8 8 28 7 0 512 -1
43 2 32 TM-E8 0 29 7 1 512 -1
43 2 33 TM-E8 1 33 8 0 537 -1
43 2 34 TM-E8 5 33 8 0 537 -1
43 2 35 TM-E8 9 33 8 0 537 -1
43 3 -5 ML-53C 3 27 6 3 511 -1
43 3 -4 ML-F3C 9 32 6 4 535 -1
43 3 -3 ML-F3C 6 32 6 4 535 -1
43 3 -2 ML-F3C 1 32 6 4 535 -1
43 3 -1 ML-F3C 8 31 7 3 536 -1
43 3 0 ML-T3C 9 34 8 1 69 -1
43 3 0 TM-G8 5 35 8 2 69 -1
43 3 1 TM-G8 9 35 8 2 69 -1
43 3 2 ML-B3C 4 35 8 2 57 -1
43 3 2 TM-G8 1 36 8 3 69 -1
43 3 3 TM-G8 8 36 8 3 57 -1
43 3 3 ML-F3C 10 27 6 3 127 -1
43 3 4 TM-G8 0 37 9 0 58 -1
43 3 4 ML-F3C 6 27 6 3 127 -1
43 3 5 TM-G8 4 37 9 0 58 -1
43 3 5 ML-F3C 1 27 6 3 127 -1
43 3 6 TM-G8 5 28 7 0 128 -1
43 3 6 ML-F3C 9 32 6 4 151 -1
43 3 7 TM-G8 9 28 7 0 128 -1
43 3 7 ML-53C 10 32 6 4 151 -1
43 3 8 TM-G8 1 29 7 1 128 -1
43 3 9 TM-G8 2 33 8 0 153 -1
43 3 10 TM-G8 6 33 8 0 153 -1
43 3 11 TM-G8 10 33 8 0 153 -1
43 3 12 TM-G8 5 35 8 2 261 -1
43 3 13 TM-G8 9 35 8 2 261 -1
43 3 14 TM-G8 1 36 8 3 261 -1
43 3 15 TM-G8 8 36 8 3 249 -1
43 3 16 TM-G8 0 37 9 0 250 -1
43 3 17 TM-G8 4 37 9 0 250 -1
43 3 18 TM-G8 5 28 7 0 320 -1
43 3 19 TM-G8 9 28 7 0 320 -1
43 3 20 TM-G8 1 29 7 1 320 -1
43 3 21 TM-G8 2 33 8 0 345 -1
43 3 22 TM-G8 6 33 8 0 345 -1
43 3 23 TM-G8 10 33 8 0 345 -1
43 3 24 TM-G8 5 35 8 2 453 -1
43 3 25 TM-G8 9 35 8 2 453 -1
43 3 26 TM-G8 1 36 8 3 453 -1
43 3 27 TM-G8 8 36 8 3 441 -1
43 3 28 TM-G8 0 37 9 0 442 -1
43 3 29 TM-G8 4 37 9 0 442 -1
43 3 30 TM-G8 5 28 7 0 512 -1
43 3 31 TM-G8 9 28 7 0 512 -1
43 3 32 TM-G8 1 29 7 1 512 -1
43 3 33 TM-G8 2 33 8 0 537 -1
43 3 34 TM-G8 6 33 8 0 537 -1
43 3 35 TM-G8 10 33 8 0 537 -1
43 4 -4 ML-53C 10 32 6 4 535 -1
43 4 -3 ML-F3C 7 32 6 4 535 -1
43 4 -2 ML-F3C 2 32 6 4 535 -1
43 4 -1 ML-F3C 9 31 7 3 536 -1
43 4 0 ML-F3C 10 34 8 1 69 -1
43 4 1 ML-F3C 3 34 8 1 69 -1
43 4 2 ML-F3C 9 35 8 2 57 -1
43 4 3 ML-F3C 5 35 8 2 57 -1
43 4 4 ML-F3C 11 27 6 3 127 -1
43 4 5 ML-F3C 7 27 6 3 127 -1
43 4 6 ML-F3C 2 27 6 3 127 -1
43 4 7 ML-53C 3 27 6 3 127 -1
43 5 -3 ML-53C 8 32 6 4 535 -1
43 5 -2 ML-F3C 3 32 6 4 535 -1
43 5 -1 ML-F3C 10 31 7 3 536 -1
43 5 0 ML-F3C 11 34 8 1 69 -1
43 5 1 ML-F3C 4 34 8 1 69 -1
43 5 2 ML-F3C 1 36 8 3 57 -1
43 5 3 ML-F3C 10 35 8 2 57 -1
43 5 4 ML-F3C 6 35 8 2 57 -1
43 5 5 ML-F3C 0 28 7 0 128 -1
43 5 6 ML-F3C 8 27 6 3 127 -1
43 5 7 ML-53C 4 27 6 3 127 -1
43 6 -2 ML-T3C 4 32 6 4 535 -1
43 6 -1 ML-F3C 11 31 7 3 536 -1
43 6 0 ML-F3C 0 35 8 2 69 -1
43 6 1 ML-F3C 5 34 8 1 69 -1
43 6 2 ML-F3C 6 34 8 1 69 -1
43 6 3 ML-F3C 2 36 8 3 57 -1
43 6 4 ML-F3C 11 35 8 2 57 -1
43 6 5 ML-F3C 7 35 8 2 57 -1
43 6 6 ML-F3C 1 28 7 0 128 -1
43 6 7 ML-B3C 9 27 6 3 127 -1
43 7 0 ML-B3C 1 35 8 2 69 -1
43 7 1 ML-F3C 7 34 8 1 69 -1
43 7 2 ML-F3C 8 34 8 1 69 -1
43 7 3 ML-F3C 3 36 8 3 57 -1
43 7 4 ML-F3C 4 36 8 3 57 -1
43 7 5 ML-F3C 0 36 8 3 57 -1
43 7 6 ML-T3C 8 35 8 2 57 -1
44 -6 -5 ML-T3C 3 33 8 0 333 -1
44 -6 -4 ML-F3C 6 33 8 0 333 -1
44 -6 -3 ML-F3C 8 33 8 0 333 -1
44 -6 -2 ML-F3C 8 20 5 1 270 -1
44 -6 -1 ML-F3C 9 20 5 1 270 -1
44 -6 0 ML-B3C 1 21 5 2 270 -1
44 -5 -6 ML-B3C 9 26 6 2 391 -1
44 -5 -5 ML-F3C 1 27 6 3 391 -1
44 -5 -4 ML-F3C 2 33 8 0 333 -1
44 -5 -3 ML-F3C 5 33 8 0 333 -1
44 -5 -2 ML-F3C 7 33 8 0 333 -1
44 -5 -1 ML-F3C 7 20 5 1 270 -1
44 -5 0 ML-F3C 0 21 5 2 270 -1
44 -5 1 ML-F3C 4 21 5 2 270 -1
44 -5 2 ML-T3C 0 22 4 3 269 -1
44 -4 -6 ML-53C 10 26 6 2 391 -1
44 -4 -5 ML-F3C 7 26 6 2 391 -1
44 -4 -4 ML-F3C 0 27 6 3 391 -1
44 -4 -3 ML-F3C 1 33 8 0 333 -1
44 -4 -2 ML-F3C 4 33 8 0 333 -1
44 -4 -1 ML-F3C 6 20 5 1 270 -1
44 -4 0 ML-F3C 11 20 5 1 270 -1
44 -4 1 ML-F3C 3 21 5 2 270 -1
44 -4 2 ML-F3C 11 21 5 2 270 -1
44 -4 3 ML-53C 8 21 5 2 270 -1
44 -3 -6 ML-53C 7 21 5 2 462 -1
44 -3 -5 ML-F3C 8 26 6 2 391 -1
44 -3 -4 ML-F3C 6 26 6 2 391 -1
44 -3 -3 ML-F3C 11 26 6 2 391 -1
44 -3 -2 ML-B3C 0 33 8 0 333 -1
44 -3 0 ML-T3C 10 20 5 1 270 -1
44 -3 1 ML-F3C 2 21 5 2 270 -1
44 -3 2 ML-F3C 10 21 5 2 270 -1
44 -3 3 ML-F3C 6 21 5 2 270 -1
44 -3 4 ML-53C 7 21 5 2 270 -1
44 -2 -6 ML-53C 8 21 5 2 462 -1
44 -2 -5 ML-F3C 6 21 5 2 462 -1
44 -2 -4 ML-F3C 5 21 5 2 462 -1
44 -2 -3 ML-53C 5 26 6 2 391 -1
44 -2 2 ML-53C 9 21 5 2 270 -1
44 -2 3 ML-F3C 5 21 5 2 270 -1
44 -2 4 ML-F3C 8 26 6 2 199 -1
44 -2 5 ML-53C 10 26 6 2 199 -1
44 -1 -6 ML-T3C 0 22 4 3 461 -1
44 -1 -5 ML-F3C 11 21 5 2 462 -1
44 -1 -4 ML-F3C 10 21 5 2 462 -1
44 -1 -3 ML-53C 9 21 5 2 462 -1
44 -1 3 ML-53C 5 26 6 2 199 -1
44 -1 4 ML-F3C 6 26 6 2 199 -1
44 -1 5 ML-F3C 7 26 6 2 199 -1
44 -1 6 ML-B3C 9 26 6 2 199 -1
44 0 -5 ML-F3C 4 21 5 2 462 -1
44 0 -4 ML-F3C 3 21 5 2 462 -1
44 0 -3 ML-F3C 2 21 5 2 462 -1
44 0 0 TM-A5A6 2 27 6 3 7 -1
44 0 1 TM-A5A6 7 27 6 3 7 -1
44 0 2 TM-A5A6 0 28 7 0 8 -1
44 0 3 TM-A5A6 1 22 4 3 77 -1
44 0 4 ML-F3C 11 26 6 2 199 -1
44 0 4 TM-A5A6 6 22 4 3 77 -1
44 0 5 ML-F3C 0 27 6 3 199 -1
44 0 5 TM-A5A6 11 22 4 3 77 -1
44 0 6 ML-F3C 1 27 6 3 199 -1
44 0 6 TM-A5A6 4 23 5 3 78 -1
44 0 7 TM-A5A6 9 23 5 3 78 -1
44 0 8 TM-A5A6 2 24 6 0 79 -1
44 0 9 TM-A5A6 9 33 8 0 141 -1
44 0 10 TM-A5A6 2 34 8 1 141 -1
44 0 11 TM-A5A6 7 34 8 1 141 -1
44 0 12 TM-A5A6 2 27 6 3 199 -1
44 0 13 TM-A5A6 7 27 6 3 199 -1
44 0 14 TM-A5A6 0 28 7 0 200 -1
44 0 15 TM-A5A6 1 22 4 3 269 -1
44 0 16 TM-A5A6 6 22 4 3 269 -1
44 0 17 TM-A5A6 11 22 4 3 269 -1
44 0 18 TM-A5A6 4 23 5 3 270 -1
44 0 19 TM-A5A6 9 23 5 3 270 -1
44 0 20 TM-A5A6 2 24 6 0 271 -1
44 0 21 TM-A5A6 9 33 8 0 333 -1
44 0 22 TM-A5A6 2 34 8 1 333 -1
44 0 23 TM-A5A6 7 34 8 1 333 -1
44 0 24 TM-A5A6 2 27 6 3 391 -1
44 0 25 TM-A5A6 7 27 6 3 391 -1
44 0 26 TM-A5A6 0 28 7 0 392 -1
44 0 27 TM-A5A6 1 22 4 3 461 -1
44 0 28 TM-A5A6 6 22 4 3 461 -1
44 0 29 TM-A5A6 11 22 4 3 461 -1
44 0 30 TM-A5A6 4 23 5 3 462 -1
44 0 31 TM-A5A6 9 23 5 3 462 -1
44 0 32 TM-A5A6 2 24 6 0 463 -1
44 0 33 TM-A5A6 9 33 8 0 525 -1
44 0 34 TM-A5A6 2 34 8 1 525 -1
44 0 35 TM-A5A6 7 34 8 1 525 -1
44 1 -5 ML-B3C 1 21 5 2 462 -1
44 1 -4 ML-F3C 0 21 5 2 462 -1
44 1 -3 ML-F3C 11 20 5 1 462 -1
44 1 -2 ML-T3C 10 20 5 1 462 -1
44 1 0 TM-B12 3 27 6 3 7 -1
44 1 1 TM-B12 8 27 6 3 7 -1
44 1 2 TM-B12 1 28 7 0 8 -1
44 1 3 TM-B12 2 22 4 3 77 -1
44 1 4 TM-B12 7 22 4 3 77 -1
44 1 4 ML-B3C 0 33 8 0 141 -1
44 1 5 TM-B12 0 23 5 3 78 -1
44 1 5 ML-F3C 1 33 8 0 141 -1
44 1 6 TM-B12 5 23 5 3 78 -1
44 1 6 ML-F3C 2 33 8 0 141 -1
44 1 7 TM-B12 10 23 5 3 78 -1
44 1 7 ML-T3C 3 33 8 0 141 -1
44 1 8 TM-B12 3 24 6 0 79 -1
44 1 9 TM-B12 10 33 8 0 141 -1
44 1 10 TM-B12 3 34 8 1 141 -1
44 1 11 TM-B12 8 34 8 1 141 -1
44 1 12 TM-B12 3 27 6 3 199 -1
44 1 13 TM-B12 8 27 6 3 199 -1
44 1 14 TM-B12 1 28 7 0 200 -1
44 1 15 TM-B12 2 22 4 3 269 -1
44 1 16 TM-B12 7 22 4 3 269 -1
44 1 17 TM-B12 0 23 5 3 270 -1
44 1 18 TM-B12 5 23 5 3 270 -1
44 1 19 TM-B12 10 23 5 3 270 -1
44 1 20 TM-B12 3 24 6 0 271 -1
44 1 21 TM-B12 10 33 8 0 333 -1
44 1 22 TM-B12 3 34 8 1 333 -1
44 1 23 TM-B12 8 34 8 1 333 -1
44 1 24 TM-B12 3 27 6 3 391 -1
44 1 25 TM-B12 8 27 6 3 391 -1
44 1 26 TM-B12 1 28 7 0 392 -1
44 1 27 TM-B12 2 22 4 3 461 -1
44 1 28 TM-B12 7 22 4 3 461 -1
44 1 29 TM-B12 0 23 5 3 462 -1
44 1 30 TM-B12 5 23 5 3 462 -1
44 1 31 TM-B12 10 23 5 3 462 -1
44 1 32 TM-B12 3 24 6 0 463 -1
44 1 33 TM-B12 10 33 8 0 525 -1
44 1 34 TM-B12 3 34 8 1 525 -1
44 1 35 TM-B12 8 34 8 1 525 -1
44 2 -4 ML-F3C 9 20 5 1 462 -1
44 2 -3 ML-F3C 7 20 5 1 462 -1
44 2 -2 ML-F3C 6 20 5 1 462 -1
44 2 0 TM-D8 4 27 6 3 7 -1
44 2 1 TM-D8 9 27 6 3 7 -1
44 2 2 TM-D8 2 28 7 0 8 -1
44 2 3 TM-D8 3 22 4 3 77 -1
44 2 4 TM-D8 8 22 4 3 77 -1
44 2 5 TM-D8 1 23 5 3 78 -1
44 2 5 ML-F3C 4 33 8 0 141 -1
44 2 6 TM-D8 6 23 5 3 78 -1
44 2 6 ML-F3C 5 33 8 0 141 -1
44 2 7 TM-D8 11 23 5 3 78 -1
44 2 7 ML-F3C 6 33 8 0 141 -1
44 2 8 TM-D8 4 24 6 0 79 -1
44 2 9 TM-D8 11 33 8 0 141 -1
44 2 10 TM-D8 4 34 8 1 141 -1
44 2 11 TM-D8 9 34 8 1 141 -1
44 2 12 TM-D8 4 27 6 3 199 -1
44 2 13 TM-D8 9 27 6 3 199 -1
44 2 14 TM-D8 2 28 7 0 200 -1
44 2 15 TM-D8 3 22 4 3 269 -1
44 2 16 TM-D8 8 22 4 3 269 -1
44 2 17 TM-D8 1 23 5 3 270 -1
44 2 18 TM-D8 6 23 5 3 270 -1
44 2 19 TM-D8 11 23 5 3 270 -1
44 2 20 TM-D8 4 24 6 0 271 -1
44 2 21 TM-D8 11 33 8 0 333 -1
44 2 22 TM-D8 4 34 8 1 333 -1
44 2 23 TM-D8 9 34 8 1 333 -1
44 2 24 TM-D8 4 27 6 3 391 -1
44 2 25 TM-D8 9 27 6 3 391 -1
44 2 26 TM-D8 2 28 7 0 392 -1
44 2 27 TM-D8 3 22 4 3 461 -1
44 2 28 TM-D8 8 22 4 3 461 -1
44 2 29 TM-D8 1 23 5 3 462 -1
44 2 30 TM-D8 6 23 5 3 462 -1
44 2 31 TM-D8 11 23 5 3 462 -1
44 2 32 TM-D8 4 24 6 0 463 -1
44 2 33 TM-D8 11 33 8 0 525 -1
44 2 34 TM-D8 4 34 8 1 525 -1
44 2 35 TM-D8 9 34 8 1 525 -1
44 3 -3 ML-F3C 8 20 5 1 462 -1
44 3 -2 ML-F3C 7 33 8 0 525 -1
44 3 -1 ML-F3C 4 33 8 0 525 -1
44 3 0 TM-E8 5 27 6 3 7 -1
44 3 0 ML-B3C 0 33 8 0 525 -1
44 3 1 TM-E8 10 27 6 3 7 -1
44 3 2 TM-E8 3 28 7 0 8 -1
44 3 3 TM-E8 4 22 4 3 77 -1
44 3 4 ML-T3C 10 20 5 1 78 -1
44 3 4 TM-E8 9 22 4 3 77 -1
44 3 5 ML-F3C 6 20 5 1 78 -1
44 3 5 TM-E8 2 23 5 3 78 -1
44 3 6 TM-E8 7 23 5 3 78 -1
44 3 6 ML-F3C 7 33 8 0 141 -1
44 3 7 TM-E8 0 24 6 0 79 -1
44 3 7 ML-F3C 8 33 8 0 141 -1
44 3 8 TM-E8 5 24 6 0 79 -1
44 3 9 TM-E8 0 34 8 1 141 -1
44 3 10 TM-E8 5 34 8 1 141 -1
44 3 11 TM-E8 10 34 8 1 141 -1
44 3 12 TM-E8 5 27 6 3 199 -1
44 3 13 TM-E8 10 27 6 3 199 -1
44 3 14 TM-E8 3 28 7 0 200 -1
44 3 15 TM-E8 4 22 4 3 269 -1
44 3 16 TM-E8 9 22 4 3 269 -1
44 3 17 TM-E8 2 23 5 3 270 -1
44 3 18 TM-E8 7 23 5 3 270 -1
44 3 19 TM-E8 0 24 6 0 271 -1
44 3 20 TM-E8 5 24 6 0 271 -1
44 3 21 TM-E8 0 34 8 1 333 -1
44 3 22 TM-E8 5 34 8 1 333 -1
44 3 23 TM-E8 10 34 8 1 333 -1
44 3 24 TM-E8 5 27 6 3 391 -1
44 3 25 TM-E8 10 27 6 3 391 -1
44 3 26 TM-E8 3 28 7 0 392 -1
44 3 27 TM-E8 4 22 4 3 461 -1
44 3 28 TM-E8 9 22 4 3 461 -1
44 3 29 TM-E8 2 23 5 3 462 -1
44 3 30 TM-E8 7 23 5 3 462 -1
44 3 31 TM-E8 0 24 6 0 463 -1
44 3 32 TM-E8 5 24 6 0 463 -1
44 3 33 TM-E8 0 34 8 1 525 -1
44 3 34 TM-E8 5 34 8 1 525 -1
44 3 35 TM-E8 10 34 8 1 525 -1
44 4 -2 ML-F3C 8 33 8 0 525 -1
44 4 -1 ML-F3C 5 33 8 0 525 -1
44 4 0 TM-G8 6 27 6 3 7 -1
44 4 0 ML-F3C 1 33 8 0 525 -1
44 4 1 ML-F3C 11 26 6 2 7 -1
44 4 1 TM-G8 11 27 6 3 7 -1
44 4 2 ML-53C 5 26 6 2 7 -1
44 4 2 TM-G8 4 28 7 0 8 -1
44 4 3 ML-53C 9 21 5 2 78 -1
44 4 3 TM-G8 5 22 4 3 77 -1
44 4 4 ML-F3C 2 21 5 2 78 -1
44 4 4 TM-G8 10 22 4 3 77 -1
44 4 5 ML-F3C 11 20 5 1 78 -1
44 4 5 TM-G8 3 23 5 3 78 -1
44 4 6 ML-F3C 7 20 5 1 78 -1
44 4 6 TM-G8 8 23 5 3 78 -1
44 4 7 ML-F3C 8 20 5 1 78 -1
44 4 7 TM-G8 1 24 6 0 79 -1
44 4 8 TM-G8 6 24 6 0 79 -1
44 4 9 TM-G8 1 34 8 1 141 -1
44 4 10 TM-G8 6 34 8 1 141 -1
44 4 11 TM-G8 11 34 8 1 141 -1
44 4 12 TM-G8 6 27 6 3 199 -1
44 4 13 TM-G8 11 27 6 3 199 -1
44 4 14 TM-G8 4 28 7 0 200 -1
44 4 15 TM-G8 5 22 4 3 269 -1
44 4 16 TM-G8 10 22 4 3 269 -1
44 4 17 TM-G8 3 23 5 3 270 -1
44 4 18 TM-G8 8 23 5 3 270 -1
44 4 19 TM-G8 1 24 6 0 271 -1
44 4 20 TM-G8 6 24 6 0 271 -1
44 4 21 TM-G8 1 34 8 1 333 -1
44 4 22 TM-G8 6 34 8 1 333 -1
44 4 23 TM-G8 11 34 8 1 333 -1
44 4 24 TM-G8 6 27 6 3 391 -1
44 4 25 TM-G8 11 27 6 3 391 -1
44 4 26 TM-G8 4 28 7 0 392 -1
44 4 27 TM-G8 5 22 4 3 461 -1
44 4 28 TM-G8 10 22 4 3 461 -1
44 4 29 TM-G8 3 23 5 3 462 -1
44 4 30 TM-G8 8 23 5 3 462 -1
44 4 31 TM-G8 1 24 6 0 463 -1
44 4 32 TM-G8 6 24 6 0 463 -1
44 4 33 TM-G8 1 34 8 1 525 -1
44 4 34 TM-G8 6 34 8 1 525 -1
44 4 35 TM-G8 11 34 8 1 525 -1
44 5 -1 ML-F3C 6 33 8 0 525 -1
44 5 0 ML-F3C 2 33 8 0 525 -1
44 5 1 ML-F3C 0 27 6 3 7 -1
44 5 2 ML-F3C 6 26 6 2 7 -1
44 5 3 ML-F3C 5 21 5 2 78 -1
44 5 4 ML-F3C 10 21 5 2 78 -1
44 5 5 ML-F3C 3 21 5 2 78 -1
44 5 6 ML-F3C 0 21 5 2 78 -1
44 5 7 ML-F3C 9 20 5 1 78 -1
44 6 0 ML-T3C 3 33 8 0 525 -1
44 6 1 ML-F3C 1 27 6 3 7 -1
44 6 2 ML-F3C 7 26 6 2 7 -1
44 6 3 ML-F3C 8 26 6 2 7 -1
44 6 4 ML-F3C 6 21 5 2 78 -1
44 6 5 ML-F3C 11 21 5 2 78 -1
44 6 6 ML-F3C 4 21 5 2 78 -1
44 6 7 ML-B3C 1 21 5 2 78 -1
44 7 2 ML-B3C 9 26 6 2 7 -1
44 7 3 ML-53C 10 26 6 2 7 -1
44 7 4 ML-53C 7 21 5 2 78 -1
44 7 5 ML-53C 8 21 5 2 78 -1
44 7 6 ML-T3C 0 22 4 3 77 -1
45 -7 -6 ML-T3C 3 5 1 2 350 -1
45 -7 -5 ML-53C 10 4 0 2 349 -1
45 -7 -4 ML-53C 11 4 0 2 349 -1
45 -7 -3 ML-53C 3 23 5 3 306 -1
45 -7 -2 ML-B3C 4 23 5 3 306 -1
45 -6 -7 ML-B3C 5 23 5 3 426 -1
45 -6 -6 ML-F3C 7 4 0 2 349 -1
45 -6 -5 ML-F3C 2 5 1 2 350 -1
45 -6 -4 ML-F3C 9 4 0 2 349 -1
45 -6 -3 ML-F3C 1 23 5 3 306 -1
45 -6 -2 ML-F3C 2 23 5 3 306 -1
45 -6 -1 ML-F3C 7 23 5 3 306 -1
45 -6 0 ML-T3C 5 36 8 3 261 -1
45 -5 -7 ML-F3C 0 23 5 3 426 -1
45 -5 -6 ML-F3C 4 23 5 3 426 -1
45 -5 -5 ML-F3C 6 4 0 2 349 -1
45 -5 -4 ML-F3C 1 5 1 2 350 -1
45 -5 -3 ML-F3C 8 4 0 2 349 -1
45 -5 -2 ML-F3C 0 23 5 3 306 -1
45 -5 -1 ML-F3C 6 23 5 3 306 -1
45 -5 0 ML-F3C 4 36 8 3 261 -1
45 -5 1 ML-F3C 10 36 8 3 261 -1
45 -4 -7 ML-F3C 1 23 5 3 426 -1
45 -4 -6 ML-F3C 11 22 4 3 425 -1
45 -4 -5 ML-F3C 3 23 5 3 426 -1
45 -4 -4 ML-F3C 5 4 0 2 349 -1
45 -4 -3 ML-53C 0 5 1 2 350 -1
45 -4 -2 ML-53C 11 22 4 3 305 -1
45 -4 -1 ML-F3C 5 23 5 3 306 -1
45 -4 0 ML-F3C 3 36 8 3 261 -1
45 -4 1 ML-F3C 8 36 8 3 261 -1
45 -4 2 ML-F3C 9 36 8 3 261 -1
45 -3 -7 ML-F3C 9 36 8 3 453 -1
45 -3 -6 ML-F3C 7 36 8 3 453 -1
45 -3 -5 ML-F3C 10 22 4 3 425 -1
45 -3 -4 ML-T3C 2 23 5 3 426 -1
45 -3 0 ML-B3C 2 36 8 3 261 -1
45 -3 1 ML-F3C 6 36 8 3 261 -1
45 -3 2 ML-F3C 7 36 8 3 261 -1
45 -3 3 ML-F3C 1 23 5 3 234 -1
45 -2 -7 ML-F3C 10 36 8 3 453 -1
45 -2 -6 ML-F3C 8 36 8 3 453 -1
45 -2 -5 ML-F3C 6 36 8 3 453 -1
45 -2 2 ML-F3C 10 22 4 3 233 -1
45 -2 3 ML-F3C 11 22 4 3 233 -1
45 -2 4 ML-F3C 0 23 5 3 234 -1
45 -1 -7 ML-T3C 5 36 8 3 453 -1
45 -1 -6 ML-F3C 4 36 8 3 453 -1
45 -1 -5 ML-F3C 3 36 8 3 453 -1
45 -1 -4 ML-B3C 2 36 8 3 453 -1
45 -1 2 ML-T3C 2 23 5 3 234 -1
45 -1 3 ML-F3C 3 23 5 3 234 -1
45 -1 4 ML-F3C 4 23 5 3 234 -1
45 -1 5 ML-B3C 5 23 5 3 234 -1
45 0 -6 ML-F3C 7 23 5 3 498 -1
45 0 -5 ML-F3C 6 23 5 3 498 -1
45 0 -4 ML-F3C 5 23 5 3 498 -1
45 0 0 TM-A5A6 6 23 5 3 42 -1
45 0 1 TM-A5A6 11 23 5 3 42 -1
45 0 2 TM-A5A6 4 24 6 0 43 -1
45 0 3 TM-A5A6 11 36 8 3 69 -1
45 0 3 ML-F3C 5 4 0 2 157 -1
45 0 4 TM-A5A6 4 37 9 0 70 -1
45 0 4 ML-F3C 6 4 0 2 157 -1
45 0 5 TM-A5A6 9 37 9 0 70 -1
45 0 5 ML-F3C 7 4 0 2 157 -1
45 0 6 TM-A5A6 8 23 5 3 114 -1
45 0 7 TM-A5A6 1 24 6 0 115 -1
45 0 8 TM-A5A6 6 24 6 0 115 -1
45 0 9 TM-A5A6 4 5 1 2 158 -1
45 0 10 TM-A5A6 9 5 1 2 158 -1
45 0 11 TM-A5A6 2 6 2 0 159 -1
45 0 12 TM-A5A6 6 23 5 3 234 -1
45 0 13 TM-A5A6 11 23 5 3 234 -1
45 0 14 TM-A5A6 4 24 6 0 235 -1
45 0 15 TM-A5A6 11 36 8 3 261 -1
45 0 16 TM-A5A6 4 37 9 0 262 -1
45 0 17 TM-A5A6 9 37 9 0 262 -1
45 0 18 TM-A5A6 8 23 5 3 306 -1
45 0 19 TM-A5A6 1 24 6 0 307 -1
45 0 20 TM-A5A6 6 24 6 0 307 -1
45 0 21 TM-A5A6 4 5 1 2 350 -1
45 0 22 TM-A5A6 9 5 1 2 350 -1
45 0 23 TM-A5A6 2 6 2 0 351 -1
45 0 24 TM-A5A6 6 23 5 3 426 -1
45 0 25 TM-A5A6 11 23 5 3 426 -1
45 0 26 TM-A5A6 4 24 6 0 427 -1
45 0 27 TM-A5A6 11 36 8 3 453 -1
45 0 28 TM-A5A6 4 37 9 0 454 -1
45 0 29 TM-A5A6 9 37 9 0 454 -1
45 0 30 TM-A5A6 8 23 5 3 498 -1
45 0 31 TM-A5A6 1 24 6 0 499 -1
45 0 32 TM-A5A6 6 24 6 0 499 -1
45 0 33 TM-A5A6 4 5 1 2 542 -1
45 0 34 TM-A5A6 9 5 1 2 542 -1
45 0 35 TM-A5A6 2 6 2 0 543 -1
45 1 -6 ML-B3C 4 23 5 3 498 -1
45 1 -5 ML-F3C 2 23 5 3 498 -1
45 1 -4 ML-F3C 0 23 5 3 498 -1
45 1 -3 ML-53C 11 22 4 3 497 -1
45 1 0 TM-B12 7 23 5 3 42 -1
45 1 1 TM-B12 0 24 6 0 43 -1
45 1 2 TM-B12 5 24 6 0 43 -1
45 1 3 TM-B12 0 37 9 0 70 -1
45 1 3 ML-53C 0 5 1 2 158 -1
45 1 4 TM-B12 5 37 9 0 70 -1
45 1 4 ML-F3C 1 5 1 2 158 -1
45 1 5 TM-B12 10 37 9 0 70 -1
45 1 5 ML-F3C 2 5 1 2 158 -1
45 1 6 TM-B12 9 23 5 3 114 -1
45 1 6 ML-T3C 3 5 1 2 158 -1
45 1 7 TM-B12 2 24 6 0 115 -1
45 1 8 TM-B12 7 24 6 0 115 -1
45 1 9 TM-B12 5 5 1 2 158 -1
45 1 10 TM-B12 10 5 1 2 158 -1
45 1 11 TM-B12 3 6 2 0 159 -1
45 1 12 TM-B12 7 23 5 3 234 -1
45 1 13 TM-B12 0 24 6 0 235 -1
45 1 14 TM-B12 5 24 6 0 235 -1
45 1 15 TM-B12 0 37 9 0 262 -1
45 1 16 TM-B12 5 37 9 0 262 -1
45 1 17 TM-B12 10 37 9 0 262 -1
45 1 18 TM-B12 9 23 5 3 306 -1
45 1 19 TM-B12 2 24 6 0 307 -1
45 1 20 TM-B12 7 24 6 0 307 -1
45 1 21 TM-B12 5 5 1 2 350 -1
45 1 22 TM-B12 10 5 1 2 350 -1
45 1 23 TM-B12 3 6 2 0 351 -1
45 1 24 TM-B12 7 23 5 3 426 -1
45 1 25 TM-B12 0 24 6 0 427 -1
45 1 26 TM-B12 5 24 6 0 427 -1
45 1 27 TM-B12 0 37 9 0 454 -1
45 1 28 TM-B12 5 37 9 0 454 -1
45 1 29 TM-B12 10 37 9 0 454 -1
45 1 30 TM-B12 9 23 5 3 498 -1
45 1 31 TM-B12 2 24 6 0 499 -1
45 1 32 TM-B12 7 24 6 0 499 -1
45 1 33 TM-B12 5 5 1 2 542 -1
45 1 34 TM-B12 10 5 1 2 542 -1
45 1 35 TM-B12 3 6 2 0 543 -1
45 2 -5 ML-53C 3 23 5 3 498 -1
45 2 -4 ML-F3C 1 23 5 3 498 -1
45 2 -3 ML-F3C 8 4 0 2 541 -1
45 2 -2 ML-53C 0 5 1 2 542 -1
45 2 0 TM-D8 8 23 5 3 42 -1
45 2 1 TM-D8 1 24 6 0 43 -1
45 2 2 TM-D8 6 24 6 0 43 -1
45 2 3 TM-D8 1 37 9 0 70 -1
45 2 3 ML-53C 11 22 4 3 113 -1
45 2 4 TM-D8 6 37 9 0 70 -1
45 2 4 ML-F3C 8 4 0 2 157 -1
45 2 5 TM-D8 11 37 9 0 70 -1
45 2 5 ML-F3C 9 4 0 2 157 -1
45 2 6 TM-D8 10 23 5 3 114 -1
45 2 6 ML-53C 10 4 0 2 157 -1
45 2 7 TM-D8 3 24 6 0 115 -1
45 2 8 TM-D8 8 24 6 0 115 -1
45 2 9 TM-D8 6 5 1 2 158 -1
45 2 10 TM-D8 11 5 1 2 158 -1
45 2 11 TM-D8 4 6 2 0 159 -1
45 2 12 TM-D8 8 23 5 3 234 -1
45 2 13 TM-D8 1 24 6 0 235 -1
45 2 14 TM-D8 6 24 6 0 235 -1
45 2 15 TM-D8 1 37 9 0 262 -1
45 2 16 TM-D8 6 37 9 0 262 -1
45 2 17 TM-D8 11 37 9 0 262 -1
45 2 18 TM-D8 10 23 5 3 306 -1
45 2 19 TM-D8 3 24 6 0 307 -1
45 2 20 TM-D8 8 24 6 0 307 -1
45 2 21 TM-D8 6 5 1 2 350 -1
45 2 22 TM-D8 11 5 1 2 350 -1
45 2 23 TM-D8 4 6 2 0 351 -1
45 2 24 TM-D8 8 23 5 3 426 -1
45 2 25 TM-D8 1 24 6 0 427 -1
45 2 26 TM-D8 6 24 6 0 427 -1
45 2 27 TM-D8 1 37 9 0 454 -1
45 2 28 TM-D8 6 37 9 0 454 -1
45 2 29 TM-D8 11 37 9 0 454 -1
45 2 30 TM-D8 10 23 5 3 498 -1
45 2 31 TM-D8 3 24 6 0 499 -1
45 2 32 TM-D8 8 24 6 0 499 -1
45 2 33 TM-D8 6 5 1 2 542 -1
45 2 34 TM-D8 11 5 1 2 542 -1
45 2 35 TM-D8 4 6 2 0 543 -1
45 3 -4 ML-53C 11 4 0 2 541 -1
45 3 -3 ML-F3C 9 4 0 2 541 -1
45 3 -2 ML-F3C 1 5 1 2 542 -1
45 3 -1 ML-F3C 5 4 0 2 541 -1
45 3 0 ML-T3C 2 23 5 3 42 -1
45 3 0 TM-E8 9 23 5 3 42 -1
45 3 1 TM-E8 2 24 6 0 43 -1
45 3 2 TM-E8 7 24 6 0 43 -1
45 3 2 ML-B3C 2 36 8 3 69 -1
45 3 3 TM-E8 2 37 9 0 70 -1
45 3 3 ML-F3C 5 23 5 3 114 -1
45 3 4 TM-E8 7 37 9 0 70 -1
45 3 4 ML-F3C 0 23 5 3 114 -1
45 3 5 TM-E8 0 38 9 1 70 -1
45 3 5 ML-F3C 1 23 5 3 114 -1
45 3 6 TM-E8 11 23 5 3 114 -1
45 3 6 ML-53C 11 4 0 2 157 -1
45 3 7 TM-E8 4 24 6 0 115 -1
45 3 8 TM-E8 9 24 6 0 115 -1
45 3 9 TM-E8 7 5 1 2 158 -1
45 3 10 TM-E8 0 6 2 0 159 -1
45 3 11 TM-E8 5 6 2 0 159 -1
45 3 12 TM-E8 9 23 5 3 234 -1
45 3 13 TM-E8 2 24 6 0 235 -1
45 3 14 TM-E8 7 24 6 0 235 -1
45 3 15 TM-E8 2 37 9 0 262 -1
45 3 16 TM-E8 7 37 9 0 262 -1
45 3 17 TM-E8 0 38 9 1 262 -1
45 3 18 TM-E8 11 23 5 3 306 -1
45 3 19 TM-E8 4 24 6 0 307 -1
45 3 20 TM-E8 9 24 6 0 307 -1
45 3 21 TM-E8 7 5 1 2 350 -1
45 3 22 TM-E8 0 6 2 0 351 -1
45 3 23 TM-E8 5 6 2 0 351 -1
45 3 24 TM-E8 9 23 5 3 426 -1
45 3 25 TM-E8 2 24 6 0 427 -1
45 3 26 TM-E8 7 24 6 0 427 -1
45 3 27 TM-E8 2 37 9 0 454 -1
45 3 28 TM-E8 7 37 9 0 454 -1
45 3 29 TM-E8 0 38 9 1 454 -1
45 3 30 TM-E8 11 23 5 3 498 -1
45 3 31 TM-E8 4 24 6 0 499 -1
45 3 32 TM-E8 9 24 6 0 499 -1
45 3 33 TM-E8 7 5 1 2 542 -1
45 3 34 TM-E8 0 6 2 0 543 -1
45 3 35 TM-E8 5 6 2 0 543 -1
45 4 -3 ML-53C 10 4 0 2 541 -1
45 4 -2 ML-F3C 2 5 1 2 542 -1
45 4 -1 ML-F3C 6 4 0 2 541 -1
45 4 0 ML-F3C 3 23 5 3 42 -1
45 4 0 TM-G8 10 23 5 3 42 -1
45 4 1 ML-F3C 10 22 4 3 41 -1
45 4 1 TM-G8 3 24 6 0 43 -1
45 4 2 TM-G8 8 24 6 0 43 -1
45 4 2 ML-F3C 6 36 8 3 69 -1
45 4 3 ML-F3C 3 36 8 3 69 -1
45 4 3 TM-G8 3 37 9 0 70 -1
45 4 4 TM-G8 8 37 9 0 70 -1
45 4 4 ML-F3C 6 23 5 3 114 -1
45 4 5 TM-G8 1 38 9 1 70 -1
45 4 5 ML-F3C 2 23 5 3 114 -1
45 4 6 ML-53C 3 23 5 3 114 -1
45 4 6 TM-G8 0 24 6 0 115 -1
45 4 7 TM-G8 5 24 6 0 115 -1
45 4 8 TM-G8 10 24 6 0 115 -1
45 4 9 TM-G8 8 5 1 2 158 -1
45 4 10 TM-G8 1 6 2 0 159 -1
45 4 11 TM-G8 6 6 2 0 159 -1
45 4 12 TM-G8 10 23 5 3 234 -1
45 4 13 TM-G8 3 24 6 0 235 -1
45 4 14 TM-G8 8 24 6 0 235 -1
45 4 15 TM-G8 3 37 9 0 262 -1
45 4 16 TM-G8 8 37 9 0 262 -1
45 4 17 TM-G8 1 38 9 1 262 -1
45 4 18 TM-G8 0 24 6 0 307 -1
45 4 19 TM-G8 5 24 6 0 307 -1
45 4 20 TM-G8 10 24 6 0 307 -1
45 4 21 TM-G8 8 5 1 2 350 -1
45 4 22 TM-G8 1 6 2 0 351 -1
45 4 23 TM-G8 6 6 2 0 351 -1
45 4 24 TM-G8 10 23 5 3 426 -1
45 4 25 TM-G8 3 24 6 0 427 -1
45 4 26 TM-G8 8 24 6 0 427 -1
45 4 27 TM-G8 3 37 9 0 454 -1
45 4 28 TM-G8 8 37 9 0 454 -1
45 4 29 TM-G8 1 38 9 1 454 -1
45 4 30 TM-G8 0 24 6 0 499 -1
45 4 31 TM-G8 5 24 6 0 499 -1
45 4 32 TM-G8 10 24 6 0 499 -1
45 4 33 TM-G8 8 5 1 2 542 -1
45 4 34 TM-G8 1 6 2 0 543 -1
45 4 35 TM-G8 6 6 2 0 543 -1
45 5 -2 ML-T3C 3 5 1 2 542 -1
45 5 -1 ML-F3C 7 4 0 2 541 -1
45 5 0 ML-F3C 4 23 5 3 42 -1
45 5 1 ML-F3C 11 22 4 3 41 -1
45 5 2 ML-F3C 7 36 8 3 69 -1
45 5 3 ML-F3C 8 36 8 3 69 -1
45 5 4 ML-F3C 4 36 8 3 69 -1
45 5 5 ML-F3C 7 23 5 3 114 -1
45 5 6 ML-B3C 4 23 5 3 114 -1
45 6 0 ML-B3C 5 23 5 3 42 -1
45 6 1 ML-F3C 0 23 5 3 42 -1
45 6 2 ML-F3C 1 23 5 3 42 -1
45 6 3 ML-F3C 9 36 8 3 69 -1
45 6 4 ML-F3C 10 36 8 3 69 -1
45 6 5 ML-T3C 5 36 8 3 69 -1
46 -6 -5 ML-T3C 2 34 8 1 345 -1
46 -6 -4 ML-F3C 5 34 8 1 345 -1
46 -6 -3 ML-F3C 7 34 8 1 345 -1
46 -6 -2 ML-F3C 1 25 6 1 307 -1
46 -6 -1 ML-F3C 2 25 6 1 307 -1
46 -6 0 ML-B3C 6 25 6 1 307 -1
46 -5 -6 ML-B3C 2 25 6 1 415 -1
46 -5 -5 ML-F3C 6 25 6 1 415 -1
46 -5 -4 ML-F3C 1 34 8 1 345 -1
46 -5 -3 ML-F3C 4 34 8 1 345 -1
46 -5 -2 ML-F3C 6 34 8 1 345 -1
46 -5 -1 ML-F3C 0 25 6 1 307 -1
46 -5 0 ML-F3C 5 25 6 1 307 -1
46 -5 1 ML-F3C 9 24 6 0 271 -1
46 -5 2 ML-T3C 5 25 6 1 271 -1
46 -4 -6 ML-53C 3 25 6 1 415 -1
46 -4 -5 ML-F3C 0 25 6 1 415 -1
46 -4 -4 ML-F3C 5 25 6 1 415 -1
46 -4 -3 ML-F3C 0 34 8 1 345 -1
46 -4 -2 ML-F3C 3 34 8 1 345 -1
46 -4 -1 ML-F3C 11 24 6 0 307 -1
46 -4 0 ML-F3C 4 25 6 1 307 -1
46 -4 1 ML-F3C 8 24 6 0 271 -1
46 -4 2 ML-F3C 4 25 6 1 271 -1
46 -4 3 ML-53C 1 25 6 1 271 -1
46 -3 -6 ML-53C 0 25 6 1 463 -1
46 -3 -5 ML-F3C 1 25 6 1 415 -1
46 -3 -4 ML-F3C 11 24 6 0 415 -1
46 -3 -3 ML-F3C 4 25 6 1 415 -1
46 -3 -2 ML-B3C 11 33 8 0 345 -1
46 -3 0 ML-T3C 3 25 6 1 307 -1
46 -3 1 ML-F3C 7 24 6 0 271 -1
46 -3 2 ML-F3C 3 25 6 1 271 -1
46 -3 3 ML-F3C 11 24 6 0 271 -1
46 -3 4 ML-53C 0 25 6 1 271 -1
46 -2 -6 ML-53C 1 25 6 1 463 -1
46 -2 -5 ML-F3C 11 24 6 0 463 -1
46 -2 -4 ML-F3C 10 24 6 0 463 -1
46 -2 -3 ML-53C 10 24 6 0 415 -1
46 -2 2 ML-53C 2 25 6 1 271 -1
46 -2 3 ML-F3C 10 24 6 0 271 -1
46 -2 4 ML-F3C 1 25 6 1 223 -1
46 -2 5 ML-53C 3 25 6 1 223 -1
46 -1 -6 ML-T3C 5 25 6 1 463 -1
46 -1 -5 ML-F3C 4 25 6 1 463 -1
46 -1 -4 ML-F3C 3 25 6 1 463 -1
46 -1 -3 ML-53C 2 25 6 1 463 -1
46 -1 3 ML-53C 10 24 6 0 223 -1
46 -1 4 ML-F3C 11 24 6 0 223 -1
46 -1 5 ML-F3C 0 25 6 1 223 -1
46 -1 6 ML-B3C 2 25 6 1 223 -1
46 0 -5 ML-F3C 9 24 6 0 463 -1
46 0 -4 ML-F3C 8 24 6 0 463 -1
46 0 -3 ML-F3C 7 24 6 0 463 -1
46 0 0 TM-A5A6 7 25 6 1 31 -1
46 0 1 TM-A5A6 0 26 6 2 31 -1
46 0 2 TM-A5A6 5 26 6 2 31 -1
46 0 3 TM-A5A6 6 25 6 1 79 -1
46 0 4 ML-F3C 4 25 6 1 223 -1
46 0 4 TM-A5A6 11 25 6 1 79 -1
46 0 5 ML-F3C 5 25 6 1 223 -1
46 0 5 TM-A5A6 4 26 6 2 79 -1
46 0 6 ML-F3C 6 25 6 1 223 -1
46 0 6 TM-A5A6 7 25 6 1 115 -1
46 0 7 TM-A5A6 0 26 6 2 115 -1
46 0 8 TM-A5A6 5 26 6 2 115 -1
46 0 9 TM-A5A6 8 34 8 1 153 -1
46 0 10 TM-A5A6 1 35 8 2 153 -1
46 0 11 TM-A5A6 6 35 8 2 153 -1
46 0 12 TM-A5A6 7 25 6 1 223 -1
46 0 13 TM-A5A6 0 26 6 2 223 -1
46 0 14 TM-A5A6 5 26 6 2 223 -1
46 0 15 TM-A5A6 6 25 6 1 271 -1
46 0 16 TM-A5A6 11 25 6 1 271 -1
46 0 17 TM-A5A6 4 26 6 2 271 -1
46 0 18 TM-A5A6 7 25 6 1 307 -1
46 0 19 TM-A5A6 0 26 6 2 307 -1
46 0 20 TM-A5A6 5 26 6 2 307 -1
46 0 21 TM-A5A6 8 34 8 1 345 -1
46 0 22 TM-A5A6 1 35 8 2 345 -1
46 0 23 TM-A5A6 6 35 8 2 345 -1
46 0 24 TM-A5A6 7 25 6 1 415 -1
46 0 25 TM-A5A6 0 26 6 2 415 -1
46 0 26 TM-A5A6 5 26 6 2 415 -1
46 0 27 TM-A5A6 6 25 6 1 463 -1
46 0 28 TM-A5A6 11 25 6 1 463 -1
46 0 29 TM-A5A6 4 26 6 2 463 -1
46 0 30 TM-A5A6 7 25 6 1 499 -1
46 0 31 TM-A5A6 0 26 6 2 499 -1
46 0 32 TM-A5A6 5 26 6 2 499 -1
46 0 33 TM-A5A6 8 34 8 1 537 -1
46 0 34 TM-A5A6 1 35 8 2 537 -1
46 0 35 TM-A5A6 6 35 8 2 537 -1
46 1 -5 ML-B3C 6 25 6 1 499 -1
46 1 -4 ML-F3C 5 25 6 1 499 -1
46 1 -3 ML-F3C 4 25 6 1 499 -1
46 1 -2 ML-T3C 3 25 6 1 499 -1
46 1 0 TM-B12 8 25 6 1 31 -1
46 1 1 TM-B12 1 26 6 2 31 -1
46 1 2 TM-B12 6 26 6 2 31 -1
46 1 3 TM-B12 7 25 6 1 79 -1
46 1 4 TM-B12 0 26 6 2 79 -1
46 1 4 ML-B3C 11 33 8 0 153 -1
46 1 5 TM-B12 5 26 6 2 79 -1
46 1 5 ML-F3C 0 34 8 1 153 -1
46 1 6 TM-B12 8 25 6 1 115 -1
46 1 6 ML-F3C 1 34 8 1 153 -1
46 1 7 TM-B12 1 26 6 2 115 -1
46 1 7 ML-T3C 2 34 8 1 153 -1
46 1 8 TM-B12 6 26 6 2 115 -1
46 1 9 TM-B12 9 34 8 1 153 -1
46 1 10 TM-B12 2 35 8 2 153 -1
46 1 11 TM-B12 7 35 8 2 153 -1
46 1 12 TM-B12 8 25 6 1 223 -1
46 1 13 TM-B12 1 26 6 2 223 -1
46 1 14 TM-B12 6 26 6 2 223 -1
46 1 15 TM-B12 7 25 6 1 271 -1
46 1 16 TM-B12 0 26 6 2 271 -1
46 1 17 TM-B12 5 26 6 2 271 -1
46 1 18 TM-B12 8 25 6 1 307 -1
46 1 19 TM-B12 1 26 6 2 307 -1
46 1 20 TM-B12 6 26 6 2 307 -1
46 1 21 TM-B12 9 34 8 1 345 -1
46 1 22 TM-B12 2 35 8 2 345 -1
46 1 23 TM-B12 7 35 8 2 345 -1
46 1 24 TM-B12 8 25 6 1 415 -1
46 1 25 TM-B12 1 26 6 2 415 -1
46 1 26 TM-B12 6 26 6 2 415 -1
46 1 27 TM-B12 7 25 6 1 463 -1
46 1 28 TM-B12 0 26 6 2 463 -1
46 1 29 TM-B12 5 26 6 2 463 -1
46 1 30 TM-B12 8 25 6 1 499 -1
46 1 31 TM-B12 1 26 6 2 499 -1
46 1 32 TM-B12 6 26 6 2 499 -1
46 1 33 TM-B12 9 34 8 1 537 -1
46 1 34 TM-B12 2 35 8 2 537 -1
46 1 35 TM-B12 7 35 8 2 537 -1
46 2 -4 ML-F3C 2 25 6 1 499 -1
46 2 -3 ML-F3C 0 25 6 1 499 -1
46 2 -2 ML-F3C 11 24 6 0 499 -1
46 2 0 TM-D8 9 25 6 1 31 -1
46 2 1 TM-D8 2 26 6 2 31 -1
46 2 2 TM-D8 7 26 6 2 31 -1
46 2 3 TM-D8 8 25 6 1 79 -1
46 2 4 TM-D8 1 26 6 2 79 -1
46 2 5 TM-D8 6 26 6 2 79 -1
46 2 5 ML-F3C 3 34 8 1 153 -1
46 2 6 TM-D8 9 25 6 1 115 -1
46 2 6 ML-F3C 4 34 8 1 153 -1
46 2 7 TM-D8 2 26 6 2 115 -1
46 2 7 ML-F3C 5 34 8 1 153 -1
46 2 8 TM-D8 7 26 6 2 115 -1
46 2 9 TM-D8 10 34 8 1 153 -1
46 2 10 TM-D8 3 35 8 2 153 -1
46 2 11 TM-D8 8 35 8 2 153 -1
46 2 12 TM-D8 9 25 6 1 223 -1
46 2 13 TM-D8 2 26 6 2 223 -1
46 2 14 TM-D8 7 26 6 2 223 -1
46 2 15 TM-D8 8 25 6 1 271 -1
46 2 16 TM-D8 1 26 6 2 271 -1
46 2 17 TM-D8 6 26 6 2 271 -1
46 2 18 TM-D8 9 25 6 1 307 -1
46 2 19 TM-D8 2 26 6 2 307 -1
46 2 20 TM-D8 7 26 6 2 307 -1
46 2 21 TM-D8 10 34 8 1 345 -1
46 2 22 TM-D8 3 35 8 2 345 -1
46 2 23 TM-D8 8 35 8 2 345 -1
46 2 24 TM-D8 9 25 6 1 415 -1
46 2 25 TM-D8 2 26 6 2 415 -1
46 2 26 TM-D8 7 26 6 2 415 -1
46 2 27 TM-D8 8 25 6 1 463 -1
46 2 28 TM-D8 1 26 6 2 463 -1
46 2 29 TM-D8 6 26 6 2 463 -1
46 2 30 TM-D8 9 25 6 1 499 -1
46 2 31 TM-D8 2 26 6 2 499 -1
46 2 32 TM-D8 7 26 6 2 499 -1
46 2 33 TM-D8 10 34 8 1 537 -1
46 2 34 TM-D8 3 35 8 2 537 -1
46 2 35 TM-D8 8 35 8 2 537 -1
46 3 -3 ML-F3C 1 25 6 1 499 -1
46 3 -2 ML-F3C 6 34 8 1 537 -1
46 3 -1 ML-F3C 3 34 8 1 537 -1
46 3 0 TM-E8 10 25 6 1 31 -1
46 3 0 ML-B3C 11 33 8 0 537 -1
46 3 1 TM-E8 3 26 6 2 31 -1
46 3 2 TM-E8 8 26 6 2 31 -1
46 3 3 TM-E8 9 25 6 1 79 -1
46 3 4 TM-E8 2 26 6 2 79 -1
46 3 4 ML-T3C 3 25 6 1 115 -1
46 3 5 TM-E8 7 26 6 2 79 -1
46 3 5 ML-F3C 11 24 6 0 115 -1
46 3 6 TM-E8 10 25 6 1 115 -1
46 3 6 ML-F3C 6 34 8 1 153 -1
46 3 7 TM-E8 3 26 6 2 115 -1
46 3 7 ML-F3C 7 34 8 1 153 -1
46 3 8 TM-E8 8 26 6 2 115 -1
46 3 9 TM-E8 11 34 8 1 153 -1
46 3 10 TM-E8 4 35 8 2 153 -1
46 3 11 TM-E8 9 35 8 2 153 -1
46 3 12 TM-E8 10 25 6 1 223 -1
46 3 13 TM-E8 3 26 6 2 223 -1
46 3 14 TM-E8 8 26 6 2 223 -1
46 3 15 TM-E8 9 25 6 1 271 -1
46 3 16 TM-E8 2 26 6 2 271 -1
46 3 17 TM-E8 7 26 6 2 271 -1
46 3 18 TM-E8 10 25 6 1 307 -1
46 3 19 TM-E8 3 26 6 2 307 -1
46 3 20 TM-E8 8 26 6 2 307 -1
46 3 21 TM-E8 11 34 8 1 345 -1
46 3 22 TM-E8 4 35 8 2 345 -1
46 3 23 TM-E8 9 35 8 2 345 -1
46 3 24 TM-E8 10 25 6 1 415 -1
46 3 25 TM-E8 3 26 6 2 415 -1
46 3 26 TM-E8 8 26 6 2 415 -1
46 3 27 TM-E8 9 25 6 1 463 -1
46 3 28 TM-E8 2 26 6 2 463 -1
46 3 29 TM-E8 7 26 6 2 463 -1
46 3 30 TM-E8 10 25 6 1 499 -1
46 3 31 TM-E8 3 26 6 2 499 -1
46 3 32 TM-E8 8 26 6 2 499 -1
46 3 33 TM-E8 11 34 8 1 537 -1
46 3 34 TM-E8 4 35 8 2 537 -1
46 3 35 TM-E8 9 35 8 2 537 -1
46 4 -2 ML-F3C 7 34 8 1 537 -1
46 4 -1 ML-F3C 4 34 8 1 537 -1
46 4 0 TM-G8 11 25 6 1 31 -1
46 4 0 ML-F3C 0 34 8 1 537 -1
46 4 1 ML-F3C 4 25 6 1 31 -1
46 4 1 TM-G8 4 26 6 2 31 -1
46 4 2 ML-53C 10 24 6 0 31 -1
46 4 2 TM-G8 9 26 6 2 31 -1
46 4 3 ML-53C 2 25 6 1 79 -1
46 4 3 TM-G8 10 25 6 1 79 -1
46 4 4 ML-F3C 7 24 6 0 79 -1
46 4 4 TM-G8 3 26 6 2 79 -1
46 4 5 TM-G8 8 26 6 2 79 -1
46 4 5 ML-F3C 4 25 6 1 115 -1
46 4 6 ML-F3C 0 25 6 1 115 -1
46 4 6 TM-G8 11 25 6 1 115 -1
46 4 7 ML-F3C 1 25 6 1 115 -1
46 4 7 TM-G8 4 26 6 2 115 -1
46 4 8 TM-G8 9 26 6 2 115 -1
46 4 9 TM-G8 0 35 8 2 153 -1
46 4 10 TM-G8 5 35 8 2 153 -1
46 4 11 TM-G8 10 35 8 2 153 -1
46 4 12 TM-G8 11 25 6 1 223 -1
46 4 13 TM-G8 4 26 6 2 223 -1
46 4 14 TM-G8 9 26 6 2 223 -1
46 4 15 TM-G8 10 25 6 1 271 -1
46 4 16 TM-G8 3 26 6 2 271 -1
46 4 17 TM-G8 8 26 6 2 271 -1
46 4 18 TM-G8 11 25 6 1 307 -1
46 4 19 TM-G8 4 26 6 2 307 -1
46 4 20 TM-G8 9 26 6 2 307 -1
46 4 21 TM-G8 0 35 8 2 345 -1
46 4 22 TM-G8 5 35 8 2 345 -1
46 4 23 TM-G8 10 35 8 2 345 -1
46 4 24 TM-G8 11 25 6 1 415 -1
46 4 25 TM-G8 4 26 6 2 415 -1
46 4 26 TM-G8 9 26 6 2 415 -1
46 4 27 TM-G8 10 25 6 1 463 -1
46 4 28 TM-G8 3 26 6 2 463 -1
46 4 29 TM-G8 8 26 6 2 463 -1
46 4 30 TM-G8 11 25 6 1 499 -1
46 4 31 TM-G8 4 26 6 2 499 -1
46 4 32 TM-G8 9 26 6 2 499 -1
46 4 33 TM-G8 0 35 8 2 537 -1
46 4 34 TM-G8 5 35 8 2 537 -1
46 4 35 TM-G8 10 35 8 2 537 -1
46 5 -1 ML-F3C 5 34 8 1 537 -1
46 5 0 ML-F3C 1 34 8 1 537 -1
46 5 1 ML-F3C 5 25 6 1 31 -1
46 5 2 ML-F3C 11 24 6 0 31 -1
46 5 3 ML-F3C 10 24 6 0 79 -1
46 5 4 ML-F3C 3 25 6 1 79 -1
46 5 5 ML-F3C 8 24 6 0 79 -1
46 5 6 ML-F3C 5 25 6 1 115 -1
46 5 7 ML-F3C 2 25 6 1 115 -1
46 6 0 ML-T3C 2 34 8 1 537 -1
46 6 1 ML-F3C 6 25 6 1 31 -1
46 6 2 ML-F3C 0 25 6 1 31 -1
46 6 3 ML-F3C 1 25 6 1 31 -1
46 6 4 ML-F3C 11 24 6 0 79 -1
46 6 5 ML-F3C 4 25 6 1 79 -1
46 6 6 ML-F3C 9 24 6 0 79 -1
46 6 7 ML-B3C 6 25 6 1 115 -1
46 7 2 ML-B3C 2 25 6 1 31 -1
46 7 3 ML-53C 3 25 6 1 31 -1
46 7 4 ML-53C 0 25 6 1 79 -1
46 7 5 ML-53C 1 25 6 1 79 -1
46 7 6 ML-T3C 5 25 6 1 79 -1
47 -7 -6 ML-T3C 5 7 2 1 351 -1
47 -7 -5 ML-53C 0 7 2 1 351 -1
47 -7 -4 ML-53C 1 7 2 1 351 -1
47 -7 -3 ML-53C 6 29 7 1 320 -1
47 -7 -2 ML-B3C 7 29 7 1 320 -1
47 -6 -7 ML-B3C 4 25 6 1 427 -1
47 -6 -6 ML-F3C 9 6 2 0 351 -1
47 -6 -5 ML-F3C 4 7 2 1 351 -1
47 -6 -4 ML-F3C 11 6 2 0 351 -1
47 -6 -3 ML-F3C 4 29 7 1 320 -1
47 -6 -2 ML-F3C 5 29 7 1 320 -1
47 -6 -1 ML-F3C 10 29 7 1 320 -1
47 -6 0 ML-T3C 0 27 6 3 271 -1
47 -5 -7 ML-F3C 11 24 6 0 427 -1
47 -5 -6 ML-F3C 3 25 6 1 427 -1
47 -5 -5 ML-F3C 8 6 2 0 351 -1
47 -5 -4 ML-F3C 3 7 2 1 351 -1
47 -5 -3 ML-F3C 10 6 2 0 351 -1
47 -5 -2 ML-F3C 3 29 7 1 320 -1
47 -5 -1 ML-F3C 9 29 7 1 320 -1
47 -5 0 ML-F3C 11 26 6 2 271 -1
47 -5 1 ML-F3C 5 27 6 3 271 -1
47 -4 -7 ML-F3C 0 25 6 1 427 -1
47 -4 -6 ML-F3C 10 24 6 0 427 -1
47 -4 -5 ML-F3C 2 25 6 1 427 -1
47 -4 -4 ML-F3C 7 6 2 0 351 -1
47 -4 -3 ML-53C 2 7 2 1 351 -1
47 -4 -2 ML-53C 2 29 7 1 320 -1
47 -4 -1 ML-F3C 8 29 7 1 320 -1
47 -4 0 ML-F3C 10 26 6 2 271 -1
47 -4 1 ML-F3C 3 27 6 3 271 -1
47 -4 2 ML-F3C 4 27 6 3 271 -1
47 -3 -7 ML-F3C 4 27 6 3 463 -1
47 -3 -6 ML-F3C 2 27 6 3 463 -1
47 -3 -5 ML-F3C 9 24 6 0 427 -1
47 -3 -4 ML-T3C 1 25 6 1 427 -1
47 -3 0 ML-B3C 9 26 6 2 271 -1
47 -3 1 ML-F3C 1 27 6 3 271 -1
47 -3 2 ML-F3C 2 27 6 3 271 -1
47 -3 3 ML-F3C 0 25 6 1 235 -1
47 -2 -7 ML-F3C 5 27 6 3 463 -1
47 -2 -6 ML-F3C 3 27 6 3 463 -1
47 -2 -5 ML-F3C 1 27 6 3 463 -1
47 -2 2 ML-F3C 9 24 6 0 235 -1
47 -2 3 ML-F3C 10 24 6 0 235 -1
47 -2 4 ML-F3C 11 24 6 0 235 -1
47 -1 -7 ML-T3C 0 27 6 3 463 -1
47 -1 -6 ML-F3C 11 26 6 2 463 -1
47 -1 -5 ML-F3C 10 26 6 2 463 -1
47 -1 -4 ML-B3C 9 26 6 2 463 -1
47 -1 2 ML-T3C 1 25 6 1 235 -1
47 -1 3 ML-F3C 2 25 6 1 235 -1
47 -1 4 ML-F3C 3 25 6 1 235 -1
47 -1 5 ML-B3C 4 25 6 1 235 -1
47 0 -6 ML-F3C 10 29 7 1 512 -1
47 0 -5 ML-F3C 9 29 7 1 512 -1
47 0 -4 ML-F3C 8 29 7 1 512 -1
47 0 0 TM-A5A6 5 25 6 1 43 -1
47 0 1 TM-A5A6 10 25 6 1 43 -1
47 0 2 TM-A5A6 3 26 6 2 43 -1
47 0 3 TM-A5A6 6 27 6 3 79 -1
47 0 3 ML-F3C 7 6 2 0 159 -1
47 0 4 TM-A5A6 11 27 6 3 79 -1
47 0 4 ML-F3C 8 6 2 0 159 -1
47 0 5 TM-A5A6 4 28 7 0 80 -1
47 0 5 ML-F3C 9 6 2 0 159 -1
47 0 6 TM-A5A6 11 29 7 1 128 -1
47 0 7 TM-A5A6 4 30 7 2 128 -1
47 0 8 TM-A5A6 9 30 7 2 128 -1
47 0 9 TM-A5A6 6 7 2 1 159 -1
47 0 10 TM-A5A6 11 7 2 1 159 -1
47 0 11 TM-A5A6 4 8 2 2 159 -1
47 0 12 TM-A5A6 5 25 6 1 235 -1
47 0 13 TM-A5A6 10 25 6 1 235 -1
47 0 14 TM-A5A6 3 26 6 2 235 -1
47 0 15 TM-A5A6 6 27 6 3 271 -1
47 0 16 TM-A5A6 11 27 6 3 271 -1
47 0 17 TM-A5A6 4 28 7 0 272 -1
47 0 18 TM-A5A6 11 29 7 1 320 -1
47 0 19 TM-A5A6 4 30 7 2 320 -1
47 0 20 TM-A5A6 9 30 7 2 320 -1
47 0 21 TM-A5A6 6 7 2 1 351 -1
47 0 22 TM-A5A6 11 7 2 1 351 -1
47 0 23 TM-A5A6 4 8 2 2 351 -1
47 0 24 TM-A5A6 5 25 6 1 427 -1
47 0 25 TM-A5A6 10 25 6 1 427 -1
47 0 26 TM-A5A6 3 26 6 2 427 -1
47 0 27 TM-A5A6 6 27 6 3 463 -1
47 0 28 TM-A5A6 11 27 6 3 463 -1
47 0 29 TM-A5A6 4 28 7 0 464 -1
47 0 30 TM-A5A6 11 29 7 1 512 -1
47 0 31 TM-A5A6 4 30 7 2 512 -1
47 0 32 TM-A5A6 9 30 7 2 512 -1
47 0 33 TM-A5A6 6 7 2 1 543 -1
47 0 34 TM-A5A6 11 7 2 1 543 -1
47 0 35 TM-A5A6 4 8 2 2 543 -1
47 1 -6 ML-B3C 7 29 7 1 512 -1
47 1 -5 ML-F3C 5 29 7 1 512 -1
47 1 -4 ML-F3C 3 29 7 1 512 -1
47 1 -3 ML-53C 2 29 7 1 512 -1
47 1 0 TM-B12 6 25 6 1 43 -1
47 1 1 TM-B12 11 25 6 1 43 -1
47 1 2 TM-B12 4 26 6 2 43 -1
47 1 3 TM-B12 7 27 6 3 79 -1
47 1 3 ML-53C 2 7 2 1 159 -1
47 1 4 TM-B12 0 28 7 0 80 -1
47 1 4 ML-F3C 3 7 2 1 159 -1
47 1 5 TM-B12 5 28 7 0 80 -1
47 1 5 ML-F3C 4 7 2 1 159 -1
47 1 6 TM-B12 0 30 7 2 128 -1
47 1 6 ML-T3C 5 7 2 1 159 -1
47 1 7 TM-B12 5 30 7 2 128 -1
47 1 8 TM-B12 10 30 7 2 128 -1
47 1 9 TM-B12 7 7 2 1 159 -1
47 1 10 TM-B12 0 8 2 2 159 -1
47 1 11 TM-B12 5 8 2 2 159 -1
47 1 12 TM-B12 6 25 6 1 235 -1
47 1 13 TM-B12 11 25 6 1 235 -1
47 1 14 TM-B12 4 26 6 2 235 -1
47 1 15 TM-B12 7 27 6 3 271 -1
47 1 16 TM-B12 0 28 7 0 272 -1
47 1 17 TM-B12 5 28 7 0 272 -1
47 1 18 TM-B12 0 30 7 2 320 -1
47 1 19 TM-B12 5 30 7 2 320 -1
47 1 20 TM-B12 10 30 7 2 320 -1
47 1 21 TM-B12 7 7 2 1 351 -1
47 1 22 TM-B12 0 8 2 2 351 -1
47 1 23 TM-B12 5 8 2 2 351 -1
47 1 24 TM-B12 6 25 6 1 427 -1
47 1 25 TM-B12 11 25 6 1 427 -1
47 1 26 TM-B12 4 26 6 2 427 -1
47 1 27 TM-B12 7 27 6 3 463 -1
47 1 28 TM-B12 0 28 7 0 464 -1
47 1 29 TM-B12 5 28 7 0 464 -1
47 1 30 TM-B12 0 30 7 2 512 -1
47 1 31 TM-B12 5 30 7 2 512 -1
47 1 32 TM-B12 10 30 7 2 512 -1
47 1 33 TM-B12 7 7 2 1 543 -1
47 1 34 TM-B12 0 8 2 2 543 -1
47 1 35 TM-B12 5 8 2 2 543 -1
47 2 -5 ML-53C 6 29 7 1 512 -1
47 2 -4 ML-F3C 4 29 7 1 512 -1
47 2 -3 ML-F3C 10 6 2 0 543 -1
47 2 -2 ML-53C 2 7 2 1 543 -1
47 2 0 TM-D8 7 25 6 1 43 -1
47 2 1 TM-D8 0 26 6 2 43 -1
47 2 2 TM-D8 5 26 6 2 43 -1
47 2 3 TM-D8 8 27 6 3 79 -1
47 2 3 ML-53C 2 29 7 1 128 -1
47 2 4 TM-D8 1 28 7 0 80 -1
47 2 4 ML-F3C 10 6 2 0 159 -1
47 2 5 TM-D8 6 28 7 0 80 -1
47 2 5 ML-F3C 11 6 2 0 159 -1
47 2 6 TM-D8 1 30 7 2 128 -1
47 2 6 ML-53C 0 7 2 1 159 -1
47 2 7 TM-D8 6 30 7 2 128 -1
47 2 8 TM-D8 11 30 7 2 128 -1
47 2 9 TM-D8 8 7 2 1 159 -1
47 2 10 TM-D8 1 8 2 2 159 -1
47 2 11 TM-D8 6 8 2 2 159 -1
47 2 12 TM-D8 7 25 6 1 235 -1
47 2 13 TM-D8 0 26 6 2 235 -1
47 2 14 TM-D8 5 26 6 2 235 -1
47 2 15 TM-D8 8 27 6 3 271 -1
47 2 16 TM-D8 1 28 7 0 272 -1
47 2 17 TM-D8 6 28 7 0 272 -1
47 2 18 TM-D8 1 30 7 2 320 -1
47 2 19 TM-D8 6 30 7 2 320 -1
47 2 20 TM-D8 11 30 7 2 320 -1
47 2 21 TM-D8 8 7 2 1 351 -1
47 2 22 TM-D8 1 8 2 2 351 -1
47 2 23 TM-D8 6 8 2 2 351 -1
47 2 24 TM-D8 7 25 6 1 427 -1
47 2 25 TM-D8 0 26 6 2 427 -1
47 2 26 TM-D8 5 26 6 2 427 -1
47 2 27 TM-D8 8 27 6 3 463 -1
47 2 28 TM-D8 1 28 7 0 464 -1
47 2 29 TM-D8 6 28 7 0 464 -1
47 2 30 TM-D8 1 30 7 2 512 -1
47 2 31 TM-D8 6 30 7 2 512 -1
47 2 32 TM-D8 11 30 7 2 512 -1
47 2 33 TM-D8 8 7 2 1 543 -1
47 2 34 TM-D8 1 8 2 2 543 -1
47 2 35 TM-D8 6 8 2 2 543 -1
47 3 -4 ML-53C 1 7 2 1 543 -1
47 3 -3 ML-F3C 11 6 2 0 543 -1
47 3 -2 ML-F3C 3 7 2 1 543 -1
47 3 -1 ML-F3C 7 6 2 0 543 -1
47 3 0 ML-T3C 1 25 6 1 43 -1
47 3 0 TM-E8 8 25 6 1 43 -1
47 3 1 TM-E8 1 26 6 2 43 -1
47 3 2 TM-E8 6 26 6 2 43 -1
47 3 2 ML-B3C 9 26 6 2 79 -1
47 3 3 TM-E8 9 27 6 3 79 -1
47 3 3 ML-F3C 8 29 7 1 128 -1
47 3 4 TM-E8 2 28 7 0 80 -1
47 3 4 ML-F3C 3 29 7 1 128 -1
47 3 5 TM-E8 7 28 7 0 80 -1
47 3 5 ML-F3C 4 29 7 1 128 -1
47 3 6 TM-E8 2 30 7 2 128 -1
47 3 6 ML-53C 1 7 2 1 159 -1
47 3 7 TM-E8 7 30 7 2 128 -1
47 3 8 TM-E8 0 31 7 3 128 -1
47 3 9 TM-E8 9 7 2 1 159 -1
47 3 10 TM-E8 2 8 2 2 159 -1
47 3 11 TM-E8 7 8 2 2 159 -1
47 3 12 TM-E8 8 25 6 1 235 -1
47 3 13 TM-E8 1 26 6 2 235 -1
47 3 14 TM-E8 6 26 6 2 235 -1
47 3 15 TM-E8 9 27 6 3 271 -1
47 3 16 TM-E8 2 28 7 0 272 -1
47 3 17 TM-E8 7 28 7 0 272 -1
47 3 18 TM-E8 2 30 7 2 320 -1
47 3 19 TM-E8 7 30 7 2 320 -1
47 3 20 TM-E8 0 31 7 3 320 -1
47 3 21 TM-E8 9 7 2 1 351 -1
47 3 22 TM-E8 2 8 2 2 351 -1
47 3 23 TM-E8 7 8 2 2 351 -1
47 3 24 TM-E8 8 25 6 1 427 -1
47 3 25 TM-E8 1 26 6 2 427 -1
47 3 26 TM-E8 6 26 6 2 427 -1
47 3 27 TM-E8 9 27 6 3 463 -1
47 3 28 TM-E8 2 28 7 0 464 -1
47 3 29 TM-E8 7 28 7 0 464 -1
47 3 30 TM-E8 2 30 7 2 512 -1
47 3 31 TM-E8 7 30 7 2 512 -1
47 3 32 TM-E8 0 31 7 3 512 -1
47 3 33 TM-E8 9 7 2 1 543 -1
47 3 34 TM-E8 2 8 2 2 543 -1
47 3 35 TM-E8 7 8 2 2 543 -1
47 4 -3 ML-53C 0 7 2 1 543 -1
47 4 -2 ML-F3C 4 7 2 1 543 -1
47 4 -1 ML-F3C 8 6 2 0 543 -1
47 4 0 ML-F3C 2 25 6 1 43 -1
47 4 0 TM-G6 9 25 6 1 43 -1
47 4 1 ML-F3C 9 24 6 0 43 -1
47 4 1 TM-G6 2 26 6 2 43 -1
47 4 2 TM-G6 7 26 6 2 43 -1
47 4 2 ML-F3C 1 27 6 3 79 -1
47 4 3 ML-F3C 10 26 6 2 79 -1
47 4 3 TM-G6 10 27 6 3 79 -1
47 4 4 TM-G6 3 28 7 0 80 -1
47 4 4 ML-F3C 9 29 7 1 128 -1
47 4 5 TM-G6 8 28 7 0 80 -1
47 4 5 ML-F3C 5 29 7 1 128 -1
47 4 6 ML-53C 6 29 7 1 128 -1
47 4 6 TM-G6 3 30 7 2 128 -1
47 4 7 TM-G6 8 30 7 2 128 -1
47 4 8 TM-G6 1 31 7 3 128 -1
47 4 9 TM-G6 10 7 2 1 159 -1
47 4 10 TM-G6 3 8 2 2 159 -1
47 4 11 TM-G6 8 8 2 2 159 -1
47 4 12 TM-G6 9 25 6 1 235 -1
47 4 13 TM-G6 2 26 6 2 235 -1
47 4 14 TM-G6 7 26 6 2 235 -1
47 4 15 TM-G6 10 27 6 3 271 -1
47 4 16 TM-G6 3 28 7 0 272 -1
47 4 17 TM-G6 8 28 7 0 272 -1
47 4 18 TM-G6 3 30 7 2 320 -1
47 4 19 TM-G6 8 30 7 2 320 -1
47 4 20 TM-G6 1 31 7 3 320 -1
47 4 21 TM-G6 10 7 2 1 351 -1
47 4 22 TM-G6 3 8 2 2 351 -1
47 4 23 TM-G6 8 8 2 2 351 -1
47 4 24 TM-G6 9 25 6 1 427 -1
47 4 25 TM-G6 2 26 6 2 427 -1
47 4 26 TM-G6 7 26 6 2 427 -1
47 4 27 TM-G6 10 27 6 3 463 -1
47 4 28 TM-G6 3 28 7 0 464 -1
47 4 29 TM-G6 8 28 7 0 464 -1
47 4 30 TM-G6 3 30 7 2 512 -1
47 4 31 TM-G6 8 30 7 2 512 -1
47 4 32 TM-G6 1 31 7 3 512 -1
47 4 33 TM-G6 10 7 2 1 543 -1
47 4 34 TM-G6 3 8 2 2 543 -1
47 4 35 TM-G6 8 8 2 2 543 -1
47 5 -2 ML-T3C 5 7 2 1 543 -1
47 5 -1 ML-F3C 9 6 2 0 543 -1
47 5 0 ML-F3C 3 25 6 1 43 -1
47 5 1 ML-F3C 10 24 6 0 43 -1
47 5 2 ML-F3C 2 27 6 3 79 -1
47 5 3 ML-F3C 3 27 6 3 79 -1
47 5 4 ML-F3C 11 26 6 2 79 -1
47 5 5 ML-F3C 10 29 7 1 128 -1
47 5 6 ML-B3C 7 29 7 1 128 -1
47 6 0 ML-B3C 4 25 6 1 43 -1
47 6 1 ML-F3C 11 24 6 0 43 -1
47 6 2 ML-F3C 0 25 6 1 43 -1
47 6 3 ML-F3C 4 27 6 3 79 -1
47 6 4 ML-F3C 5 27 6 3 79 -1
47 6 5 ML-T3C 0 27 6 3 79 -1